Procedimiento;TaskID;Equipo;Tarea;Fecha y Hora;Resultado;Planta;Área;Rutina;TipoActivo
LP - AA - Rutina 4;114910;RECINTO DE TANQUE 1300;Hay ausencia de MALEZA?;8/6/2026 20:23;No;LP;AA;4;Tanque
LP - AA - Rutina 4;114910;RESCINTO DE TANQUE 1301;Hay ausencia de Maleza?;8/6/2026 20:25;No;LP;AA;4;Tanque
LP - AA - Rutina 4;114910;RESCINTO DE TANQUE 1301;Se encuentran las camaras/rejillas destapadas y en condiciones?;8/6/2026 20:25;No;LP;AA;4;Tanque
LP - AA - Rutina 4;114910;J-1309 AM;Visualiza venteo de niebla?;8/6/2026 20:26;No;LP;AA;4;Bomba
LP - AA - Rutina 4;114910;J-1310 AM;Visualiza venteo de niebla?;8/6/2026 20:26;No;LP;AA;4;Bomba
LP - PTAI - Salida 1;117419;J-2301 M;El visor de aceite esta vacio?;13/6/2026 07:41;No;LP;PTAI;1;Bomba
LP - PTAI - Salida 1;117419;J-2301 BM;El visor de aceite esta vacio?;13/6/2026 07:41;No;LP;PTAI;1;Bomba
LP - PTAI - Salida 1;117419;J-2301 CM;El visor de aceite esta vacio?;13/6/2026 07:41;No;LP;PTAI;1;Bomba
LP - PTAI - Salida 1;117419;J-2303 M;El visor de aceite de niebla esta vacio?;13/6/2026 07:42;No;LP;PTAI;1;Bomba
LP - PTAI - Salida 1;117419;J-2303 AM;El visor de aceite de niebla esta vacio?;13/6/2026 07:42;No;LP;PTAI;1;Bomba
LP - PTAI - Salida 1;117419;J-28023 M;El visor de aceite de niebla esta vacio?;13/6/2026 07:49;No;LP;PTAI;1;Bomba
LP - PTAI - Salida 1;117419;J-28024 M;El visor de aceite de niebla esta vacio?;13/6/2026 07:49;No;LP;PTAI;1;Bomba
LP - PTAI - Salida 1;117419;J-2306 M;El decantador esta libre de agua?;13/6/2026 07:42;No;LP;PTAI;1;Bomba
LP - PTAI - Salida 1;117419;J-2306 M;La aceitera esta con nivel?;13/6/2026 07:42;No;LP;PTAI;1;Bomba
LP - PTAI - Salida 1;117419;J-2306 AM;El decantador esta libre de agua?;13/6/2026 07:42;No;LP;PTAI;1;Bomba
LP - PTAI - Salida 1;117419;J-2306 AM;La aceitera esta con nivel?;13/6/2026 07:42;No;LP;PTAI;1;Bomba
QUIM - MTBE - Rutina Operador;117281;;Purgar teton de O2118?;12/6/2026 21:36;No;QUIM;MTBE;#¡NUM!;Sin clasificar
QUIM - MTBE - Rutina Operador;117281;;Purgar teton de O2132?;12/6/2026 21:37;No;QUIM;MTBE;#¡NUM!;Sin clasificar
QUIM - MTBE - Rutina Operador;117281;;Reprocesar O3650/51?;12/6/2026 21:38;No;QUIM;MTBE;#¡NUM!;Sin clasificar
LP - PTAI - Salida 3;117429;J-28082 M;El visor de aceite de niebla esta vacio?;13/6/2026 07:55;No;LP;PTAI;3;Bomba
LP - PTAI - Salida 3;117429;J-28082 AM;El visor de aceite de niebla esta vacio?;13/6/2026 07:56;No;LP;PTAI;3;Bomba
LP - CKA - FOGUISTA;114699;J-328 AMN;El visor de aceite de niebla esta vacio?;8/6/2026 10:31;No;LP;CKA;#¡NUM!;Bomba
LP - CKA - FOGUISTA;114699;J-328 AMN;La presion de fluido barrera esta por encima de 6 kg/cm2?;8/6/2026 10:31;No;LP;CKA;#¡NUM!;Bomba
LP - CKA - FOGUISTA;114699;J-328 BMN;La presion de fluido barrera esta por encima de 6 kg/cm2?;8/6/2026 10:31;No;LP;CKA;#¡NUM!;Bomba
LP - CKA - FOGUISTA;114699;J-371 AMN;Se mantiene completo el LOTO?;8/6/2026 10:33;No;LP;CKA;#¡NUM!;Bomba
LP - CKA - FOGUISTA;114699;J-327 AMN;Visualiza venteo de niebla?;8/6/2026 10:33;No;LP;CKA;#¡NUM!;Bomba
LP - CKA - FOGUISTA;114699;J-327 AMN;El visor de aceite de niebla esta vacio?;8/6/2026 10:33;No;LP;CKA;#¡NUM!;Bomba
LP - CKA - FOGUISTA;114699;J-327 BMN;Visualiza venteo de niebla?;8/6/2026 10:33;No;LP;CKA;#¡NUM!;Bomba
LP - CKA - FOGUISTA;114699;J-327 BMN;El visor de aceite de niebla esta vacio?;8/6/2026 10:33;No;LP;CKA;#¡NUM!;Bomba
LP - PTAI - Salida 2;117427;J-28003 M;El visor de aceite de niebla esta vacio?;13/6/2026 07:54;No;LP;PTAI;2;Bomba
LP - PTAI - Salida 2;117427;J-28004 M;El visor de aceite de niebla esta vacio?;13/6/2026 07:54;No;LP;PTAI;2;Bomba
LP - PTAI - Salida 2;117427;J-28005 M;La aceitera esta con nivel?;13/6/2026 07:54;No;LP;PTAI;2;Bomba
LP - PTAI - Salida 2;117427;J-28006 M;El decantador esta libre de agua?;13/6/2026 07:55;No;LP;PTAI;2;Bomba
LP - PTAI - Salida 2;117427;J-28006 M;La aceitera esta con nivel?;13/6/2026 07:55;No;LP;PTAI;2;Bomba
LP - PTAI - Salida 2;117427;J-28006 M;La refrigeracion de la bomba circula correctamente?;13/6/2026 07:55;No;LP;PTAI;2;Bomba
LP - PTAI - Salida 2;117427;J-28007 M;El decantador esta libre de agua?;13/6/2026 07:55;No;LP;PTAI;2;Bomba
LP - PTAI - Salida 2;117427;J-28007 M;La aceitera esta con nivel?;13/6/2026 07:55;No;LP;PTAI;2;Bomba
LP - PTAI - Salida 2;117427;J-28007 M;La refrigeracion de la bomba circula correctamente?;13/6/2026 07:55;No;LP;PTAI;2;Bomba
LP - PTAI - Salida 2;117427;J-28031 M;El visor de aceite de niebla esta vacio?;13/6/2026 07:55;No;LP;PTAI;2;Bomba
LP - PTAI - Salida 2;117427;J-28032 M;El decantador esta libre de agua?;13/6/2026 07:55;No;LP;PTAI;2;Bomba
LP - PTAI - Salida 2;117427;J-28032 M;La aceitera esta con nivel?;13/6/2026 07:55;No;LP;PTAI;2;Bomba
LP - PTAI - Salida 2;117427;J-28032 M;La refrigeracion de la bomba circula correctamente?;13/6/2026 07:55;No;LP;PTAI;2;Bomba
LP - PTAI - Salida 2;117432;J-28010;El visor de aceite de niebla esta vacio?;13/6/2026 07:59;No;LP;PTAI;2;Bomba
LP - PTAI - Salida 2;117432;J-28011;El visor de aceite de niebla esta vacio?;13/6/2026 07:58;No;LP;PTAI;2;Bomba
LP - PTAI - Salida 2;117432;J-28013;El decantador esta libre de agua?;13/6/2026 07:58;No;LP;PTAI;2;Bomba
LP - PTAI - Salida 2;117432;J-28013;La aceitera esta con nivel?;13/6/2026 07:58;No;LP;PTAI;2;Bomba
LP - PTAI - Salida 2;117432;J-28013;La refrigeracion de la bomba circula correctamente?;13/6/2026 07:58;No;LP;PTAI;2;Bomba
LP - PTAI - Salida 2;117432;J-28014;El decantador esta libre de agua?;13/6/2026 07:58;No;LP;PTAI;2;Bomba
LP - PTAI - Salida 2;117432;J-28014;La aceitera esta con nivel?;13/6/2026 07:58;No;LP;PTAI;2;Bomba
LP - PTAI - Salida 2;117432;J-28014;La refrigeracion de la bomba circula correctamente?;13/6/2026 07:58;No;LP;PTAI;2;Bomba
LP - CKA - FOGUISTA;117449;J-371 AMN;Se mantiene completo el LOTO?;12/6/2026 19:55;No;LP;CKA;#¡NUM!;Bomba
LP - REDES - BBA FO Salida 0530;115130;EA-100;¿El equipo se lavo en este turno a contra corriente?;9/6/2026 06:05;No;LP;REDES;0530;Sin clasificar
LP - AA - Rutina 4;117457;J-1308;Visualiza venteo de niebla?;13/6/2026 08:27;No;LP;AA;4;Bomba
LP - AA - Rutina 4;117457;J-1308;El visor de aceite de niebla esta vacio?;13/6/2026 08:27;No;LP;AA;4;Bomba
LP - AA - Rutina 4;117457;J-1309 M;Visualiza venteo de niebla?;13/6/2026 08:26;No;LP;AA;4;Bomba
LP - AA - Rutina 4;117457;J-1309 M;El visor de aceite de niebla esta vacio?;13/6/2026 08:27;No;LP;AA;4;Bomba
LP - AA - Rutina 4;117458;RECINTO DE TANQUE 1300;Hay ausencia de MALEZA?;13/6/2026 08:29;No;LP;AA;4;Tanque
LP - AA - Rutina 4;117458;RESCINTO DE TANQUE 1301;Hay ausencia de Maleza?;13/6/2026 08:28;No;LP;AA;4;Tanque
LP - AA - Rutina 4;117458;RESCINTO DE TANQUE 1301;Se encuentran las camaras/rejillas destapadas y en condiciones?;13/6/2026 08:28;No;LP;AA;4;Tanque
LP - PDA - Rutina 3 Operador PDA;114347;PDA DRENAJES;Hay ausencia de hidrocarburos?;7/6/2026 20:23;No;LP;PDA;3;Sin clasificar
LP - PDA - Rutina 3 Operador PDA;114347;PDA TRINCHERA CALLE 10 E/ 29 Y 33;Hay ausencia de agua?;7/6/2026 20:23;No;LP;PDA;3;Sin clasificar
LP - PDA - Rutina 3 Operador PDA;114347;PDA TRINCHERA CALLE 10 E/ 29 Y 33;Hay ausencia de hidrocarburos?;7/6/2026 20:29;No;LP;PDA;3;Sin clasificar
LP - PDA - Rutina 3 Operador PDA;114347;PDA TRINCHERA CALLE 29;Hay ausencia de agua?;7/6/2026 20:30;No;LP;PDA;3;Sin clasificar
LP - PDA - Rutina 3 Operador PDA;114347;PDA TRINCHERA CALLE 29;Hay ausencia de hidrocarburos?;7/6/2026 20:30;No;LP;PDA;3;Sin clasificar
LP - CKA - FOGUISTA;117450;J-328 AMN;El visor de aceite de niebla esta vacio?;13/6/2026 08:19;No;LP;CKA;#¡NUM!;Bomba
LP - CKA - FOGUISTA;117450;J-328 AMN;La presion de fluido barrera esta por encima de 6 kg/cm2?;13/6/2026 08:19;No;LP;CKA;#¡NUM!;Bomba
LP - CKA - FOGUISTA;117450;J-328 BMN;La presion de fluido barrera esta por encima de 6 kg/cm2?;13/6/2026 08:19;No;LP;CKA;#¡NUM!;Bomba
LP - CKA - FOGUISTA;117450;J-371 AMN;Visualiza venteo de niebla?;13/6/2026 08:22;No;LP;CKA;#¡NUM!;Bomba
LP - CKA - FOGUISTA;117450;J-371 AMN;El visor de aceite de niebla esta vacio?;13/6/2026 08:22;No;LP;CKA;#¡NUM!;Bomba
LP - CKA - FOGUISTA;117450;J-327 AMN;Visualiza venteo de niebla?;13/6/2026 08:23;No;LP;CKA;#¡NUM!;Bomba
LP - CKA - FOGUISTA;117450;J-327 AMN;El visor de aceite de niebla esta vacio?;13/6/2026 08:23;No;LP;CKA;#¡NUM!;Bomba
LP - CKA - FOGUISTA;117450;J-327 BMN;Visualiza venteo de niebla?;13/6/2026 08:22;No;LP;CKA;#¡NUM!;Bomba
LP - CKA - FOGUISTA;117450;J-327 BMN;El visor de aceite de niebla esta vacio?;13/6/2026 08:22;No;LP;CKA;#¡NUM!;Bomba
LP - CKA - CAMARISTA;117428;J-305 AMN;Esta en Automatico?;13/6/2026 08:34;No;LP;CKA;#¡NUM!;Bomba
LP - CKA - CAMARISTA;117428;J-373 BMN;El nivel de fluido barrera esta OK?;13/6/2026 08:36;No;LP;CKA;#¡NUM!;Bomba
LP - CKA - CAMARISTA;117428;J-373 BMN;La presion de fluido barrera esta por encima de 6 kg/cm2?;13/6/2026 08:36;No;LP;CKA;#¡NUM!;Bomba
LP - CKA - CAMARISTA;117428;J-373 BMN;Se observa correcta circulacion de fluidos (plan API)?;13/6/2026 08:36;No;LP;CKA;#¡NUM!;Bomba
LP - CKA - CAMARISTA;117428;J-375 AMN;La presion de fluido barrera esta por encima de 6 kg/cm2?;13/6/2026 08:38;No;LP;CKA;#¡NUM!;Bomba
LP - CKA - CAMARISTA;117428;J-375 BMN;La presion de fluido barrera esta por encima de 6 kg/cm2?;13/6/2026 08:38;No;LP;CKA;#¡NUM!;Bomba
LP - CKA - CAMARISTA;117428;J-374 AMN;El nivel de fluido barrera esta OK?;13/6/2026 08:39;No;LP;CKA;#¡NUM!;Bomba
LP - CKA - CAMARISTA;117428;J-374 AMN;La presion de fluido barrera esta por encima de 6 kg/cm2?;13/6/2026 08:39;No;LP;CKA;#¡NUM!;Bomba
LP - CKA - CAMARISTA;117428;J-374 AMN;Hay ausencia de ruidos, vibraciones anormales y perdida de fluidos?;13/6/2026 08:39;No;LP;CKA;#¡NUM!;Bomba
LP - CKA - CAMARISTA;117428;DRENAJES;Es correcto el estado de rejilla?;13/6/2026 08:14;No;LP;CKA;#¡NUM!;Sin clasificar
LP - REDES - OP K15 1730;113710;J-9002 M;Pare remoto en servicio?;6/6/2026 16:08;No;LP;REDES;15;Bomba
LP - REDES - OP K15 1730;113710;J-2012;Pare remoto en servicio?;6/6/2026 16:11;No;LP;REDES;15;Bomba
LP - REDES - OP K15 1730;113710;J-2012;Hay ausencia de ruidos, vibraciones anormales y perdida de fluidos?;6/6/2026 16:11;No;LP;REDES;15;Bomba
LP - REDES - OP K15 1730;113710;L-1057 / CALLE 102;La iluminacion es correcta?;6/6/2026 16:18;No;LP;REDES;15;Sin clasificar
LP - AA - Rutina 1;117463;J-1304 AM;Se mantiene completo el LOTO?;13/6/2026 08:41;No;LP;AA;1;Bomba
LP - AA - Rutina 1;117463;J-1302 M;Se encuentra el calentamiento habilitado?;13/6/2026 08:39;No;LP;AA;1;Bomba
LP - AA - Rutina 1;117463;J-1303 M;la presion en el plan API se encuentra por encima de los 8 kg/cm2?;13/6/2026 08:38;No;LP;AA;1;Bomba
LP - AA - Rutina 1;117463;J-1303 AM;la presion en el plan API se encuentra por encima de los 8 kg/cm2?;13/6/2026 08:39;No;LP;AA;1;Bomba
LP - AA - Rutina 3;117468;CORRIENTE BAJOS FENOLES;Hay ausencia de HC?;13/6/2026 08:48;NO;LP;AA;3;Sin clasificar
LP - AA - Rutina 3;117468;TRINCHERAS CALLE 14 e/ 47 y 49;Hay ausencia de agua?;13/6/2026 08:48;NO;LP;AA;3;Sin clasificar
LP - BLENDING - Sala K13 Salida 0730;117470;J-2014 M;Se mantiene completo el LOTO?;13/6/2026 08:51;No;LP;BLENDING;13;Bomba
LP - BLENDING - Sala K13 Salida 0730;117470;J-2014 AM;Se mantiene completo el LOTO?;13/6/2026 08:51;No;LP;BLENDING;13;Bomba
LP - BLENDING - Sala K13 Salida 0730;117470;J-2025 MR;Se mantiene completo el LOTO?;13/6/2026 08:49;No;LP;BLENDING;13;Bomba
LP - BLENDING - Sala K13 Salida 0730;117470;CALLE 14 ENTRE 37 Y 39;valvula esta cerrada?;13/6/2026 09:11;No;LP;BLENDING;13;Sin clasificar
LP - BLENDING - Sala K13 Salida 0730;117470;CALLE 39 ENTRE 14 Y 2;valvula esta cerrada?;13/6/2026 09:11;No;LP;BLENDING;13;Sin clasificar
LP - BLENDING - Sala K13 Salida 0730;117470;CALLE 30 ENTRE TK 6404 Y LAS;Hay ausencia de nivel de agua?;13/6/2026 09:11;No;LP;BLENDING;13;Tanque
LP - BLENDING - Sala K13 Salida 0730;117470;CALLE 30 ENTRE TK 6404 Y LAS;valvula esta cerrada?;13/6/2026 09:11;No;LP;BLENDING;13;Tanque
LP - BLENDING - Sala K13 Salida 0730;117470;SENDA DE ESFERAS;valvula esta cerrada?;13/6/2026 09:12;No;LP;BLENDING;13;Sin clasificar
LP - CKB - General;117485;J505 M;Se observan fugas por la tapa o tapon de la retencion?;12/6/2026 20:18;No;LP;CKB;#¡NUM!;Sin clasificar
LP - CKB - General;117485;J505 AM;Se observan fugas por la tapa o tapon de la retencion?;12/6/2026 20:18;No;LP;CKB;#¡NUM!;Sin clasificar
LP - PDA - Rutina 3 Operador PDA;117480;PDA DRENAJES;Hay ausencia de hidrocarburos?;13/6/2026 08:56;No;LP;PDA;3;Sin clasificar
LP - PDA - Rutina 2 Operador PDA;117479;HORNO BA-201;El nivel del ha-201 se encuentra visible?;13/6/2026 08:54;No;LP;PDA;2;Horno
LP - PDA - Rutina 2 Operador PDA;117479;COMPRESOR JC-44201 MR;Hay ausencia de ruidos o vibraciones anormales?;13/6/2026 08:54;No;LP;PDA;2;Compresor
LP - PDA - Rutina 2 Operador PDA;117479;AEROENFRIADORES;JV-44230 M-Las correas se encuentran en buen estado?;13/6/2026 08:55;No;LP;PDA;2;Sin clasificar
LP - PDA - Rutina 2 Operador PDA;117479;AEROENFRIADORES;JV-44230 CM-Se mantiene completo el LOTO?;13/6/2026 08:55;No;LP;PDA;2;Sin clasificar
LP - REDES - Op U1100-1200;117425;JM-1201-B;Se mantiene completo el LOTO?;13/6/2026 08:11;No;LP;REDES;1100;Sin clasificar
LP - REDES - Op U1100-1200;117425;ISO 2;esta en automatico?;13/6/2026 08:22;No;LP;REDES;1100;Sin clasificar
LP - REDES - Op U1100-1200;117425;ISO 5;esta en automatico?;13/6/2026 08:23;No;LP;REDES;1100;Sin clasificar
LP - REDES - Op U1100-1200;117425;J-1220 BM;Se mantiene completo el LOTO?;13/6/2026 08:28;No;LP;REDES;1100;Bomba
LP - REDES - Op U1100-1200;117425;J-1220 CM;Se mantiene completo el LOTO?;13/6/2026 08:29;No;LP;REDES;1100;Bomba
LP - REDES - Op U1100-1200;117425;LUBRIMIST;La presion de envio es mayor a 40 mbar?;13/6/2026 08:47;No;LP;REDES;1100;Sin clasificar
LP - TOPP C - Rutina 5 Merichem;117461;J-868 M;Se mantiene completo el LOTO?;13/6/2026 08:36;No;LP;TOPP C;5;Bomba
LP - TOPP C - Rutina 5 Merichem;117461;J-861 M;Se mantiene completo el LOTO?;13/6/2026 08:35;No;LP;TOPP C;5;Bomba
LP - TOPP C - Rutina 5 Merichem;117461;COMPRESOR JC 801 AM;La aceitera esta con nivel?;13/6/2026 08:34;No;LP;TOPP C;5;Compresor
LP - TOPP C - Rutina 4;117454;HORNO BA 801;Se encuentran todos los pilotos encendidos?;13/6/2026 08:22;No;LP;TOPP C;4;Horno
LP - TOPP C - Rutina 4;117454;HORNO BA 801;Exceso de Oxigeno;13/6/2026 08:22;No;LP;TOPP C;4;Horno
LP - TOPP C - Rutina 4;117454;CENTRALINA SELLOS DOBLES;Hay ausencia de bombas desabilitadas de proceso en el tablero?;13/6/2026 08:23;No;LP;TOPP C;4;Sin clasificar
LP - TOPP C - Rutina 4;117454;SENTINA COQUE A VIEJO;Hay ausencia de Hidrocarburo?;13/6/2026 08:24;No;LP;TOPP C;4;Sin clasificar
LP - TOPP C - Rutina 4;117454;SENTINA COQUE A VIEJO;La J-370M se encuentra disponible?;13/6/2026 08:24;No;LP;TOPP C;4;Sin clasificar
LP - TOPP C - Rutina 4;117454;TRINCHERAS CALLE 14 e/ 47 Y 49 / CALLE 49 ENTRE 14 Y 30;Hay ausencia de agua?;13/6/2026 08:25;No;LP;TOPP C;4;Sin clasificar
LP - TOPP C - Rutina 1;117446;J-805 AM;la refrigeracion a los sellos es menor a 60C?;13/6/2026 08:15;No;LP;TOPP C;1;Bomba
LP - TOPP D - Rutina 1 Op B;117493;J-1865 M;La presion de fluido barrera esta por debajo de 0,200 kg/cm2?;13/6/2026 09:20;No;LP;TOPP D;1;Bomba
LP - TOPP D - Rutina 4 Op B;117492;DRENAJES;¿Hay ausencia de hidrocarburos?;12/6/2026 20:56;NO;LP;TOPP D;4;Sin clasificar
LP - Vaco LUB - Rutina 1 Operador;117465;J-43102 M;El visor de aceite de niebla esta vacio?;13/6/2026 08:46;No;LP;Vaco LUB;1;Bomba
LP - Vaco LUB - Rutina 1 Operador;117465;J-43102 T;Visualiza venteo de niebla?;13/6/2026 08:46;No;LP;Vaco LUB;1;Bomba
LP - Vaco LUB - Rutina 1 Operador;117465;J-43103 M;El visor de aceite de niebla esta vacio?;13/6/2026 08:45;No;LP;Vaco LUB;1;Bomba
LP - Vaco LUB - Rutina 1 Operador;117465;J-43103 AM;El visor de aceite de niebla esta vacio?;13/6/2026 08:45;No;LP;Vaco LUB;1;Bomba
LP - Vaco LUB - Rutina 1 Operador;117465;J-44113 M;El visor de aceite de niebla esta vacio?;13/6/2026 08:47;No;LP;Vaco LUB;1;Bomba
LP - Vaco LUB - Rutina 1 Operador;117465;J-44113 AM;El visor de aceite de niebla esta vacio?;13/6/2026 08:47;No;LP;Vaco LUB;1;Bomba
LP - Vaco LUB - Rutina 1 Operador;117465;J-44112 M;El visor de aceite de niebla esta vacio?;13/6/2026 08:47;No;LP;Vaco LUB;1;Bomba
LP - Vaco LUB - Rutina 1 Operador;117465;J-44112 AM;El visor de aceite de niebla esta vacio?;13/6/2026 08:47;No;LP;Vaco LUB;1;Bomba
LP - Vaco LUB - Rutina 1 Operador;117465;J-43101 M;El visor de aceite de niebla esta vacio?;13/6/2026 08:47;No;LP;Vaco LUB;1;Bomba
LP - Vaco LUB - Rutina 1 Operador;117465;J-43101 T;El visor de aceite de niebla esta vacio?;13/6/2026 08:48;No;LP;Vaco LUB;1;Bomba
LP - Vaco LUB - Rutina 1 Operador;117465;J-43108 MR;El visor de aceite de niebla esta vacio?;13/6/2026 08:48;No;LP;Vaco LUB;1;Bomba
LP - Vaco LUB - Rutina 1 Operador;117465;J-43108 T;El visor de aceite de niebla esta vacio?;13/6/2026 08:48;No;LP;Vaco LUB;1;Bomba
LP - Vaco LUB - Rutina 1 Operador;117465;J-43109 M;El visor de aceite de niebla esta vacio?;13/6/2026 08:49;No;LP;Vaco LUB;1;Bomba
LP - Vaco LUB - Rutina 1 Operador;117465;J-43109 M;Se observa correcta circulacion de fluidos?;13/6/2026 08:49;No;LP;Vaco LUB;1;Bomba
LP - Vaco LUB - Rutina 1 Operador;117465;J-43109 AM;El visor de aceite de niebla esta vacio?;13/6/2026 08:49;No;LP;Vaco LUB;1;Bomba
LP - Vaco LUB - Rutina 1 Operador;117465;J-43104 M;El visor de aceite de niebla esta vacio?;13/6/2026 08:50;No;LP;Vaco LUB;1;Bomba
LP - Vaco LUB - Rutina 1 Operador;117465;J-43104 AM;El visor de aceite de niebla esta vacio?;13/6/2026 08:50;No;LP;Vaco LUB;1;Bomba
LP - Vaco LUB - Rutina 1 Operador;117465;J-43105 M;El visor de aceite de niebla esta vacio?;13/6/2026 08:51;No;LP;Vaco LUB;1;Bomba
LP - Vaco LUB - Rutina 1 Operador;117465;J-43106 AM;El visor de aceite de niebla esta vacio?;13/6/2026 08:52;No;LP;Vaco LUB;1;Bomba
LP - Vaco LUB - Rutina 1 Operador;117465;J-43107 M;El visor de aceite de niebla esta vacio?;13/6/2026 08:52;No;LP;Vaco LUB;1;Bomba
LP - Vaco LUB - Rutina 1 Operador;117465;J-43107 M;Se observa correcta circulacion de fluidos?;13/6/2026 08:52;No;LP;Vaco LUB;1;Bomba
LP - Vaco LUB - Rutina 1 Operador;117465;J-43110 M;El visor de aceite de niebla esta vacio?;13/6/2026 08:41;No;LP;Vaco LUB;1;Bomba
LP - Vaco LUB - Rutina 1 Operador;117465;J-43110 T;El visor de aceite de niebla esta vacio?;13/6/2026 08:41;No;LP;Vaco LUB;1;Bomba
LP - Vaco LUB - Rutina 1 Operador;117465;J-43111 M;El visor de aceite de niebla esta vacio?;13/6/2026 08:43;No;LP;Vaco LUB;1;Bomba
LP - Vaco LUB - Rutina 1 Operador;117465;J-43111 AM;El visor de aceite de niebla esta vacio?;13/6/2026 08:43;No;LP;Vaco LUB;1;Bomba
LP - Vaco LUB - Rutina 1 Operador;117465;J-43114 M;El visor de aceite de niebla esta vacio?;13/6/2026 08:43;No;LP;Vaco LUB;1;Bomba
LP - Vaco LUB - Rutina 1 Operador;117465;J-43114 AM;El visor de aceite de niebla esta vacio?;13/6/2026 08:44;No;LP;Vaco LUB;1;Bomba
LP - Vaco LUB - Rutina 2 Operador;117477;QUEMADOR 1;Se encuentran todos los pilotos encendidos?;13/6/2026 08:53;No;LP;Vaco LUB;2;Sin clasificar
LP - Vaco LUB - Rutina 2 Operador;117477;QUEMADOR 2;Se encuentran todos los pilotos encendidos?;13/6/2026 08:53;No;LP;Vaco LUB;2;Sin clasificar
LP - Vaco LUB - Rutina 2 Operador;117477;QUEMADOR 3;Se encuentran todos los pilotos encendidos?;13/6/2026 08:53;No;LP;Vaco LUB;2;Sin clasificar
LP - Vaco LUB - Rutina 2 Operador;117477;QUEMADOR 4;Se encuentran todos los pilotos encendidos?;13/6/2026 08:53;No;LP;Vaco LUB;2;Sin clasificar
LP - Vaco LUB - Rutina 2 Operador;117477;QUEMADOR 5;Se encuentran todos los pilotos encendidos?;13/6/2026 08:53;No;LP;Vaco LUB;2;Sin clasificar
LP - Vaco LUB - Rutina 2 Operador;117477;QUEMADOR 6;Se encuentran todos los pilotos encendidos?;13/6/2026 08:53;No;LP;Vaco LUB;2;Sin clasificar
LP - Vaco LUB - Rutina 2 Operador;117477;QUEMADOR 7;Se encuentran todos los pilotos encendidos?;13/6/2026 08:53;No;LP;Vaco LUB;2;Sin clasificar
LP - Vaco LUB - Rutina 2 Operador;117477;QUEMADOR 8;Se encuentran todos los pilotos encendidos?;13/6/2026 08:53;No;LP;Vaco LUB;2;Sin clasificar
PH - Platforming - RC A-300 Dosificaciones;117459;DOSIFICACIONES;Se realizo draguer de HCL? (SI/NO);13/6/2026 08:32;NO;PH;Platforming;#¡NUM!;Sin clasificar
PH - Platforming - RC A-300 Dosificaciones;117459;DOSIFICACIONES;Se realizo draguer de H2S ? (SI/NO);13/6/2026 08:32;NO;PH;Platforming;#¡NUM!;Sin clasificar
PH - Refinacion - RE_A-10000_RC;117462;A-10000;Australiano con barros? (SI/NO);13/6/2026 08:41;No;PH;Refinacion;#¡NUM!;Sin clasificar
PH - Refinacion - RE_A-1000 RC;117498;API;Barredor de fondo disponible? (SI/NO);13/6/2026 09:16;No;PH;Refinacion;#¡NUM!;Sin clasificar
PH - Refinacion - RE_A-1000 RC;117498;API;Barredor de superficie disponible? (SI/NO);13/6/2026 09:16;No;PH;Refinacion;#¡NUM!;Sin clasificar
PH - Refinacion - RE_A-1000 RC;117498;DAF-1000;Barredor superficial disponible?;13/6/2026 09:19;No;PH;Refinacion;#¡NUM!;Sin clasificar
LP - REDES - BBA CRUDO R0730;117424;J-60646 M;Hay ausencia de ruidos, vibraciones anormales y perdida de fluidos?;13/6/2026 07:45;No;LP;REDES;0730;Bomba
LP - REDES - BBA CRUDO R0730;117424;ENTRESENDAS TK-267 y TK-263;Hay ausencia de hidrocarburos?;13/6/2026 08:03;No;LP;REDES;0730;Tanque
LP - REDES - BBA CRUDO R0730;117424;DRENAJES;Hay ausencia de hidrocarburos?;13/6/2026 08:03;No;LP;REDES;0730;Sin clasificar
LP - REDES - BBA CRUDO R0730;117424;DRENAJES;Hay ausencia de hidrocarburos?;13/6/2026 08:00;No;LP;REDES;0730;Sin clasificar
LP - REDES - BBA CRUDO R0730;117424;ENTRESENDAS TK-6012;Hay ausencia de hidrocarburos?;13/6/2026 09:59;No;LP;REDES;0730;Tanque
LP - REDES - BBA CRUDO R0730;117424;ENTRESENDAS TK-6012;Hay ausencia de perdidas en caerias de trinchera?;13/6/2026 09:59;No;LP;REDES;0730;Tanque
LP - REDES - BBA CRUDO R0730;117424;DRENAJES;Hay ausencia de hidrocarburos?;13/6/2026 10:00;No;LP;REDES;0730;Sin clasificar
PH - Refinacion - RE_A-600 RC;117481;CALDERA B-601;Extraccion (SI/NO);13/6/2026 09:02;NO;PH;Refinacion;#¡NUM!;Sin clasificar
PH - Refinacion - RE_A-600 RC;117481;CALDERA B-602;Extraccion (SI/NO);13/6/2026 09:00;NO;PH;Refinacion;#¡NUM!;Sin clasificar
QUIM - PAO - Servicios;117442;SERVICIOS;Verificar ingreso de aire a O2381C. Si esta neutralizado debe estar habilitado;13/6/2026 08:11;No;QUIM;PAO;#¡NUM!;Sin clasificar
QUIM - PAO - Servicios;117442;SERVICIOS;Verificar presencia de Green Oil en linea de H2. PV25310;13/6/2026 08:12;No;QUIM;PAO;#¡NUM!;Sin clasificar
QUIM - PAO - Servicios;117442;SERVICIOS;Sacar muestras de rutina;13/6/2026 08:13;No;QUIM;PAO;#¡NUM!;Sin clasificar
QUIM - PAO - Servicios;117442;SERVICIOS;Transferir desde P2043 a O2381C;13/6/2026 08:13;No;QUIM;PAO;#¡NUM!;Sin clasificar
QUIM - PAO - Servicios;117442;SERVICIOS;Lavar linea desde J2041;13/6/2026 08:13;No;QUIM;PAO;#¡NUM!;Sin clasificar
LP - CKA - COMPRESORISTA;;J-358 BMN;El nivel de fluido barrera esta OK?;6/6/2026 11:03;No;LP;CKA;#¡NUM!;Bomba
LP - CKA - COMPRESORISTA;;J-311 AMN;El nivel de fluido barrera esta OK?;6/6/2026 11:03;No;LP;CKA;#¡NUM!;Bomba
LP - CKA - COMPRESORISTA;;J-311 AMN;La presion de fluido barrera esta en 0 kg/cm2?;6/6/2026 11:03;No;LP;CKA;#¡NUM!;Bomba
LP - CKA - COMPRESORISTA;;J-315 BMN;El nivel de fluido barrera esta OK?;6/6/2026 11:04;No;LP;CKA;#¡NUM!;Bomba
LP - CKA - COMPRESORISTA;;J-315 BMN;La presion de fluido barrera esta en 0 kg/cm2?;6/6/2026 11:04;No;LP;CKA;#¡NUM!;Bomba
LP - CKA - COMPRESORISTA;;J-364 BMN;El nivel de fluido barrera esta OK?;6/6/2026 11:05;No;LP;CKA;#¡NUM!;Bomba
LP - ISOHTNCA - R 1 (07:30 hs);;F-1754;Esta abierta la H?;13/6/2026 07:06;No;LP;ISOHTNCA;1;Sin clasificar
LP - ISOHTNCA - R 1 (07:30 hs);;LUBRIMIST PENEX;La presion de envio es mayor a 40 mbar?;13/6/2026 07:11;No;LP;ISOHTNCA;1;Sin clasificar
LP - ISOHTNCA - R 1 (07:30 hs);;JM-1751 M1;La presion de fluido barrera esta por encima de 30 kg/cm2?;13/6/2026 07:15;No;LP;ISOHTNCA;1;Sin clasificar
LP - ISOHTNCA - R 1 (07:30 hs);;JM-1751 AM1;La presion de fluido barrera esta por encima de 30 kg/cm2?;13/6/2026 07:15;No;LP;ISOHTNCA;1;Sin clasificar
LP - ISOHTNCA - R 1 (07:30 hs);;J-1752 M;El nivel de fluido de barrera esta OK?;13/6/2026 07:17;No;LP;ISOHTNCA;1;Bomba
LP - ISOHTNCA - R 1 (07:30 hs);;J-1752 M;La presion de fluido barrera es 0 kg/cm2?;13/6/2026 07:18;No;LP;ISOHTNCA;1;Bomba
LP - ISOHTNCA - R 1 (07:30 hs);;J-1704 AM;Hay ausencia de ruidos, vibraciones anormales o perdida de fluidos?;13/6/2026 07:23;No;LP;ISOHTNCA;1;Bomba
LP MEK R2 Op Filtros 2;117535;JF-40405 MR;Se observa correcta iluminacion?;13/6/2026 11:16;No;None;None;#¡NUM!;Filtro
LP MEK R2 Op Filtros 2;117535;JF-40407 MR;Se mantiene completo el LOTO?;13/6/2026 11:16;No;None;None;#¡NUM!;Filtro
LP MEK R2 Op Filtros 2;117535;JF-40409 MR;Se observa correcta iluminacion?;13/6/2026 11:16;No;None;None;#¡NUM!;Filtro
LP MEK R2 Op Filtros 2;117535;JF-40409 MR;El solvente frio esta habilitado?;13/6/2026 11:16;No;None;None;#¡NUM!;Filtro
LP MEK R2 Op Filtros 2;117535;JF-40411 MR;Se observa correcta iluminacion?;13/6/2026 11:17;No;None;None;#¡NUM!;Filtro
LP - PLATFORMING - R1 (07:30 hs);117421;J-1936 M;Esta en Automatico?;13/6/2026 07:47;No;LP;PLATFORMING;1;Bomba
LP - REDES - BBA CRUDO R1130;117513;J-60647;Hay ausencia de ruidos, vibraciones anormales y perdida de fluidos?;13/6/2026 11:02;No;LP;REDES;1130;Bomba
LP - REDES - BBA CRUDO R1130;117513;J-60646 M;Hay ausencia de ruidos, vibraciones anormales y perdida de fluidos?;13/6/2026 11:03;No;LP;REDES;1130;Bomba
LP - REDES - BBA CRUDO R1130;117513;TK-256;El pasto del recinto esta corto?;13/6/2026 11:04;No;LP;REDES;1130;Tanque
LP - REDES - BBA CRUDO R1130;117513;TK-256;El tanque fue purgado en el turno?;13/6/2026 11:04;No;LP;REDES;1130;Tanque
LP - REDES - BBA CRUDO R1130;117513;TK-258;La iluminacion del tanque es correcta?;13/6/2026 11:05;No;LP;REDES;1130;Tanque
LP - REDES - BBA CRUDO R1130;117513;TK-258;El pasto del recinto esta corto?;13/6/2026 11:05;No;LP;REDES;1130;Tanque
LP - REDES - BBA CRUDO R1130;117513;TK-258;El tanque fue purgado en el turno?;13/6/2026 11:05;No;LP;REDES;1130;Tanque
LP - REDES - BBA CRUDO R1130;117513;TK-261;El pasto del recinto esta corto?;13/6/2026 11:12;No;LP;REDES;1130;Tanque
LP - REDES - BBA CRUDO R1130;117513;TK-261;El tanque fue purgado en el turno?;13/6/2026 11:13;No;LP;REDES;1130;Tanque
LP - REDES - BBA CRUDO R1130;117513;TK-263;El pasto del recinto esta corto?;13/6/2026 11:16;No;LP;REDES;1130;Tanque
LP - REDES - BBA CRUDO R1130;117513;TK-263;El tanque fue purgado en el turno?;13/6/2026 11:16;No;LP;REDES;1130;Tanque
LP - REDES - BBA CRUDO R1130;117513;TK-267;El pasto del recinto esta corto?;13/6/2026 11:21;No;LP;REDES;1130;Tanque
LP - REDES - BBA CRUDO R1130;117513;TK-267;El tanque fue purgado en el turno?;13/6/2026 11:21;No;LP;REDES;1130;Tanque
LP - REDES - BBA CRUDO R1130;117513;TK-6010;El pasto del recinto esta corto?;13/6/2026 11:26;No;LP;REDES;1130;Tanque
LP - REDES - BBA CRUDO R1130;117513;TK-6010;El tanque fue purgado en el turno?;13/6/2026 11:26;No;LP;REDES;1130;Tanque
LP - REDES - BBA FO Salida 0730;117456;J-61043;La asistencia de vapor esta habilitada?;13/6/2026 08:24;No;LP;REDES;0730;Bomba
LP - REDES - BBA FO Salida 0730;117456;J-61048 M;El nivel de aceite esta OK?;13/6/2026 08:25;No;LP;REDES;0730;Bomba
LP - REDES - BBA FO Salida 1130;117556;TK-6512;¿La iluminacion del tanque es correcta?;13/6/2026 11:40;No;LP;REDES;1130;Tanque
LP - REDES - BBA FO Salida 1130;117556;TK-6512;¿El pasto del recinto esta corto?;13/6/2026 11:40;No;LP;REDES;1130;Tanque
LP - REDES - BBA FO Salida 1130;117556;TK-6512;¿El tanque fue purgado en el turno?;13/6/2026 11:40;No;LP;REDES;1130;Tanque
LP - REDES - BBA FO Salida 1130;117556;TK-6508;¿La iluminacion del tanque es correcta?;13/6/2026 11:52;No;LP;REDES;1130;Tanque
LP - REDES - BBA FO Salida 1130;117556;TK-6509;¿El tanque fue purgado en el turno?;13/6/2026 11:52;No;LP;REDES;1130;Tanque
LP - REDES - BBA FO Salida 1130;117556;TK-6510;¿El tanque fue purgado en el turno?;13/6/2026 11:53;No;LP;REDES;1130;Tanque
LP - REDES - Rutina TH;117418;J-22602 TR;el equipo se encuentra rotando?;13/6/2026 08:27;No;LP;REDES;#¡NUM!;Bomba
LP - REDES - Rutina TH;117418;JQ-22301 M;esta en automatico?;13/6/2026 09:04;No;LP;REDES;#¡NUM!;Bomba
LP - REDES - Rutina TH;117418;J-22303 TR;El aspecto del aceite esta correcto?;13/6/2026 09:05;No;LP;REDES;#¡NUM!;Bomba
LP - REDES - Rutina TH;117418;JQ-22303 M;Esta en automatico?;13/6/2026 09:05;No;LP;REDES;#¡NUM!;Bomba
LP - REDES - Rutina TH;117418;JQ-22304 M;esta en automatico?;13/6/2026 09:06;No;LP;REDES;#¡NUM!;Bomba
QUIM - MTBE - Rutina Operador;117416;;Reprocesar O3650/51?;13/6/2026 08:01;No;QUIM;MTBE;#¡NUM!;Sin clasificar
QUIM - MTBE - Rutina Operador;117548;;Reprocesar O3650/51?;13/6/2026 12:03;No;QUIM;MTBE;#¡NUM!;Sin clasificar
QUIM - PAO - SSAA Efluentes;115131;;Pescar producto organico;9/6/2026 06:06;No;QUIM;PAO;#¡NUM!;Sin clasificar
QUIM - PAO - SSAA Efluentes;115131;;Enviar producto organica a slop via J3202;9/6/2026 06:06;No;QUIM;PAO;#¡NUM!;Sin clasificar
QUIM - PAO - SSAA Efluentes;115131;;Dosificacion a pulmon;9/6/2026 06:06;No;QUIM;PAO;#¡NUM!;Sin clasificar
QUIM - PAO - SSAA Efluentes;115131;;Verificar dosificacion a pulmon;9/6/2026 06:06;No;QUIM;PAO;#¡NUM!;Sin clasificar
QUIM - PAO - SSAA Efluentes;115131;;Enviar purga de barros a piletas de secado;9/6/2026 06:07;No;QUIM;PAO;#¡NUM!;Sin clasificar
QUIM - PAO - SSAA Efluentes;115131;;Transferir P3201A a P2066;9/6/2026 06:08;No;QUIM;PAO;#¡NUM!;Sin clasificar
QUIM - PAO - SSAA Efluentes;115131;;Recirculado de barro se realizo (poner en marcha J3207 una vez por turno);9/6/2026 06:08;No;QUIM;PAO;#¡NUM!;Sin clasificar
QUIM - S100 - Recorrida de Planta;117564;RECORRIDA DE PLANTA;¿PUEDE AFIRMAR QUE NO HAY BY PASSES ABIERTOS?;13/6/2026 11:59;NO;QUIM;S100;#¡NUM!;Sin clasificar
QUIM - S100 - Recorrida de Planta;117564;RECORRIDA DE PLANTA;¿PUEDE ASEGURAR QUE NO HAYA PERDIDAS DE VAPOR?;13/6/2026 11:59;NO;QUIM;S100;#¡NUM!;Sin clasificar
QUIM - S100 - Recorrida de Planta;114351;RECORRIDA DE PLANTA;PUEDE AFIRMAR QUE NO HAY BY PASSES ABIERTOS?;7/6/2026 20:25;NO;QUIM;S100;#¡NUM!;Sin clasificar
QUIM - S100 - Recorrida de Planta;114351;RECORRIDA DE PLANTA;PUEDE ASEGURAR QUE NO HAYA PERDIDAS DE VAPOR?;7/6/2026 20:25;NO;QUIM;S100;#¡NUM!;Sin clasificar
QUIM - S100 - Rotantes;117562;BM-121 (VENT L121) A;El fuelle se encuentra en buen estado?;13/6/2026 11:58;NO;QUIM;S100;#¡NUM!;Sin clasificar
QUIM - S100 - Rotantes;117562;J-122 A;Visualiza venteo de niebla?;13/6/2026 11:56;NO;QUIM;S100;#¡NUM!;Bomba
QUIM - S100 - Rotantes;117562;J-122 B;Visualiza venteo de niebla?;13/6/2026 11:56;NO;QUIM;S100;#¡NUM!;Bomba
QUIM - S100 - Rotantes;117562;J-105 A;Esta colocada la chapa a pump out?;13/6/2026 11:58;NO;QUIM;S100;#¡NUM!;Bomba
QUIM - S100 - Rotantes;117562;J-105 B;Esta colocada la chapa a pump out?;13/6/2026 11:58;NO;QUIM;S100;#¡NUM!;Bomba
QUIM - S100 - Rotantes;117562;J-124 A;Esta colocada la chapa a pump out?;13/6/2026 11:56;NO;QUIM;S100;#¡NUM!;Bomba
QUIM - S100 - Rotantes;117562;J-124 B;Esta colocada la chapa a pump out?;13/6/2026 11:57;NO;QUIM;S100;#¡NUM!;Bomba
QUIM - S100 - Rotantes;117562;J-159 A;Esta colocada la chapa a pump out?;13/6/2026 11:55;NO;QUIM;S100;#¡NUM!;Bomba
QUIM - S100 - Rotantes;117562;J-174 A;Esta colocada la chapa a pump out?;13/6/2026 11:56;NO;QUIM;S100;#¡NUM!;Bomba
QUIM - S100 - Rotantes;117562;J-174 B;Esta colocada la chapa a pump out?;13/6/2026 11:56;NO;QUIM;S100;#¡NUM!;Bomba
PH - Serv Aux - RO_Planta de Agua;117568;P1501A;P1501A - Condiciones operativas equipo OK;13/6/2026 13:35;No;PH;Serv Aux;#¡NUM!;Sin clasificar
PH - Serv Aux - RO_Planta de Agua;117568;P1501C;P1501C - Condiciones operativas equipo OK;13/6/2026 13:36;No;PH;Serv Aux;#¡NUM!;Sin clasificar
PH - Serv Aux - RO_Planta de Agua;117568;C1302B;C1302B - Condiciones operativas equipo OK;13/6/2026 13:38;No;PH;Serv Aux;#¡NUM!;Sin clasificar
PH - Serv Aux - RO_Planta de Agua;117568;AC1301A;AC1301A - Condiciones operativas equipo OK;13/6/2026 13:38;No;PH;Serv Aux;#¡NUM!;Sin clasificar
PH - Serv Aux - RO_Planta de Agua;117568;AC1301B;AC1301B - Condiciones operativas equipo OK;13/6/2026 13:39;No;PH;Serv Aux;#¡NUM!;Sin clasificar
LP - CENTRAL I - Salida 2;117536;J-2202 T;El governor de la turbina esta con nivel?;13/6/2026 11:16;No;LP;CENTRAL I;2;Bomba
LP - CENTRAL I - Salida 2;117536;J-2202 T;El nivel del reservorio es correcto?;13/6/2026 11:16;No;LP;CENTRAL I;2;Bomba
LP - CENTRAL I - Salida 2;117536;J-2202 T;Hay ausencia de ruidos, vibraciones anormales y perdida de fluidos?;13/6/2026 11:16;No;LP;CENTRAL I;2;Bomba
LP - CENTRAL I - Salida 2;117536;J-2202 AM;Se mantiene completo el LOTO?;13/6/2026 11:16;No;LP;CENTRAL I;2;Bomba
LP - ISOHTNCA - R 2 (11 hs);117520;COMPRESORES HTNCA;Hay ausencia de alarmas en el tablero?;13/6/2026 11:14;No;LP;ISOHTNCA;2;Compresor
LP - ISOHTNCA - R 2 (11 hs);117520;JC-1103;Se mantiene completo el LOTO?;13/6/2026 11:15;No;LP;ISOHTNCA;2;Compresor
LP - REDES - OP K15 0730;117439;J-9002 M;Pare remoto en servicio?;13/6/2026 08:03;No;LP;REDES;15;Bomba
LP - REDES - OP K15 0730;117439;J-2012;Pare remoto en servicio?;13/6/2026 08:02;No;LP;REDES;15;Bomba
LP - REDES - OP K15 0730;117439;J-2031 B;El nivel de aceite esta OK?;13/6/2026 08:30;No;LP;REDES;15;Bomba
LP - REDES - OP K15 0730;117439;J-2031 B;Hay ausencia de perdida de fluidos?;13/6/2026 08:30;No;LP;REDES;15;Bomba
LP - TOPP C - Rutina 2;117579;JV-818;Se mantiene completo el LOTO?;13/6/2026 16:26;No;LP;TOPP C;2;Aero
LP - TOPP C - Rutina 2;117579;JV-819;Se mantiene completo el LOTO?;13/6/2026 16:27;No;LP;TOPP C;2;Aero
LP - BLENDING - Sala K14 Salida 1130;115342;TK-5104;El tanque fue purgado en el turno?;9/6/2026 12:20;No;LP;BLENDING;14;Tanque
LP - BLENDING - Sala K14 Salida 1130;115342;TK-6105;El tanque fue purgado en el turno?;9/6/2026 12:19;No;LP;BLENDING;14;Tanque
LP - BLENDING - Sala K14 Salida 1130;115342;TK-6111;El tanque fue purgado en el turno?;9/6/2026 12:18;No;LP;BLENDING;14;Tanque
LP - BLENDING - Sala K14 Salida 1130;115342;TK-6113;El tanque fue purgado en el turno?;9/6/2026 12:18;No;LP;BLENDING;14;Tanque
LP - BLENDING - Sala K14 Salida 1130;115342;TK-6115;El tanque fue purgado en el turno?;9/6/2026 12:18;No;LP;BLENDING;14;Tanque
LP - BLENDING - Sala K14 Salida 1130;115342;TK-6116;El tanque fue purgado en el turno?;9/6/2026 12:18;No;LP;BLENDING;14;Tanque
LP - BLENDING - Sala K14 Salida 1130;115342;TK-2223;El tanque fue purgado en el turno?;9/6/2026 12:17;No;LP;BLENDING;14;Tanque
LP - BLENDING - Sala K14 Salida 1130;115342;TK-2224;El tanque fue purgado en el turno?;9/6/2026 12:19;No;LP;BLENDING;14;Tanque
LP - BLENDING - Sala K14 Salida 1130;115342;TK-2225;El tanque fue purgado en el turno?;9/6/2026 12:19;No;LP;BLENDING;14;Tanque
LP - REDES - BBA CRUDO R1730;117575;J-60646 M;Hay ausencia de ruidos, vibraciones anormales y perdida de fluidos?;13/6/2026 15:54;No;LP;REDES;1730;Bomba
QUIM - PAO - Servicios;117448;SERVICIOS;Pase de Guardia?;13/6/2026 16:36;No;QUIM;PAO;#¡NUM!;Sin clasificar
QUIM - PAO - Servicios;117448;SERVICIOS;Verificar ingreso de dioxido a O2381C. Si esta neutralizado debe estar bloqueado;13/6/2026 16:37;No;QUIM;PAO;#¡NUM!;Sin clasificar
QUIM - PAO - Servicios;117448;SERVICIOS;Verificar ingreso de aire a O2381C. Si esta neutralizado debe estar habilitado;13/6/2026 16:37;No;QUIM;PAO;#¡NUM!;Sin clasificar
QUIM - PAO - Servicios;117448;SERVICIOS;Verificar presencia de Green Oil en linea de H2. PV25310;13/6/2026 16:37;No;QUIM;PAO;#¡NUM!;Sin clasificar
QUIM - PAO - Servicios;117448;J2755 A;Ruidos?;13/6/2026 08:14;No;QUIM;PAO;#¡NUM!;Sin clasificar
QUIM - PAO - Servicios;117448;J2755 B;Ruidos?;13/6/2026 08:14;No;QUIM;PAO;#¡NUM!;Sin clasificar
LP - REDES - OP K15 1130;117581;J-9002 M;Pare remoto en servicio?;13/6/2026 16:18;No;LP;REDES;15;Bomba
LP - REDES - OP K15 1130;117581;J-2012;Pare remoto en servicio?;13/6/2026 16:18;No;LP;REDES;15;Bomba
LP - REDES - OP K15 1130;117581;J-2031 B;El nivel de aceite esta OK?;13/6/2026 16:22;No;LP;REDES;15;Bomba
LP - REDES - OP K15 1130;117581;J-2031 B;Hay ausencia de perdida de fluidos?;13/6/2026 16:22;No;LP;REDES;15;Bomba
LP - REDES - OP K15 1130;117581;TK-5001;El tanque fue purgado en el turno?;13/6/2026 16:23;No;LP;REDES;15;Tanque
LP - REDES - OP K15 1130;117581;TK-5002;La iluminacion del tanque es correcta?;13/6/2026 16:25;No;LP;REDES;15;Tanque
LP - REDES - OP K15 1130;117581;TK-5005;El tanque fue purgado en el turno?;13/6/2026 16:28;No;LP;REDES;15;Tanque
LP - REDES - OP K15 1130;117581;TK-5006;La iluminacion del tanque es correcta?;13/6/2026 16:34;No;LP;REDES;15;Tanque
LP - REDES - OP K15 1130;117581;TK-5007;El tanque fue purgado en el turno?;13/6/2026 16:34;No;LP;REDES;15;Tanque
LP - REDES - OP K15 1130;117581;TK-5013;El pasto del recinto esta corto?;13/6/2026 16:35;No;LP;REDES;15;Tanque
LP - REDES - OP K15 1130;117581;TK-5013;El tanque fue purgado en el turno?;13/6/2026 16:36;No;LP;REDES;15;Tanque
LP - REDES - OP K15 1130;117581;TK-5013;La purga del tanque esta cerrada?;13/6/2026 16:36;No;LP;REDES;15;Tanque
LP - REDES - OP K15 1130;117581;TK-5207;El pasto del recinto esta corto?;13/6/2026 16:40;No;LP;REDES;15;Tanque
LP - REDES - OP K15 1130;117581;TK-5207;El tanque fue purgado en el turno?;13/6/2026 16:40;No;LP;REDES;15;Tanque
LP - REDES - OP K15 1130;117581;TK-5205;El pasto del recinto esta corto?;13/6/2026 16:41;No;LP;REDES;15;Tanque
LP - REDES - OP K15 1130;117581;TK-5205;El tanque fue purgado en el turno?;13/6/2026 16:41;No;LP;REDES;15;Tanque
LP - REDES - OP K15 1130;117581;TK-5012;El pasto del recinto esta corto?;13/6/2026 16:41;No;LP;REDES;15;Tanque
LP - REDES - OP K15 1130;117581;TK-5012;El tanque fue purgado en el turno?;13/6/2026 16:41;No;LP;REDES;15;Tanque
LP - REDES - OP K15 1130;117581;TK-5011;La iluminacion del tanque es correcta?;13/6/2026 16:42;No;LP;REDES;15;Tanque
LP - REDES - OP K15 1130;117581;TK-5010;La iluminacion del tanque es correcta?;13/6/2026 16:43;No;LP;REDES;15;Tanque
LP - REDES - OP K15 1130;117581;TK-5010;El tanque fue purgado en el turno?;13/6/2026 16:43;No;LP;REDES;15;Tanque
QUIM - MTBE - Rutina Operador;117600;;Habilitar FN2118 a P2002?;13/6/2026 16:47;No;QUIM;MTBE;#¡NUM!;Sin clasificar
QUIM - MTBE - Rutina Operador;117600;;Reprocesar O3650/51?;13/6/2026 17:19;No;QUIM;MTBE;#¡NUM!;Sin clasificar
LP - PTAI - Salida 4;117437;J-28078 M;El decantador esta libre de agua?;13/6/2026 08:00;No;LP;PTAI;4;Bomba
LP - PTAI - Salida 4;117437;J-28078 M;La aceitera esta con nivel?;13/6/2026 08:00;No;LP;PTAI;4;Bomba
LP - PTAI - Salida 4;117437;J-28078 M;La refrigeracion de la bomba circula correctamente?;13/6/2026 08:00;No;LP;PTAI;4;Bomba
LP - PTAI - Salida 4;117437;J-28078 AM;El visor de aceite de niebla esta vacio?;13/6/2026 08:00;No;LP;PTAI;4;Bomba
LP - PTAI - Salida 4;117437;J-28078 AM;Hay ausencia de perdida de fluidos?;13/6/2026 08:00;No;LP;PTAI;4;Bomba
LP - PTAI - Salida 4;117437;J-28079 M;El visor de aceite de niebla esta vacio?;13/6/2026 08:00;No;LP;PTAI;4;Bomba
LP - PTAI - Salida 4;117437;J-28079 AM;El visor de aceite de niebla esta vacio?;13/6/2026 08:00;No;LP;PTAI;4;Bomba
LP - PTAI - Salida 4;117437;J-28071 M;El visor de aceite de niebla esta vacio?;13/6/2026 08:01;No;LP;PTAI;4;Bomba
LP - PTAI - Salida 4;117437;J-28072 M;El visor de aceite de niebla esta vacio?;13/6/2026 08:01;No;LP;PTAI;4;Bomba
LP - PTAI - Salida 4;117437;J-28073 M;Visualiza venteo de niebla?;13/6/2026 08:01;No;LP;PTAI;4;Bomba
LP - PTAI - Salida 4;117437;J-28073 M;El decantador esta libre de agua?;13/6/2026 08:01;No;LP;PTAI;4;Bomba
LP - PTAI - Salida 4;117437;J-28073 M;La aceitera esta con nivel?;13/6/2026 08:01;No;LP;PTAI;4;Bomba
LP - PTAI - Salida 4;117437;J-28073 M;La refrigeracion de la bomba circula correctamente?;13/6/2026 08:01;No;LP;PTAI;4;Bomba
LP - PTAI - Salida 4;117437;J-28074 M;El decantador esta libre de agua?;13/6/2026 08:01;No;LP;PTAI;4;Bomba
LP - PTAI - Salida 4;117437;J-28074 M;La aceitera esta con nivel?;13/6/2026 08:01;No;LP;PTAI;4;Bomba
LP - PTAI - Salida 4;117437;J-28074 M;La refrigeracion de la bomba circula correctamente?;13/6/2026 08:01;No;LP;PTAI;4;Bomba
LP - PTAI - Salida 4;117437;J-28074 M;Hay ausencia de perdida de fluidos?;13/6/2026 08:01;No;LP;PTAI;4;Bomba
LP - PTAI - Salida 4;117437;J-28074 AM;El decantador esta libre de agua?;13/6/2026 08:01;No;LP;PTAI;4;Bomba
LP - PTAI - Salida 4;117437;J-28074 AM;La aceitera esta con nivel?;13/6/2026 08:01;No;LP;PTAI;4;Bomba
LP - PTAI - Salida 4;117437;J-28074 AM;La refrigeracion de la bomba circula correctamente?;13/6/2026 08:01;No;LP;PTAI;4;Bomba
LP - PTAI - Salida 2;117613;J-28010;El visor de aceite de niebla esta vacio?;13/6/2026 17:37;No;LP;PTAI;2;Bomba
LP - PTAI - Salida 2;117613;J-28011;El visor de aceite de niebla esta vacio?;13/6/2026 17:37;No;LP;PTAI;2;Bomba
LP - PTAI - Salida 2;117613;J-28013;El decantador esta libre de agua?;13/6/2026 17:37;No;LP;PTAI;2;Bomba
LP - PTAI - Salida 2;117613;J-28013;La aceitera esta con nivel?;13/6/2026 17:37;No;LP;PTAI;2;Bomba
LP - PTAI - Salida 2;117613;J-28013;La refrigeracion de la bomba circula correctamente?;13/6/2026 17:37;No;LP;PTAI;2;Bomba
LP - PTAI - Salida 2;117613;J-28014;El decantador esta libre de agua?;13/6/2026 17:37;No;LP;PTAI;2;Bomba
LP - PTAI - Salida 2;117613;J-28014;La aceitera esta con nivel?;13/6/2026 17:37;No;LP;PTAI;2;Bomba
LP - PTAI - Salida 2;117613;J-28014;La refrigeracion de la bomba circula correctamente?;13/6/2026 17:37;No;LP;PTAI;2;Bomba
LP - PTAI - Salida 3;117614;J-28082 M;El visor de aceite de niebla esta vacio?;13/6/2026 17:39;No;LP;PTAI;3;Bomba
LP - PTAI - Salida 3;117614;J-28082 AM;El visor de aceite de niebla esta vacio?;13/6/2026 17:39;No;LP;PTAI;3;Bomba
LP - PTAI - Salida 1;117618;J-28023 M;El visor de aceite de niebla esta vacio?;13/6/2026 17:45;No;LP;PTAI;1;Bomba
LP - PTAI - Salida 1;117618;J-28024 M;El visor de aceite de niebla esta vacio?;13/6/2026 17:44;No;LP;PTAI;1;Bomba
LP - PTAI - Salida 2;117615;J-28003 M;El visor de aceite de niebla esta vacio?;13/6/2026 17:40;No;LP;PTAI;2;Bomba
LP - PTAI - Salida 2;117615;J-28004 M;El visor de aceite de niebla esta vacio?;13/6/2026 17:40;No;LP;PTAI;2;Bomba
LP - PTAI - Salida 2;117615;J-28005 M;La aceitera esta con nivel?;13/6/2026 17:40;No;LP;PTAI;2;Bomba
LP - PTAI - Salida 2;117615;J-28006 M;El decantador esta libre de agua?;13/6/2026 17:40;No;LP;PTAI;2;Bomba
LP - PTAI - Salida 2;117615;J-28006 M;La aceitera esta con nivel?;13/6/2026 17:40;No;LP;PTAI;2;Bomba
LP - PTAI - Salida 2;117615;J-28006 M;La refrigeracion de la bomba circula correctamente?;13/6/2026 17:40;No;LP;PTAI;2;Bomba
LP - PTAI - Salida 2;117615;J-28007 M;El decantador esta libre de agua?;13/6/2026 17:40;No;LP;PTAI;2;Bomba
LP - PTAI - Salida 2;117615;J-28007 M;La aceitera esta con nivel?;13/6/2026 17:40;No;LP;PTAI;2;Bomba
LP - PTAI - Salida 2;117615;J-28007 M;La refrigeracion de la bomba circula correctamente?;13/6/2026 17:40;No;LP;PTAI;2;Bomba
LP - PTAI - Salida 2;117615;J-28031 M;El visor de aceite de niebla esta vacio?;13/6/2026 17:39;No;LP;PTAI;2;Bomba
LP - PTAI - Salida 2;117615;J-28032 M;El decantador esta libre de agua?;13/6/2026 17:39;No;LP;PTAI;2;Bomba
LP - PTAI - Salida 2;117615;J-28032 M;La aceitera esta con nivel?;13/6/2026 17:39;No;LP;PTAI;2;Bomba
LP - PTAI - Salida 2;117615;J-28032 M;La refrigeracion de la bomba circula correctamente?;13/6/2026 17:39;No;LP;PTAI;2;Bomba
LP - ISOHTNCA - R 4 (05:30 hs);;F-1754;Esta abierta la H?;13/6/2026 18:06;No;LP;ISOHTNCA;4;Sin clasificar
LP - ISOHTNCA - R 4 (05:30 hs);;LUBRIMIST PENEX;La presion de envio es mayor a 40 mbar?;13/6/2026 18:06;No;LP;ISOHTNCA;4;Sin clasificar
LP - ISOHTNCA - R 4 (05:30 hs);;JM-1751 M1;La presion de fluido barrera esta por encima de 30 kg/cm2?;13/6/2026 18:05;No;LP;ISOHTNCA;4;Sin clasificar
LP - ISOHTNCA - R 4 (05:30 hs);;JM-1751 AM1;La presion de fluido barrera esta por encima de 30 kg/cm2?;13/6/2026 18:05;No;LP;ISOHTNCA;4;Sin clasificar
LP - ISOHTNCA - R 4 (05:30 hs);;J-1704 AM;Hay ausencia de ruidos, vibraciones anormales o perdida de fluidos?;13/6/2026 17:56;No;LP;ISOHTNCA;4;Bomba
LP - ISOHTNCA - R 4 (05:30 hs);;J-1104 M;Hay ausencia de perdida de fluidos?;13/6/2026 17:52;No;LP;ISOHTNCA;4;Bomba
LP - PTAI - Salida 4;117610;J-28078 M;El decantador esta libre de agua?;13/6/2026 17:35;No;LP;PTAI;4;Bomba
LP - PTAI - Salida 4;117610;J-28078 M;La aceitera esta con nivel?;13/6/2026 17:35;No;LP;PTAI;4;Bomba
LP - PTAI - Salida 4;117610;J-28078 M;La refrigeracion de la bomba circula correctamente?;13/6/2026 17:35;No;LP;PTAI;4;Bomba
LP - PTAI - Salida 4;117610;J-28078 AM;El decantador esta libre de agua?;13/6/2026 17:35;No;LP;PTAI;4;Bomba
LP - PTAI - Salida 4;117610;J-28078 AM;La aceitera esta con nivel?;13/6/2026 17:35;No;LP;PTAI;4;Bomba
LP - PTAI - Salida 4;117610;J-28078 AM;La refrigeracion de la bomba circula correctamente?;13/6/2026 17:35;No;LP;PTAI;4;Bomba
LP - PTAI - Salida 4;117610;J-28078 AM;Hay ausencia de perdida de fluidos?;13/6/2026 17:35;No;LP;PTAI;4;Bomba
LP - PTAI - Salida 4;117610;J-28079 M;El visor de aceite de niebla esta vacio?;13/6/2026 17:35;No;LP;PTAI;4;Bomba
LP - PTAI - Salida 4;117610;J-28079 AM;El visor de aceite de niebla esta vacio?;13/6/2026 17:35;No;LP;PTAI;4;Bomba
LP - PTAI - Salida 4;117610;J-28071 M;El visor de aceite de niebla esta vacio?;13/6/2026 17:34;No;LP;PTAI;4;Bomba
LP - PTAI - Salida 4;117610;J-28072 M;El visor de aceite de niebla esta vacio?;13/6/2026 17:34;No;LP;PTAI;4;Bomba
LP - PTAI - Salida 4;117610;J-28073 M;Visualiza venteo de niebla?;13/6/2026 17:33;No;LP;PTAI;4;Bomba
LP - PTAI - Salida 4;117610;J-28073 M;El decantador esta libre de agua?;13/6/2026 17:33;No;LP;PTAI;4;Bomba
LP - PTAI - Salida 4;117610;J-28073 M;La aceitera esta con nivel?;13/6/2026 17:33;No;LP;PTAI;4;Bomba
LP - PTAI - Salida 4;117610;J-28073 M;La refrigeracion de la bomba circula correctamente?;13/6/2026 17:33;No;LP;PTAI;4;Bomba
LP - PTAI - Salida 4;117610;J-28074 M;El decantador esta libre de agua?;13/6/2026 17:33;No;LP;PTAI;4;Bomba
LP - PTAI - Salida 4;117610;J-28074 M;La aceitera esta con nivel?;13/6/2026 17:33;No;LP;PTAI;4;Bomba
LP - PTAI - Salida 4;117610;J-28074 M;La refrigeracion de la bomba circula correctamente?;13/6/2026 17:33;No;LP;PTAI;4;Bomba
LP - PTAI - Salida 4;117610;J-28074 AM;El decantador esta libre de agua?;13/6/2026 17:33;No;LP;PTAI;4;Bomba
LP - PTAI - Salida 4;117610;J-28074 AM;La aceitera esta con nivel?;13/6/2026 17:33;No;LP;PTAI;4;Bomba
LP - PTAI - Salida 4;117610;J-28074 AM;La refrigeracion de la bomba circula correctamente?;13/6/2026 17:33;No;LP;PTAI;4;Bomba
LP - HTNCB - Rutina 3 (14:30 hs);117571;JV-5606 1;Hay ausencia de ruidos, vibraciones anormales y perdida de fluidos?;13/6/2026 14:20;No;LP;HTNCB;3;Aero
LP - HTNCB - Rutina 3 (14:30 hs);117571;JV-5605 B1;Hay ausencia de ruidos, vibraciones anormales y perdida de fluidos?;13/6/2026 14:18;No;LP;HTNCB;3;Aero
QUIM - PAO - SSAA Efluentes;117565;;Pescar producto organico;13/6/2026 12:30;No;QUIM;PAO;#¡NUM!;Sin clasificar
QUIM - PAO - SSAA Efluentes;117565;;Enviar producto organica a slop via J3202;13/6/2026 12:30;No;QUIM;PAO;#¡NUM!;Sin clasificar
QUIM - PAO - SSAA Efluentes;117565;;Enviar purga de barros a piletas de secado;13/6/2026 12:31;No;QUIM;PAO;#¡NUM!;Sin clasificar
QUIM - PAO - SSAA Efluentes;117565;;Transferir P3201A a P2066;13/6/2026 12:32;No;QUIM;PAO;#¡NUM!;Sin clasificar
QUIM - PAO - SSAA Efluentes;117565;;Recirculado de barro se realizo (poner en marcha J3207 una vez por turno);13/6/2026 12:32;No;QUIM;PAO;#¡NUM!;Sin clasificar
LP - PLATFORMING - R4 (17:30 hs);116580;J-1910 A;Esta correcto el nivel de aceite de buffer?;11/6/2026 17:31;No;LP;PLATFORMING;4;Bomba
LP - PLATFORMING - R4 (17:30 hs);116580;J-1906 M;Esta habilitado el venteo a RV del buffer?;11/6/2026 17:32;No;LP;PLATFORMING;4;Bomba
LP - PLATFORMING - R4 (17:30 hs);116580;J-1906 M;Esta correcto el nivel de aceite de buffer?;11/6/2026 17:32;No;LP;PLATFORMING;4;Bomba
LP - PLATFORMING - R4 (17:30 hs);116580;J-1906 AM;Esta habilitado el venteo a RV del buffer?;11/6/2026 17:32;No;LP;PLATFORMING;4;Bomba
LP - PLATFORMING - R4 (17:30 hs);116580;J-1906 AM;Esta correcto el nivel de aceite de buffer?;11/6/2026 17:32;No;LP;PLATFORMING;4;Bomba
LP MEK R3 Op Filtros 1;116622;JF-40406 MR;La distancia de la cuchilla y el filtro esta correcta?;11/6/2026 18:08;No;None;None;#¡NUM!;Filtro
LP MEK R3 Op Filtros 1;116622;JF-40406 MR;Se observa correcta iluminacion?;11/6/2026 18:08;No;None;None;#¡NUM!;Filtro
LP MEK R3 Op Filtros 1;116622;JF-40410 MR;Se observa correcta iluminacion?;11/6/2026 18:09;No;None;None;#¡NUM!;Filtro
LP - FURFURAL - Rutina 1;117633;J-45301 M;Se observa corecta circulacion de fluidos?;13/6/2026 19:50;No;LP;FURFURAL;1;Bomba
LP - FURFURAL - Rutina 1;117633;J-45302 AM;Se observa correcta circulacion de fluidos?;13/6/2026 19:49;No;LP;FURFURAL;1;Bomba
LP - FURFURAL - Rutina 1;117633;J-45313 M;El visor de aceite de niebla esta vacio?;13/6/2026 19:43;No;LP;FURFURAL;1;Bomba
LP - FURFURAL - Rutina 1;117633;J-45306 M;Se observa correcta circulacion de fluidos?;13/6/2026 19:40;No;LP;FURFURAL;1;Bomba
LP - PTAI - Salida 4;116919;J-28078 M;Hay ausencia de ruidos, vibraciones anormales y perdida de fluidos?;12/6/2026 07:51;No;LP;PTAI;4;Bomba
LP - PTAI - Salida 4;116919;J-28078 AM;Hay ausencia de perdida de fluidos?;12/6/2026 07:51;No;LP;PTAI;4;Bomba
LP - PTAI - Salida 4;116919;J-28079 M;Hay ausencia de perdida de fluidos?;12/6/2026 07:52;No;LP;PTAI;4;Bomba
LP - PTAI - Salida 4;116919;J-28079 AM;Hay ausencia de ruidos, vibraciones anormales y perdida de fluidos?;12/6/2026 07:52;No;LP;PTAI;4;Bomba
LP - PTAI - Salida 4;116919;J-28071 M;Hay ausencia de ruidos, vibraciones anormales y perdida de fluidos?;12/6/2026 07:52;No;LP;PTAI;4;Bomba
LP - PTAI - Salida 4;116919;J-28072 M;Hay ausencia de perdida de fluidos?;12/6/2026 07:52;No;LP;PTAI;4;Bomba
LP - PTAI - Salida 4;116919;J-28073 M;Visualiza venteo de niebla?;12/6/2026 07:53;No;LP;PTAI;4;Bomba
LP - PTAI - Salida 4;116919;J-28073 M;El visor de aceite de niebla esta vacio?;12/6/2026 07:53;No;LP;PTAI;4;Bomba
LP - PTAI - Salida 4;116919;J-28073 M;El decantador esta libre de agua?;12/6/2026 07:53;No;LP;PTAI;4;Bomba
LP - PTAI - Salida 4;116919;J-28073 M;La aceitera esta con nivel?;12/6/2026 07:53;No;LP;PTAI;4;Bomba
LP - PTAI - Salida 4;116919;J-28073 M;La refrigeracion de la bomba circula correctamente?;12/6/2026 07:53;No;LP;PTAI;4;Bomba
LP - PTAI - Salida 4;116919;J-28073 M;Hay ausencia de perdida de fluidos?;12/6/2026 07:53;No;LP;PTAI;4;Bomba
LP - PTAI - Salida 4;116919;J-28074 AM;El decantador esta libre de agua?;12/6/2026 07:53;No;LP;PTAI;4;Bomba
LP - PTAI - Salida 4;116919;J-28074 AM;La aceitera esta con nivel?;12/6/2026 07:53;No;LP;PTAI;4;Bomba
LP - PTAI - Salida 4;116919;J-28074 AM;Hay ausencia de ruidos, vibraciones anormales y perdida de fluidos?;12/6/2026 07:53;No;LP;PTAI;4;Bomba
LP - FURFURAL - Rutina 2;117640;HORNO BA301;El exceso de Oxigeno se encuentra entre 3,5 - 5,5%;13/6/2026 20:00;NO;LP;FURFURAL;2;Horno
LP - CKB - R1 Camarista;117670;J508 AM;La aceitera esta con nivel?;12/6/2026 20:20;No;LP;CKB;1;Sin clasificar
LP - CKB - R1 Camarista;117670;J509 M;La aceitera esta con nivel?;12/6/2026 20:22;No;LP;CKB;1;Sin clasificar
LP - CKB - R2 Camarista;117671;J-512 A;La Presion de circuito de lubricacion es mayor a 4kg?;12/6/2026 20:26;No;LP;CKB;2;Bomba
LP - CKB - R2 Camarista;117671;J-512 A;La Presion diferencial de aceite es menor a 1 kg?;12/6/2026 20:26;No;LP;CKB;2;Bomba
LP - CKB - R2 Camarista;117671;J-512 A;Se encuentran frios los venteos de empaquetadura?;12/6/2026 20:26;No;LP;CKB;2;Bomba
LP - CKB - R2 Camarista;117671;J-512 A;Se encuentran purgados los acumuladores de camaras muertas?;12/6/2026 20:26;No;LP;CKB;2;Bomba
LP - CKB - R1 Op GASCON;117666;J554M;Visualiza venteo de niebla?;13/6/2026 20:18;No;LP;CKB;1;Sin clasificar
LP - CKB - R1 Op GASCON;117666;J554M;El visor de aceite de niebla esta vacio?;13/6/2026 20:18;No;LP;CKB;1;Sin clasificar
LP - CKB - R1 Op GASCON;117666;J554AM;Visualiza venteo de niebla?;13/6/2026 20:19;No;LP;CKB;1;Sin clasificar
LP - CKB - R1 Op GASCON;117666;J554AM;El visor de aceite de niebla esta vacio?;13/6/2026 20:19;No;LP;CKB;1;Sin clasificar
LP - CKA - FOGUISTA;117693;JV-C 385 FN1;¿Se mantiene completo el LOTO?;13/6/2026 20:33;No;LP;CKA;#¡NUM!;Aero
LP - CKA - FOGUISTA;117693;JV-C 307 AN1;¿Se mantiene completo el LOTO?;13/6/2026 20:34;No;LP;CKA;#¡NUM!;Aero
LP - CKA - FOGUISTA;117696;J-368 AMN;Esta en Automatico?;13/6/2026 20:38;No;LP;CKA;#¡NUM!;Bomba
LP - CKA - FOGUISTA;117696;J-368 BMN;Esta en Automatico?;13/6/2026 20:38;No;LP;CKA;#¡NUM!;Bomba
LP - CKA - FOGUISTA;117696;J-371 AMN;Se mantiene completo el LOTO?;13/6/2026 20:36;No;LP;CKA;#¡NUM!;Bomba
LP - PLATFORMING - R1 (19:30 hs);117632;J-1906 M;Esta habilitado el venteo a RV del buffer?;13/6/2026 19:45;No;LP;PLATFORMING;1;Bomba
LP - PLATFORMING - R1 (19:30 hs);117632;J-1906 M;Esta correcto el nivel de aceite de buffer?;13/6/2026 19:45;No;LP;PLATFORMING;1;Bomba
LP - PTAI - Salida 1;117641;J-2301 M;El visor de aceite esta vacio?;13/6/2026 20:03;No;LP;PTAI;1;Bomba
LP - PTAI - Salida 1;117641;J-2301 M;Hay ausencia de perdida de fluidos?;13/6/2026 20:03;No;LP;PTAI;1;Bomba
LP - PTAI - Salida 1;117641;J-2301 BM;El visor de aceite esta vacio?;13/6/2026 20:03;No;LP;PTAI;1;Bomba
LP - PTAI - Salida 1;117641;J-2301 BM;Hay ausencia de ruidos, vibraciones anormales y perdida de fluidos?;13/6/2026 20:03;No;LP;PTAI;1;Bomba
LP - PTAI - Salida 1;117641;J-2301 CM;El visor de aceite esta vacio?;13/6/2026 20:03;No;LP;PTAI;1;Bomba
LP - PTAI - Salida 1;117641;J-2301 CM;Hay ausencia de perdida de fluidos?;13/6/2026 20:03;No;LP;PTAI;1;Bomba
LP - PTAI - Salida 1;117641;J-2302 AM;Hay ausencia de perdida de fluidos?;13/6/2026 20:02;No;LP;PTAI;1;Bomba
LP - PTAI - Salida 1;117641;J-2302 AM;Hay ausencia de ruidos, vibraciones anormales y perdida de fluidos?;13/6/2026 20:02;No;LP;PTAI;1;Bomba
LP - PTAI - Salida 1;117641;J-2302 BM;Hay ausencia de ruido, vibraciones anormales y perdida de fluidos?;13/6/2026 20:02;No;LP;PTAI;1;Bomba
LP - PTAI - Salida 1;117641;J-2303 M;Hay ausencia de ruidos, vibraciones anormales y perdida de fluidos?;13/6/2026 20:04;No;LP;PTAI;1;Bomba
LP - PTAI - Salida 1;117641;J-2303 AM;Hay ausencia de ruidos, vibraciones anormales y perdida de fluidos?;13/6/2026 20:04;No;LP;PTAI;1;Bomba
LP - PTAI - Salida 1;117641;J-28023 M;Hay ausencia de perdida de fluidos?;13/6/2026 20:01;No;LP;PTAI;1;Bomba
LP - PTAI - Salida 1;117641;J-28024 M;Hay ausencia de ruidos, vibraciones anormales y perdida de fluidos?;13/6/2026 20:01;No;LP;PTAI;1;Bomba
LP - PTAI - Salida 1;117641;J-2306 M;Hay ausencia de ruidos, vibraciones anormales y perdida de fluidos?;13/6/2026 20:03;No;LP;PTAI;1;Bomba
LP - PTAI - Salida 1;117641;J-2306 AM;Hay ausencia de perdida de fluidos?;13/6/2026 20:03;No;LP;PTAI;1;Bomba
LP - PTAI - Salida 1;117641;J-2414 M;Hay ausencia de ruidos, vibraciones anormales y perdida de fluidos?;13/6/2026 20:05;No;LP;PTAI;1;Bomba
LP - PTAI - Salida 1;117641;JC- 2305 AM;Hay ausencia de ruidos, vibraciones anormales o perdidas de fluido?;13/6/2026 20:03;No;LP;PTAI;1;Compresor
LP - PTAI - Salida 1;117641;JC- 2306 M;Hay ausencia de perdidas de fluido?;13/6/2026 20:02;No;LP;PTAI;1;Compresor
LP - PTAI - Salida 1;117641;JC- 2306 AM;Hay ausencia de ruidos, vibraciones anormales o perdidas de fluido?;13/6/2026 20:02;No;LP;PTAI;1;Compresor
LP - PTAI - Salida 4;117667;TK-AGUA DESMINERALIZADA N1;Hay ausencia de perdidas?;13/6/2026 20:12;No;LP;PTAI;4;Tanque
LP - PTAI - Salida 4;117667;TK-AGUA DESMINERALIZADA N2;Hay ausencia de perdidas?;13/6/2026 20:13;No;LP;PTAI;4;Tanque
LP - PTAI - Salida 4;117637;J-28078 M;Hay ausencia de ruidos, vibraciones anormales y perdida de fluidos?;13/6/2026 19:56;No;LP;PTAI;4;Bomba
LP - PTAI - Salida 4;117637;J-28078 AM;Hay ausencia de perdida de fluidos?;13/6/2026 19:56;No;LP;PTAI;4;Bomba
LP - PTAI - Salida 4;117637;J-28079 M;Hay ausencia de perdida de fluidos?;13/6/2026 19:56;No;LP;PTAI;4;Bomba
LP - PTAI - Salida 4;117637;J-28079 AM;Hay ausencia de ruidos, vibraciones anormales y perdida de fluidos?;13/6/2026 19:56;No;LP;PTAI;4;Bomba
LP - PTAI - Salida 4;117637;J-28071 M;Hay ausencia de ruidos, vibraciones anormales y perdida de fluidos?;13/6/2026 19:57;No;LP;PTAI;4;Bomba
LP - PTAI - Salida 4;117637;J-28072 M;Hay ausencia de perdida de fluidos?;13/6/2026 19:57;No;LP;PTAI;4;Bomba
LP - PTAI - Salida 4;117637;J-28073 M;Visualiza venteo de niebla?;13/6/2026 19:57;No;LP;PTAI;4;Bomba
LP - PTAI - Salida 4;117637;J-28073 M;El visor de aceite de niebla esta vacio?;13/6/2026 19:57;No;LP;PTAI;4;Bomba
LP - PTAI - Salida 4;117637;J-28073 M;El decantador esta libre de agua?;13/6/2026 19:57;No;LP;PTAI;4;Bomba
LP - PTAI - Salida 4;117637;J-28073 M;La aceitera esta con nivel?;13/6/2026 19:57;No;LP;PTAI;4;Bomba
LP - PTAI - Salida 4;117637;J-28073 M;La refrigeracion de la bomba circula correctamente?;13/6/2026 19:57;No;LP;PTAI;4;Bomba
LP - PTAI - Salida 4;117637;J-28073 M;Hay ausencia de perdida de fluidos?;13/6/2026 19:57;No;LP;PTAI;4;Bomba
LP - PTAI - Salida 4;117637;J-28074 M;El decantador esta libre de agua?;13/6/2026 19:57;No;LP;PTAI;4;Bomba
LP - PTAI - Salida 4;117637;J-28074 M;La aceitera esta con nivel?;13/6/2026 19:57;No;LP;PTAI;4;Bomba
LP - PTAI - Salida 4;117637;J-28074 M;Hay ausencia de perdida de fluidos?;13/6/2026 19:57;No;LP;PTAI;4;Bomba
LP - PTAI - Salida 4;117637;J-28074 AM;El decantador esta libre de agua?;13/6/2026 19:57;No;LP;PTAI;4;Bomba
LP - PTAI - Salida 4;117637;J-28074 AM;La aceitera esta con nivel?;13/6/2026 19:57;No;LP;PTAI;4;Bomba
LP - PTAI - Salida 4;117637;J-28074 AM;Hay ausencia de ruidos, vibraciones anormales y perdida de fluidos?;13/6/2026 19:57;No;LP;PTAI;4;Bomba
LP - PTAI - Salida 4;117637;TK-AGUA SANITARIA;Hay ausencia de perdidas?;13/6/2026 20:00;No;LP;PTAI;4;Tanque
LP - PTAI - Salida 4;117637;J-2360 M;El decantador esta libre de agua?;13/6/2026 19:59;No;LP;PTAI;4;Bomba
LP - PTAI - Salida 4;117637;J-2360 M;Hay ausencia de perdida de fluidos?;13/6/2026 19:59;No;LP;PTAI;4;Bomba
LP - PTAI - Salida 4;117637;J-2360 AM;El decantador esta libre de agua?;13/6/2026 19:59;No;LP;PTAI;4;Bomba
LP - PTAI - Salida 4;117637;J-2360 AM;Hay ausencia de ruidos, vibraciones anormales o perdidas de fluido?;13/6/2026 19:59;No;LP;PTAI;4;Bomba
LP - PTAI - Salida 4;117637;J-2370 M;El decantador esta libre de agua?;13/6/2026 19:58;No;LP;PTAI;4;Bomba
LP - PTAI - Salida 4;117637;J-2370 M;Hay ausencia de perdida de fluidos?;13/6/2026 19:58;No;LP;PTAI;4;Bomba
LP - PTAI - Salida 4;117637;J-2370 AM;El decantador esta libre de agua?;13/6/2026 19:58;No;LP;PTAI;4;Bomba
LP - PTAI - Salida 4;117637;J-2370 AM;Hay ausencia de perdida de fluidos?;13/6/2026 19:58;No;LP;PTAI;4;Bomba
LP - PTAI - Salida 4;117637;J-2370 AMR;El decantador esta libre de agua?;13/6/2026 19:59;No;LP;PTAI;4;Bomba
LP - PTAI - Salida 4;117637;J-2370 AMR;Hay ausencia de perdida de fluidos?;13/6/2026 19:59;No;LP;PTAI;4;Bomba
LP - PTAI - Salida 2;117658;J-28003 M;Hay ausencia de perdida de fluidos?;13/6/2026 20:09;No;LP;PTAI;2;Bomba
LP - PTAI - Salida 2;117658;J-28004 M;Hay ausencia de ruidos, vibraciones anormales y perdida de fluidos?;13/6/2026 20:09;No;LP;PTAI;2;Bomba
LP - PTAI - Salida 2;117658;J-28005 M;El nivel de la grasera es correcto?;13/6/2026 20:09;No;LP;PTAI;2;Bomba
LP - PTAI - Salida 2;117658;J-28005 M;El decantador esta libre de agua?;13/6/2026 20:09;No;LP;PTAI;2;Bomba
LP - PTAI - Salida 2;117658;J-28005 M;Hay ausencia de ruidos, vibraciones anormales y perdida de fluidos?;13/6/2026 20:09;No;LP;PTAI;2;Bomba
LP - PTAI - Salida 2;117658;J-28006 M;Hay ausencia de perdida de fluidos?;13/6/2026 20:09;No;LP;PTAI;2;Bomba
LP - PTAI - Salida 2;117658;J-28007 M;Hay ausencia de ruidos, vibraciones anormales y perdida de fluidos?;13/6/2026 20:09;No;LP;PTAI;2;Bomba
LP - PTAI - Salida 2;117658;J-28010;Hay ausencia de ruidos, vibraciones anormales y perdida de fluidos?;13/6/2026 20:12;No;LP;PTAI;2;Bomba
LP - PTAI - Salida 2;117658;J-28011;Hay ausencia de perdida de fluidos?;13/6/2026 20:12;No;LP;PTAI;2;Bomba
LP - PTAI - Salida 2;117658;J-28013;Hay ausencia de perdida de fluidos?;13/6/2026 20:12;No;LP;PTAI;2;Bomba
LP - PTAI - Salida 2;117658;J-28014;Hay ausencia de ruidos, vibraciones anormales y perdida de fluidos?;13/6/2026 20:12;No;LP;PTAI;2;Bomba
LP - PTAI - Salida 2;117658;J-28070 M;Hay ausencia de perdida de fluidos?;13/6/2026 20:08;No;LP;PTAI;2;Bomba
LP - PTAI - Salida 2;117658;J-28070 AM;Hay ausencia de ruidos, vibraciones anormales y perdida de fluidos?;13/6/2026 20:08;No;LP;PTAI;2;Bomba
LP - PTAI - Salida 2;117658;J-28031 M;Hay ausencia de ruidos, vibraciones anormales y perdida de fluidos?;13/6/2026 20:11;No;LP;PTAI;2;Bomba
LP - PTAI - Salida 2;117658;J-28032 M;El decantador esta libre de agua?;13/6/2026 20:11;No;LP;PTAI;2;Bomba
LP - PTAI - Salida 2;117658;J-28032 M;La aceitera esta con nivel?;13/6/2026 20:11;No;LP;PTAI;2;Bomba
LP - PTAI - Salida 2;117658;J-28032 M;La refrigeracion de la bomba circula correctamente?;13/6/2026 20:11;No;LP;PTAI;2;Bomba
LP - PTAI - Salida 2;117658;J-28032 M;Hay ausencia de perdida de fluidos?;13/6/2026 20:11;No;LP;PTAI;2;Bomba
LP - PLATFORMING - R4 (05:30 hs);117712;J-1936 M;Esta en Automatico?;13/6/2026 17:51;No;LP;PLATFORMING;4;Bomba
LP - REDES - BBA FO Salida 1130;116476;TK-6512;El tanque fue purgado en el turno?;11/6/2026 11:33;No;LP;REDES;1130;Tanque
LP - REDES - BBA FO Salida 1130;116476;TK-6510;El tanque fue purgado en el turno?;11/6/2026 11:44;No;LP;REDES;1130;Tanque
LP - REDES - BBA FO Salida 1130;117108;TK-6512;El tanque fue purgado en el turno?;12/6/2026 12:07;No;LP;REDES;1130;Tanque
LP - REDES - BBA FO Salida 1730;117645;EA-100;El equipo se lavo en este turno a contra corriente?;13/6/2026 17:35;No;LP;REDES;1730;Sin clasificar
LP - REDES - BBA LIVIANO 1130;117609;TK-6204;El tanque fue purgado en el turno?;13/6/2026 17:33;No;LP;REDES;1130;Tanque
LP - REDES - BBA LIVIANO 1130;117609;TK-6412;El tanque fue purgado en el turno?;13/6/2026 17:33;No;LP;REDES;1130;Tanque
LP - REDES - BBA LIVIANO 1130;117609;TK-6412;La purga del tanque esta cerrada?;13/6/2026 17:33;No;LP;REDES;1130;Tanque
LP - REDES - Op U1100-1200;116957;J-1203-BM;Se mantiene completo el LOTO?;12/6/2026 08:17;No;LP;REDES;1100;Bomba
LP - TOPP C - Rutina 1;117646;J-812 M;Visualiza venteo de niebla?;13/6/2026 20:12;No;LP;TOPP C;1;Bomba
LP - TOPP C - Rutina 1;117646;J-812 M;El visor de aceite de niebla esta vacio?;13/6/2026 20:12;No;LP;TOPP C;1;Bomba
LP - TOPP C - Rutina 1;117646;J-812 M;la presion del plan API, se encuentra por encima de los 8 kg/cm2?;13/6/2026 20:12;No;LP;TOPP C;1;Bomba
LP - TOPP C - Rutina 1;117646;J-812 AM;Visualiza venteo de niebla?;13/6/2026 20:12;No;LP;TOPP C;1;Bomba
LP - TOPP C - Rutina 1;117646;J-812 AM;El visor de aceite de niebla esta vacio?;13/6/2026 20:12;No;LP;TOPP C;1;Bomba
LP - TOPP C - Rutina 1;117646;J-812 AM;la presion del plan API, se encuentra por encima de los 8 kg/cm2?;13/6/2026 20:12;No;LP;TOPP C;1;Bomba
LP - TOPP C - Rutina 1;117646;J-831 AM;la presion de plan API, se encuentra por encima de los 8 kg/cm2?;13/6/2026 20:14;No;LP;TOPP C;1;Bomba
LP - TOPP C - Rutina 1;117646;J-831 AM;la refrigeracion a los sellos es menor a 60C?;13/6/2026 20:14;No;LP;TOPP C;1;Bomba
LP - TOPP C - Rutina 1;117646;J-832 M;la presion del plan API, se encuentra por encima de los 8 kg/cm2?;13/6/2026 20:15;No;LP;TOPP C;1;Bomba
LP - TOPP C - Rutina 1;117646;J-832 M;la refrigeracion a los sellos es menor a 60C?;13/6/2026 20:15;No;LP;TOPP C;1;Bomba
LP - TOPP C - Rutina 1;117646;J-832 AM;la refrigeracion a los sellos es menor a 60C?;13/6/2026 20:15;No;LP;TOPP C;1;Bomba
LP - VBCLAUS - Rutina 4;116889;VACIO B CANAL DE PUMP OUT;¿Hay ausencia de agua?;12/6/2026 05:58;NO;LP;VBCLAUS;4;Sin clasificar
LP - VBCLAUS - Rutina 4;117709;VACIO B CANAL DE PUMP OUT;Hay ausencia de agua?;13/6/2026 16:11;NO;LP;VBCLAUS;4;Sin clasificar
LC - FCC - J671;116277;;Realizo prueba J671-3B?;11/6/2026 03:06;No;LC;FCC;671;Sin clasificar
PH - Platforming - RC A-300 Dosificaciones;117676;DOSIFICACIONES;Se realizo draguer de HCL? (SI/NO);13/6/2026 20:19;NO;PH;Platforming;#¡NUM!;Sin clasificar
PH - Platforming - RC A-300 Dosificaciones;117676;DOSIFICACIONES;Se realizo draguer de H2S ? (SI/NO);13/6/2026 20:19;NO;PH;Platforming;#¡NUM!;Sin clasificar
LP - CKB - R1 Camarista;117734;J508 AM;La refrigeracion de los sellos esta OK?;13/6/2026 08:39;No;LP;CKB;1;Sin clasificar
LP - CKB - R1 Camarista;117734;J508 AM;La refrigeracion de la bomba circula correctamente?;13/6/2026 08:39;No;LP;CKB;1;Sin clasificar
LP - CKB - R1 Camarista;117734;J509 M;La refrigeracion de los sellos esta OK?;13/6/2026 08:48;No;LP;CKB;1;Sin clasificar
LP - CKB - R1 Camarista;117734;J509 M;La refrigeracion de la bomba circula correctamente?;13/6/2026 08:48;No;LP;CKB;1;Sin clasificar
LP - CKB - R1 Camarista;117734;J509 AM;La refrigeracion de los sellos esta OK?;13/6/2026 08:42;No;LP;CKB;1;Sin clasificar
LP - CKB - R1 Camarista;117734;J509 AM;La refrigeracion de la bomba circula correctamente?;13/6/2026 08:42;No;LP;CKB;1;Sin clasificar
LP - CKB - R1 Camarista;117734;J510 M;La refrigeracion de los sellos esta OK?;13/6/2026 08:50;No;LP;CKB;1;Sin clasificar
LP - CKB - R1 Camarista;117734;J510 M;La refrigeracion de la bomba circula correctamente?;13/6/2026 08:50;No;LP;CKB;1;Sin clasificar
LP - CKB - R1 Camarista;117734;J510 AM;La refrigeracion de los sellos esta OK?;13/6/2026 08:51;No;LP;CKB;1;Sin clasificar
LP - CKB - R1 Camarista;117734;J510 AM;La refrigeracion de la bomba circula correctamente?;13/6/2026 08:51;No;LP;CKB;1;Sin clasificar
PH - Platforming - RC A-300 Compresores;117691;C-301 A - ALTA;Ha juntado liquido? ( SI/NO );13/6/2026 20:30;NO;PH;Platforming;#¡NUM!;Sin clasificar
PH - Platforming - RC A-300 Compresores;117691;C-301 A - INTERMEDIA;Ha juntado liquido? ( SI/NO );13/6/2026 20:30;NO;PH;Platforming;#¡NUM!;Sin clasificar
PH - Platforming - RC A-300 Compresores;117691;C-301 A - BAJA;Ha juntado liquido? ( SI/NO );13/6/2026 20:30;NO;PH;Platforming;#¡NUM!;Sin clasificar
PH - Platforming - RC A-300 Compresores;117691;C-301 B - ALTA;Ha juntado liquido? ( SI/NO );13/6/2026 20:28;NO;PH;Platforming;#¡NUM!;Sin clasificar
PH - Platforming - RC A-300 Compresores;117691;C-301 B - INTERMEDIA;Ha juntado liquido? ( SI/NO );13/6/2026 20:28;NO;PH;Platforming;#¡NUM!;Sin clasificar
PH - Platforming - RC A-300 Compresores;117691;C-301 B - BAJA;Ha juntado liquido? ( SI/NO );13/6/2026 20:28;NO;PH;Platforming;#¡NUM!;Sin clasificar
PH - Refinacion - RE_A-1000 RC;117702;API;Barredor de fondo disponible? (SI/NO);13/6/2026 20:50;No;PH;Refinacion;#¡NUM!;Sin clasificar
PH - Refinacion - RE_A-1000 RC;117702;API;Barredor de superficie disponible? (SI/NO);13/6/2026 20:50;No;PH;Refinacion;#¡NUM!;Sin clasificar
LP - ISOHTNCA - R 4 (17:30 hs);;F-1753;Esta abierta la H?;12/6/2026 17:44;No;LP;ISOHTNCA;4;Sin clasificar
LP - ISOHTNCA - R 4 (17:30 hs);;J-1760 M;Se observa correcta circulacion de fluidos (plan API)?;12/6/2026 17:48;No;LP;ISOHTNCA;4;Bomba
LP - ISOHTNCA - R 4 (17:30 hs);;J-1760 AM;Se observa correcta circulacion de fluidos (plan API)?;12/6/2026 17:49;No;LP;ISOHTNCA;4;Bomba
LP - ISOHTNCA - R 4 (17:30 hs);;J-1701 M;Se observa correcta circulacion de fluidos (plan API)?;12/6/2026 17:52;No;LP;ISOHTNCA;4;Bomba
LP - ISOHTNCA - R 4 (17:30 hs);;J-1701 AM;Se observa correcta circulacion de fluidos (plan API)?;12/6/2026 17:52;No;LP;ISOHTNCA;4;Bomba
LP - HTNCB - Rutina 1 (19:30 hs);;J-5612 B;Se observa pasaje en la descarga de la PSV?;13/6/2026 21:11;No;LP;HTNCB;1;Bomba
LP - HTNCB - Rutina 1 (19:30 hs);;J-5612 A;Se observa pasaje en la descarga de la PSV?;13/6/2026 21:12;No;LP;HTNCB;1;Bomba
LP - HTNCB - Rutina 1 (19:30 hs);;J-5608 A;La presion de buffer es menor a 6,8 BAR?;13/6/2026 21:24;No;LP;HTNCB;1;Bomba
LP - HTNCB - Rutina 1 (19:30 hs);;J-5602 A;La presion de buffer es menor a 12 BAR?;13/6/2026 21:17;No;LP;HTNCB;1;Bomba
QUIM - S100 - Compresor;117675;COMPRESOR V-121A;El calefactor esta encendido?;13/6/2026 20:19;No;QUIM;S100;#¡NUM!;Compresor
QUIM - S100 - Recorrida de Planta;117678;RECORRIDA DE PLANTA;¿PUEDE AFIRMAR QUE NO HAY BY PASSES ABIERTOS?;13/6/2026 20:19;NO;QUIM;S100;#¡NUM!;Sin clasificar
QUIM - S100 - Recorrida de Planta;117679;RECORRIDA DE PLANTA;PUEDE AFIRMAR QUE NO HAY BY PASSES ABIERTOS?;13/6/2026 20:19;NO;QUIM;S100;#¡NUM!;Sin clasificar
QUIM - S900 - Aero;117657;MM-902;MM-902-B PUEDE RECONOCER RUIDOS EXTRAOS?;13/6/2026 20:12;No;QUIM;S900;#¡NUM!;Sin clasificar
QUIM - S900 - Aero;117657;MM-902;MM-902-B HAY PRDIDAS?;13/6/2026 20:12;No;QUIM;S900;#¡NUM!;Sin clasificar
QUIM - S900 - Aero;117657;MM-902;MM-902-B HAY FALTANTES?;13/6/2026 20:12;No;QUIM;S900;#¡NUM!;Sin clasificar
QUIM - S900 - Aero;117657;MM-902;MM-902-C PUEDE RECONOCER RUIDOS EXTRAOS?;13/6/2026 20:12;No;QUIM;S900;#¡NUM!;Sin clasificar
QUIM - S900 - Aero;117657;MM-902;MM-902-C HAY PRDIDAS?;13/6/2026 20:12;No;QUIM;S900;#¡NUM!;Sin clasificar
QUIM - S900 - Aero;117657;MM-902;MM-902-C HAY FALTANTES?;13/6/2026 20:12;No;QUIM;S900;#¡NUM!;Sin clasificar
QUIM - S900 - Aero;117657;MM-902;MM-902-D PUEDE RECONOCER RUIDOS EXTRAOS?;13/6/2026 20:12;No;QUIM;S900;#¡NUM!;Sin clasificar
QUIM - S900 - Aero;117657;MM-902;MM-902-D HAY PRDIDAS?;13/6/2026 20:12;No;QUIM;S900;#¡NUM!;Sin clasificar
QUIM - S900 - Aero;117657;MM-902;MM-902-D HAY FALTANTES?;13/6/2026 20:12;No;QUIM;S900;#¡NUM!;Sin clasificar
QUIM - S900 - Aero;117657;MM-902;MM-902-E PUEDE RECONOCER RUIDOS EXTRAOS?;13/6/2026 20:12;No;QUIM;S900;#¡NUM!;Sin clasificar
QUIM - S900 - Aero;117657;MM-902;MM-902-E HAY PRDIDAS?;13/6/2026 20:12;No;QUIM;S900;#¡NUM!;Sin clasificar
QUIM - S900 - Aero;117657;MM-902;MM-902-E HAY FALTANTES?;13/6/2026 20:12;No;QUIM;S900;#¡NUM!;Sin clasificar
QUIM - S900 - Aero;117657;MM-902;MM-902-F PUEDE RECONOCER RUIDOS EXTRAOS?;13/6/2026 20:12;No;QUIM;S900;#¡NUM!;Sin clasificar
QUIM - S900 - Aero;117657;MM-902;MM-902-F HAY PRDIDAS?;13/6/2026 20:12;No;QUIM;S900;#¡NUM!;Sin clasificar
QUIM - S900 - Aero;117657;MM-902;MM-902-F HAY FALTANTES?;13/6/2026 20:12;No;QUIM;S900;#¡NUM!;Sin clasificar
QUIM - S900 - Aero;117657;MM-902;MM-902-G PUEDE RECONOCER RUIDOS EXTRAOS?;13/6/2026 20:12;No;QUIM;S900;#¡NUM!;Sin clasificar
QUIM - S900 - Aero;117657;MM-902;MM-902-G HAY PRDIDAS?;13/6/2026 20:12;No;QUIM;S900;#¡NUM!;Sin clasificar
QUIM - S900 - Aero;117657;MM-902;MM-902-G HAY FALTANTES?;13/6/2026 20:12;No;QUIM;S900;#¡NUM!;Sin clasificar
QUIM - S900 - Aero;117657;MM-902;MM-902-H PUEDE RECONOCER RUIDOS EXTRAOS?;13/6/2026 20:12;No;QUIM;S900;#¡NUM!;Sin clasificar
QUIM - S900 - Aero;117657;MM-902;MM-902-H HAY PRDIDAS?;13/6/2026 20:12;No;QUIM;S900;#¡NUM!;Sin clasificar
QUIM - S900 - Aero;117657;MM-902;MM-902-H HAY FALTANTES?;13/6/2026 20:12;No;QUIM;S900;#¡NUM!;Sin clasificar
QUIM - S900 - Aero;117657;MM-902;MM-902-I PUEDE RECONOCER RUIDOS EXTRAOS?;13/6/2026 20:12;No;QUIM;S900;#¡NUM!;Sin clasificar
QUIM - S900 - Aero;117657;MM-902;MM-902-I HAY PRDIDAS?;13/6/2026 20:12;No;QUIM;S900;#¡NUM!;Sin clasificar
QUIM - S900 - Aero;117657;MM-902;MM-902-I HAY FALTANTES?;13/6/2026 20:12;No;QUIM;S900;#¡NUM!;Sin clasificar
QUIM - S900 - Aero;117657;MM-902;MM-902-J PUEDE RECONOCER RUIDOS EXTRAOS?;13/6/2026 20:12;No;QUIM;S900;#¡NUM!;Sin clasificar
QUIM - S900 - Aero;117657;MM-902;MM-902-J HAY PRDIDAS?;13/6/2026 20:12;No;QUIM;S900;#¡NUM!;Sin clasificar
QUIM - S900 - Aero;117657;MM-902;MM-902-J HAY FALTANTES?;13/6/2026 20:12;No;QUIM;S900;#¡NUM!;Sin clasificar
QUIM - S900 - Aero;117657;MM-902;MM-902-L PUEDE RECONOCER RUIDOS EXTRAOS?;13/6/2026 20:12;No;QUIM;S900;#¡NUM!;Sin clasificar
QUIM - S900 - Aero;117657;MM-902;MM-902-L HAY PRDIDAS?;13/6/2026 20:12;No;QUIM;S900;#¡NUM!;Sin clasificar
QUIM - S900 - Aero;117657;MM-902;MM-902-L HAY FALTANTES?;13/6/2026 20:12;No;QUIM;S900;#¡NUM!;Sin clasificar
QUIM - S900 - Aero;117657;MM-904;MM-904-A PUEDE RECONOCER RUIDOS EXTRAOS?;13/6/2026 20:13;No;QUIM;S900;#¡NUM!;Sin clasificar
QUIM - S900 - Aero;117657;MM-904;MM-904-A HAY PRDIDAS?;13/6/2026 20:13;No;QUIM;S900;#¡NUM!;Sin clasificar
QUIM - S900 - Aero;117657;MM-904;MM-904-A HAY FALTANTES?;13/6/2026 20:13;No;QUIM;S900;#¡NUM!;Sin clasificar
QUIM - S900 - Aero;117657;MM-904;MM-904-B PUEDE RECONOCER RUIDOS EXTRAOS?;13/6/2026 20:13;No;QUIM;S900;#¡NUM!;Sin clasificar
QUIM - S900 - Aero;117657;MM-904;MM-904-B HAY PRDIDAS?;13/6/2026 20:13;No;QUIM;S900;#¡NUM!;Sin clasificar
QUIM - S900 - Aero;117657;MM-904;MM-904-B HAY FALTANTES?;13/6/2026 20:13;No;QUIM;S900;#¡NUM!;Sin clasificar
QUIM - S900 - Aero;117657;MM-906;MM-906-A PUEDE RECONOCER RUIDOS EXTRAOS?;13/6/2026 20:10;No;QUIM;S900;#¡NUM!;Sin clasificar
QUIM - S900 - Aero;117657;MM-906;MM-906-A HAY PRDIDAS?;13/6/2026 20:11;No;QUIM;S900;#¡NUM!;Sin clasificar
QUIM - S900 - Aero;117657;MM-906;MM-906-B PUEDE RECONOCER RUIDOS EXTRAOS?;13/6/2026 20:11;No;QUIM;S900;#¡NUM!;Sin clasificar
QUIM - S900 - Aero;117657;MM-906;MM-906-B HAY PRDIDAS?;13/6/2026 20:11;No;QUIM;S900;#¡NUM!;Sin clasificar
QUIM - S900 - Aero;117657;MM-906;MM-906-B HAY FALTANTES?;13/6/2026 20:11;No;QUIM;S900;#¡NUM!;Sin clasificar
QUIM - S100 - Rotantes;116997;J-124 A;Esta colocada la chapa a pump out?;12/6/2026 08:42;NO;QUIM;S100;#¡NUM!;Bomba
QUIM - S100 - Rotantes;116997;J-124 B;Esta colocada la chapa a pump out?;12/6/2026 08:42;NO;QUIM;S100;#¡NUM!;Bomba
QUIM - S100 - Rotantes;116997;J-174 A;Esta colocada la chapa a pump out?;12/6/2026 08:42;NO;QUIM;S100;#¡NUM!;Bomba
QUIM - S100 - Rotantes;116997;J-174 B;Esta colocada la chapa a pump out?;12/6/2026 08:42;NO;QUIM;S100;#¡NUM!;Bomba
QUIM - S900 - Bombas;117642;J-901-A;Existen perdidas de aceite?;13/6/2026 20:03;No;QUIM;S900;#¡NUM!;Bomba
QUIM - S900 - Bombas;117642;J-901-B;Existen perdidas de aceite?;13/6/2026 20:03;No;QUIM;S900;#¡NUM!;Bomba
QUIM - S900 - Bombas;117642;J-903-A;Presenta perdidas a atmosfera?;13/6/2026 20:06;No;QUIM;S900;#¡NUM!;Bomba
QUIM - S900 - Bombas;117642;J-903-B;Presenta perdidas a atmosfera?;13/6/2026 20:06;No;QUIM;S900;#¡NUM!;Bomba
QUIM - S900 - Bombas;117642;J-921-A;Presenta perdidas a atmosfera?;13/6/2026 20:07;No;QUIM;S900;#¡NUM!;Bomba
QUIM - S900 - Bombas;117642;J-921-B;Presenta perdidas a atmosfera?;13/6/2026 20:07;No;QUIM;S900;#¡NUM!;Bomba
QUIM - S900 - Bombas;117642;J-906-A;Presenta perdidas a atmosfera?;13/6/2026 20:07;No;QUIM;S900;#¡NUM!;Bomba
QUIM - S900 - Bombas;117642;J-906-B;Presenta perdidas a atmosfera?;13/6/2026 20:07;No;QUIM;S900;#¡NUM!;Bomba
QUIM - S900 - Bombas;117642;J-927;Existen perdidas de aceite?;13/6/2026 20:04;No;QUIM;S900;#¡NUM!;Bomba
QUIM - S900 - Bombas;117642;J-933-B;Presenta perdidas a atmosfera?;13/6/2026 20:04;No;QUIM;S900;#¡NUM!;Bomba
QUIM - S900 - Bombas;117642;J-934-B;Presenta perdidas a atmosfera?;13/6/2026 20:05;No;QUIM;S900;#¡NUM!;Bomba
QUIM - S900 - Bombas;117642;J-931-A;Presenta perdidas a atmosfera?;13/6/2026 20:02;No;QUIM;S900;#¡NUM!;Bomba
QUIM - S900 - Bombas;117642;J-931-B;Tubing de lubricacion por niebla cegado?;13/6/2026 20:02;No;QUIM;S900;#¡NUM!;Bomba
QUIM - S900 - Bombas;117642;B-921;Presenta perdidas a atmosfera?;13/6/2026 20:06;No;QUIM;S900;#¡NUM!;Sin clasificar
QUIM - S900 - Bombas;117642;B-922;Presenta perdidas a atmosfera?;13/6/2026 20:09;No;QUIM;S900;#¡NUM!;Sin clasificar
QUIM - S900 - Bombas;117642;B-923;Presenta perdidas a atmosfera?;13/6/2026 20:09;No;QUIM;S900;#¡NUM!;Sin clasificar
QUIM - S900 - Bombas;117642;B-924;Presenta perdidas a atmosfera?;13/6/2026 20:10;No;QUIM;S900;#¡NUM!;Sin clasificar
QUIM - S900 - Recorrida Planta;117669;RECORRIDA DE PLANTA;ES CORRECTA LA ILUMINACION?;13/6/2026 20:13;No;QUIM;S900;#¡NUM!;Sin clasificar
QUIM - S900 - Recorrida Planta;117669;RECORRIDA DE PLANTA;SE REALIZO EL PURGADO DE GREEN OIL EN O-905?;13/6/2026 20:14;No;QUIM;S900;#¡NUM!;Sin clasificar
QUIM - S900 - Recorrida Planta;117669;RECORRIDA DE PLANTA;HAY PRDIDAS DE HC?;13/6/2026 20:14;No;QUIM;S900;#¡NUM!;Sin clasificar
QUIM - S900 - Recorrida Planta;117669;RECORRIDA DE PLANTA;HAY EQUIPOS ABIERTOS?;13/6/2026 20:14;No;QUIM;S900;#¡NUM!;Sin clasificar
QUIM - S900 - Recorrida Planta;117669;RECORRIDA DE PLANTA;HAY VENTEOS A ANTORCHA ABIERTOS?;13/6/2026 20:14;No;QUIM;S900;#¡NUM!;Sin clasificar
QUIM - S900 - Recorrida Planta;117669;RECORRIDA DE PLANTA;ES CORRECTO EL ESTADO DE LOS TOMA MUESTRAS?;13/6/2026 20:14;No;QUIM;S900;#¡NUM!;Sin clasificar
LP - TOPP D - Rutina 4 Op B;117737;TRINCHERA CALLE 18 Y 23;Hay ausencia de agua?;13/6/2026 17:02;NO;LP;TOPP D;4;Sin clasificar
LP - TOPP D - Rutina 4 Op B;117738;TRINCHERA CALLE 18 Y 23;Hay ausencia de agua?;13/6/2026 23:30;NO;LP;TOPP D;4;Sin clasificar
LP - CKA - COMPRESORISTA;;J-304 BMN;Se encuentra el calentamiento habilitado?;13/6/2026 21:47;No;LP;CKA;#¡NUM!;Bomba
LP - CKA - COMPRESORISTA;;J-307 BMN;Se encuentra el calentamiento habilitado?;13/6/2026 21:45;No;LP;CKA;#¡NUM!;Bomba
LP - CKA - COMPRESORISTA;;J-315 AMN;La presion de fluido barrera esta en 0 kg/cm2?;13/6/2026 21:41;No;LP;CKA;#¡NUM!;Bomba
LP - CKB - R1 Camarista;117750;J508 AM;La refrigeracion de los sellos esta OK?;13/6/2026 08:39;No;LP;CKB;1;Sin clasificar
LP - CKB - R1 Camarista;117750;J508 AM;La refrigeracion de la bomba circula correctamente?;13/6/2026 08:39;No;LP;CKB;1;Sin clasificar
LP - CKB - R1 Camarista;117750;J509 M;La refrigeracion de los sellos esta OK?;13/6/2026 08:48;No;LP;CKB;1;Sin clasificar
LP - CKB - R1 Camarista;117750;J509 M;La refrigeracion de la bomba circula correctamente?;13/6/2026 08:48;No;LP;CKB;1;Sin clasificar
LP - CKB - R1 Camarista;117750;J509 AM;La refrigeracion de los sellos esta OK?;13/6/2026 08:42;No;LP;CKB;1;Sin clasificar
LP - CKB - R1 Camarista;117750;J509 AM;La refrigeracion de la bomba circula correctamente?;13/6/2026 08:42;No;LP;CKB;1;Sin clasificar
LP - CKB - R1 Camarista;117750;J510 M;La refrigeracion de los sellos esta OK?;13/6/2026 08:50;No;LP;CKB;1;Sin clasificar
LP - CKB - R1 Camarista;117750;J510 M;La refrigeracion de la bomba circula correctamente?;13/6/2026 08:50;No;LP;CKB;1;Sin clasificar
LP - CKB - R1 Camarista;117750;J510 AM;La refrigeracion de los sellos esta OK?;13/6/2026 08:51;No;LP;CKB;1;Sin clasificar
LP - CKB - R1 Camarista;117750;J510 AM;La refrigeracion de la bomba circula correctamente?;13/6/2026 08:51;No;LP;CKB;1;Sin clasificar
LP - CKB - R2 Camarista;117751;J-512 A;La Presion de circuito de lubricacion es mayor a 4kg?;13/6/2026 09:00;No;LP;CKB;2;Bomba
LP - CKB - R2 Camarista;117751;J-512 A;La Presion diferencial de aceite es menor a 1 kg?;13/6/2026 09:00;No;LP;CKB;2;Bomba
LP - CKB - R2 Camarista;117751;J-513;La Presion de circuito de lubricacion es mayor a 4kg?;13/6/2026 09:02;No;LP;CKB;2;Bomba
LP - CKB - R2 Camarista;117751;J-513;La Presion diferencial de aceite es menor a 1 kg?;13/6/2026 09:02;No;LP;CKB;2;Bomba
LP - FCCB - FRACC R1;117752;J-7109 AM;Se encuentra en reserva la bomba auxiliar de aceite?;14/6/2026 00:10;No;LP;FCCB;1;Bomba
LP - FCCB - FRACC R1;117752;J-7103 M;La asistencia de vapor esta habilitada?;13/6/2026 23:55;No;LP;FCCB;1;Bomba
LP - FCCB - FRACC R1;117752;J-7103 AM;La asistencia de vapor esta habilitada?;13/6/2026 23:56;No;LP;FCCB;1;Bomba
LP - FCCB - FRACC R1;117752;J-7112 M;El visor de aceite de niebla esta vacio?;13/6/2026 23:59;No;LP;FCCB;1;Bomba
LP - FCCB - FRACC R1;117752;J-7120 M;esta en Automatico?;14/6/2026 00:02;No;LP;FCCB;1;Bomba
LP - FCCB - FRACC R1;117752;J-7120 AM;esta en Automatico?;14/6/2026 00:02;No;LP;FCCB;1;Bomba
LP - PDA - Rutina 3 Operador PDA;117755;PDA DRENAJES;Hay ausencia de hidrocarburos?;14/6/2026 00:04;No;LP;PDA;3;Sin clasificar
LP - PDA - Rutina 3 Operador PDA;117755;PDA TRINCHERA CALLE 10 E/ 29 Y 33;Hay ausencia de agua?;14/6/2026 00:04;No;LP;PDA;3;Sin clasificar
LP - PDA - Rutina 3 Operador PDA;117755;PDA TRINCHERA CALLE 10 E/ 29 Y 33;Hay ausencia de hidrocarburos?;14/6/2026 00:04;No;LP;PDA;3;Sin clasificar
LP - PDA - Rutina 3 Operador PDA;117755;PDA TRINCHERA CALLE 29;Hay ausencia de agua?;14/6/2026 00:04;No;LP;PDA;3;Sin clasificar
LP - PDA - Rutina 3 Operador PDA;117755;PDA TRINCHERA CALLE 29;Hay ausencia de hidrocarburos?;14/6/2026 00:04;No;LP;PDA;3;Sin clasificar
LP - PDA - Rutina 2 Operador PDA;117754;HORNO BA-201;El nivel del ha-201 se encuentra visible?;14/6/2026 00:01;No;LP;PDA;2;Horno
LP - PDA - Rutina 2 Operador PDA;117754;COMPRESOR JC-44201 MR;Hay ausencia de ruidos o vibraciones anormales?;14/6/2026 00:02;No;LP;PDA;2;Compresor
LP - PDA - Rutina 2 Operador PDA;117754;AEROENFRIADORES;JV-44230 M-Las correas se encuentran en buen estado?;14/6/2026 00:03;No;LP;PDA;2;Sin clasificar
LP - CKB - General;117760;J505 M;Se observan fugas por la tapa o tapon de la retencion?;14/6/2026 00:37;No;LP;CKB;#¡NUM!;Sin clasificar
LP - CKB - General;117761;J505 AM;Se observan fugas por la tapa o tapon de la retencion?;14/6/2026 00:37;No;LP;CKB;#¡NUM!;Sin clasificar
LP - CKA - CAMARISTA;117680;J-309 BMN;La refrigeracion de los sellos esta OK?;13/6/2026 20:43;No;LP;CKA;#¡NUM!;Bomba
LP - CKA - CAMARISTA;117680;J-309 BMN;La refrigeracion de la bomba circula correctamente?;13/6/2026 20:43;No;LP;CKA;#¡NUM!;Bomba
LP - CKA - CAMARISTA;117680;J-305 AMN;Esta en Automatico?;13/6/2026 20:44;No;LP;CKA;#¡NUM!;Bomba
LP - CKA - CAMARISTA;117680;J-305 AMN;La presion de fluido barrera esta por encima de 6 kg/cm2?;13/6/2026 20:44;No;LP;CKA;#¡NUM!;Bomba
LP - CKA - CAMARISTA;117680;J-305 BMN;La presion de fluido barrera esta por encima de 6 kg/cm2?;13/6/2026 20:45;No;LP;CKA;#¡NUM!;Bomba
LP - CKA - CAMARISTA;117680;J-305 BMN;Hay ausencia de ruidos, vibraciones anormales y perdida de fluidos?;13/6/2026 20:45;No;LP;CKA;#¡NUM!;Bomba
LP - CKA - CAMARISTA;117680;J-373 AMN;Esta en Automatico?;13/6/2026 20:45;No;LP;CKA;#¡NUM!;Bomba
LP - CKA - CAMARISTA;117680;J-373 BMN;La presion de fluido barrera esta por encima de 6 kg/cm2?;13/6/2026 20:46;No;LP;CKA;#¡NUM!;Bomba
LP - CKA - CAMARISTA;117680;J-375 AMN;La refrigeracion de los sellos esta OK?;13/6/2026 20:47;No;LP;CKA;#¡NUM!;Bomba
LP - CKA - CAMARISTA;117680;J-375 AMN;La presion de fluido barrera esta por encima de 6 kg/cm2?;13/6/2026 20:47;No;LP;CKA;#¡NUM!;Bomba
LP - CKA - CAMARISTA;117680;J-375 AMN;La refrigeracion de la bomba circula correctamente?;13/6/2026 20:47;No;LP;CKA;#¡NUM!;Bomba
LP - CKA - CAMARISTA;117680;J-375 AMN;Hay ausencia de perdida de fluidos?;13/6/2026 20:47;No;LP;CKA;#¡NUM!;Bomba
LP - CKA - CAMARISTA;117680;J-375 BMN;La refrigeracion de los sellos esta OK?;13/6/2026 20:47;No;LP;CKA;#¡NUM!;Bomba
LP - CKA - CAMARISTA;117680;J-375 BMN;La presion de fluido barrera esta por encima de 6 kg/cm2?;13/6/2026 20:47;No;LP;CKA;#¡NUM!;Bomba
LP - CKA - CAMARISTA;117680;J-375 BMN;La refrigeracion de la bomba circula correctamente?;13/6/2026 20:47;No;LP;CKA;#¡NUM!;Bomba
LP - CKA - CAMARISTA;117680;J-374 AMN;La refrigeracion de los sellos esta OK?;13/6/2026 20:47;No;LP;CKA;#¡NUM!;Bomba
LP - CKA - CAMARISTA;117680;J-374 AMN;La presion de fluido barrera esta por encima de 6 kg/cm2?;13/6/2026 20:48;No;LP;CKA;#¡NUM!;Bomba
LP - CKA - CAMARISTA;117680;J-374 AMN;La refrigeracion de la bomba circula correctamente?;13/6/2026 20:48;No;LP;CKA;#¡NUM!;Bomba
LP - CKA - CAMARISTA;117680;J-374 AMN;Hay ausencia de ruidos, vibraciones anormales y perdida de fluidos?;13/6/2026 20:48;No;LP;CKA;#¡NUM!;Bomba
LP - CKA - CAMARISTA;117680;J-395 AMN;Esta en Automatico?;13/6/2026 20:43;No;LP;CKA;#¡NUM!;Bomba
LP - CKA - CAMARISTA;117680;JV-C 311 AN1;El nivel de aceite es correcto?;13/6/2026 20:34;No;LP;CKA;#¡NUM!;Aero
LP - CKA - CAMARISTA;117680;JV-C 311 AN2;El nivel de aceite es correcto?;13/6/2026 20:35;No;LP;CKA;#¡NUM!;Aero
LP - CKA - CAMARISTA;117680;JV-C 311 BN1;El nivel de aceite es correcto?;13/6/2026 20:34;No;LP;CKA;#¡NUM!;Aero
LP - CKA - CAMARISTA;117680;JV-C 311 BN2;El nivel de aceite es correcto?;13/6/2026 20:35;No;LP;CKA;#¡NUM!;Aero
LP - CKA - CAMARISTA;117680;JV-C 311 CN1;El nivel de aceite es correcto?;13/6/2026 20:34;No;LP;CKA;#¡NUM!;Aero
LP - CKA - CAMARISTA;117680;JV-C 311 CN2;El nivel de aceite es correcto?;13/6/2026 20:35;No;LP;CKA;#¡NUM!;Aero
LP - CKA - CAMARISTA;117680;JV-C 311 CN2;Hay ausencia de ruidos o vibraciones anormales?;13/6/2026 20:35;No;LP;CKA;#¡NUM!;Aero
LP - CKA - CAMARISTA;117680;JV-C 311 DN1;El nivel de aceite es correcto?;13/6/2026 20:34;No;LP;CKA;#¡NUM!;Aero
LP - CKA - CAMARISTA;117680;JV-C 311 DN2;El nivel de aceite es correcto?;13/6/2026 20:35;No;LP;CKA;#¡NUM!;Aero
LP - CKA - CAMARISTA;117680;JV-C 311 DN2;Hay ausencia de ruidos o vibraciones anormales?;13/6/2026 20:36;No;LP;CKA;#¡NUM!;Aero
LP - CKA - CAMARISTA;117680;JV-C 311 EN1;El nivel de aceite es correcto?;13/6/2026 20:33;No;LP;CKA;#¡NUM!;Aero
LP - CKA - CAMARISTA;117680;JV-C 311 EN2;El nivel de aceite es correcto?;13/6/2026 20:36;No;LP;CKA;#¡NUM!;Aero
LP - CKA - CAMARISTA;117680;JV-C 311 FN1;El nivel de aceite es correcto?;13/6/2026 20:32;No;LP;CKA;#¡NUM!;Aero
LP - CKA - CAMARISTA;117680;JV-C 311 FN2;El nivel de aceite es correcto?;13/6/2026 20:36;No;LP;CKA;#¡NUM!;Aero
LP - CKA - CAMARISTA;117680;DRENAJES;Hay ausencia de hidrocarburos?;13/6/2026 20:48;No;LP;CKA;#¡NUM!;Sin clasificar
LP - CKA - CAMARISTA;117769;J-309 BMN;La refrigeracion de los sellos esta OK?;14/6/2026 01:01;No;LP;CKA;#¡NUM!;Bomba
LP - CKA - CAMARISTA;117769;J-309 BMN;La refrigeracion de la bomba circula correctamente?;14/6/2026 01:01;No;LP;CKA;#¡NUM!;Bomba
LP - CKA - CAMARISTA;117769;J-305 AMN;Esta en Automatico?;14/6/2026 01:02;No;LP;CKA;#¡NUM!;Bomba
LP - CKA - CAMARISTA;117769;J-305 AMN;La presion de fluido barrera esta por encima de 6 kg/cm2?;14/6/2026 01:02;No;LP;CKA;#¡NUM!;Bomba
LP - CKA - CAMARISTA;117769;J-305 BMN;La presion de fluido barrera esta por encima de 6 kg/cm2?;14/6/2026 01:03;No;LP;CKA;#¡NUM!;Bomba
LP - CKA - CAMARISTA;117769;J-305 BMN;Hay ausencia de ruidos, vibraciones anormales y perdida de fluidos?;14/6/2026 01:03;No;LP;CKA;#¡NUM!;Bomba
LP - CKA - CAMARISTA;117769;J-373 AMN;Esta en Automatico?;14/6/2026 01:03;No;LP;CKA;#¡NUM!;Bomba
LP - CKA - CAMARISTA;117769;J-373 BMN;La presion de fluido barrera esta por encima de 6 kg/cm2?;14/6/2026 01:04;No;LP;CKA;#¡NUM!;Bomba
LP - CKA - CAMARISTA;117769;J-375 AMN;La refrigeracion de los sellos esta OK?;14/6/2026 01:05;No;LP;CKA;#¡NUM!;Bomba
LP - CKA - CAMARISTA;117769;J-375 AMN;La presion de fluido barrera esta por encima de 6 kg/cm2?;14/6/2026 01:05;No;LP;CKA;#¡NUM!;Bomba
LP - CKA - CAMARISTA;117769;J-375 AMN;La refrigeracion de la bomba circula correctamente?;14/6/2026 01:05;No;LP;CKA;#¡NUM!;Bomba
LP - CKA - CAMARISTA;117769;J-375 BMN;La refrigeracion de los sellos esta OK?;14/6/2026 01:06;No;LP;CKA;#¡NUM!;Bomba
LP - CKA - CAMARISTA;117769;J-375 BMN;La presion de fluido barrera esta por encima de 6 kg/cm2?;14/6/2026 01:06;No;LP;CKA;#¡NUM!;Bomba
LP - CKA - CAMARISTA;117769;J-375 BMN;La refrigeracion de la bomba circula correctamente?;14/6/2026 01:06;No;LP;CKA;#¡NUM!;Bomba
LP - CKA - CAMARISTA;117769;J-375 BMN;Hay ausencia de ruidos, vibraciones anormales y perdida de fluidos?;14/6/2026 01:06;No;LP;CKA;#¡NUM!;Bomba
LP - CKA - CAMARISTA;117769;J-374 AMN;La refrigeracion de los sellos esta OK?;14/6/2026 01:07;No;LP;CKA;#¡NUM!;Bomba
LP - CKA - CAMARISTA;117769;J-374 AMN;La presion de fluido barrera esta por encima de 6 kg/cm2?;14/6/2026 01:07;No;LP;CKA;#¡NUM!;Bomba
LP - CKA - CAMARISTA;117769;J-374 AMN;La refrigeracion de la bomba circula correctamente?;14/6/2026 01:07;No;LP;CKA;#¡NUM!;Bomba
LP - CKA - CAMARISTA;117769;J-374 AMN;Hay ausencia de ruidos, vibraciones anormales y perdida de fluidos?;14/6/2026 01:07;No;LP;CKA;#¡NUM!;Bomba
LP - CKA - CAMARISTA;117769;J-395 AMN;Esta en Automatico?;14/6/2026 01:00;No;LP;CKA;#¡NUM!;Bomba
LC - FCC - J671;117725;;Realizo prueba J671-3B?;13/6/2026 21:56;No;LC;FCC;671;Sin clasificar
LP - TOPP C - Rutina 5 Merichem;117741;J-861 M;Se mantiene completo el LOTO?;13/6/2026 23:36;No;LP;TOPP C;5;Bomba
LP - TOPP C - Rutina 5 Merichem;117741;J-863 M;Se mantiene completo el LOTO?;13/6/2026 23:37;No;LP;TOPP C;5;Bomba
LP - BLENDING - Sala K13 Salida 1930;117686;J-2014 M;Se mantiene completo el LOTO?;13/6/2026 20:26;No;LP;BLENDING;13;Bomba
LP - BLENDING - Sala K13 Salida 1930;117686;J-2014 AM;Se mantiene completo el LOTO?;13/6/2026 20:26;No;LP;BLENDING;13;Bomba
LP - BLENDING - Sala K13 Salida 1930;117686;J-2025 MR;LP_BLENDING_SalaK13Salida_J-2025MR_LOTOCompl Se mantiene completo el LOTO?;13/6/2026 20:25;No;LP;BLENDING;13;Bomba
LP - BLENDING - Sala K13 Salida 1930;117686;CALLE 14 ENTRE 37 Y 39;Hay ausencia de perdidas en caerias de trinchera?;13/6/2026 20:40;No;LP;BLENDING;13;Sin clasificar
LP - BLENDING - Sala K13 Salida 1930;117686;CALLE 30 ENTRE TK 6404 Y LAS;Hay ausencia de hidrocarburos?;13/6/2026 20:49;No;LP;BLENDING;13;Tanque
LP - BLENDING - Sala K13 Salida 1930;117686;DRENAJES;Hay ausencia de nivel de hidrocarburos?;13/6/2026 20:49;No;LP;BLENDING;13;Sin clasificar
LP - BLENDING - Sala K13 Salida 1930;117686;CALLE 49 ENTRE Tk 5120 Y 30;Hay ausencia de perdidas en caerias de trinchera?;13/6/2026 20:50;No;LP;BLENDING;13;Sin clasificar
LP - TOPP C - Rutina 4;117776;SENTINA COQUE A VIEJO;La J-370M se encuentra disponible?;14/6/2026 01:54;No;LP;TOPP C;4;Sin clasificar
LP - PLATFORMING - R2 (23 hs);117735;HORNOS;El nivel del separador liquido se encuentra visible?;13/6/2026 22:55;No;LP;PLATFORMING;2;Horno
LP - PLATFORMING - R2 (23 hs);117735;HORNO B-1905;Se encuentran todos los pilotos encendidos?;13/6/2026 22:55;No;LP;PLATFORMING;2;Horno
LP - ISOHTNCA - R 2 (23 hs);117736;COMPRESORES HTNI;Hay ausencia de alarmas en el tablero?;13/6/2026 23:04;No;LP;ISOHTNCA;2;Compresor
LP - MEKREF - Rutina 3 Op Refrigeracion;116525;JR-40402 AMR;Los ejes estan todos en servicio?;11/6/2026 14:06;No;LP;MEKREF;3;Sin clasificar
LP - MEKREF - Rutina 3 Op Refrigeracion;116525;JR-40401 BMR;Los ejes estan todos en servicio?;11/6/2026 14:06;No;LP;MEKREF;3;Sin clasificar
LP - MEKREF - Rutina 3 Op Refrigeracion;116525;JR-40401 CMR;Los ejes estan todos en servicio?;11/6/2026 14:06;No;LP;MEKREF;3;Sin clasificar
LP - MEKREF - Rutina 3 Op Refrigeracion;116525;JR-40402 CMR;Los ejes estan todos en servicio?;11/6/2026 14:05;No;LP;MEKREF;3;Sin clasificar
LP - MEKREF - Rutina 3 Op Refrigeracion;116525;JR-40404 MR;Los ejes estan todos en servicio?;11/6/2026 14:05;No;LP;MEKREF;3;Sin clasificar
LP - MEKREF - Rutina 3 Op Refrigeracion;116525;JR-40403 AMR;Los ejes estan todos en servicio?;11/6/2026 14:05;No;LP;MEKREF;3;Sin clasificar
LP - MEKREF - Rutina 3 Op Refrigeracion;116525;JR-40403 BMR;Los ejes estan todos en servicio?;11/6/2026 14:05;No;LP;MEKREF;3;Sin clasificar
LP - MEKREF - Rutina 3 Op Refrigeracion;116525;JR-40404 BMR;Los ejes estan todos en servicio?;11/6/2026 14:04;No;LP;MEKREF;3;Sin clasificar
LP - MEKREF - Rutina 3 Op Refrigeracion;116525;JR-40403 CMR;Los ejes estan todos en servicio?;11/6/2026 14:04;No;LP;MEKREF;3;Sin clasificar
LP - MEKREF - Rutina 3 Op Refrigeracion;116525;JR-40404 CMR;Los ejes estan todos en servicio?;11/6/2026 14:04;No;LP;MEKREF;3;Sin clasificar
LP - MEKREF - Rutina 2 Op Refrigeracion;117147;JC-40440 T;La presion diferencial de filtro de aceite es menor a 1 kg?;12/6/2026 16:37;No;LP;MEKREF;2;Compresor
LP - CENTRAL I - Salida 4;117787;TRINCHERAS;Hay ausencia de agua?;14/6/2026 03:24;No;LP;CENTRAL I;4;Sin clasificar
LP - MEKHTA - Rutina 1 Op Recup HTA;117786;J-40432 M;Se encuentra el calentamiento habilitado?;14/6/2026 03:18;NO;LP;MEKHTA;1;Bomba
LP - MEKHTA - Rutina 1 Op Recup HTA;117786;J-40432 M;Se observa correcta circulacion de fluidos?;14/6/2026 03:18;NO;LP;MEKHTA;1;Bomba
LP - MEKHTA - Rutina 1 Op Recup HTA;117786;J-40420 M;Se observa correcta circulacion de fluidos?;14/6/2026 03:20;NO;LP;MEKHTA;1;Bomba
LP - MEKHTA - Rutina 1 Op Recup HTA;117786;J-40482 T;Se observa correcta circulacion de fluidos?;14/6/2026 03:22;NO;LP;MEKHTA;1;Bomba
LP - MEKHTA - Rutina 1 Op Recup HTA;117786;J-40461 AM;Se observa correcta circulacion de fluidos?;14/6/2026 03:23;NO;LP;MEKHTA;1;Bomba
LP - MEKHTA - Rutina 1 Op Recup HTA;117786;J-40473 AM;Se observa correcta circulacion de fluidos?;14/6/2026 03:25;NO;LP;MEKHTA;1;Bomba
LP - MEKHTA - Rutina 1 Op Recup HTA;117786;J-40463 M;Se observa correcta circulacion de fluidos?;14/6/2026 03:26;NO;LP;MEKHTA;1;Bomba
LP - MEKHTA - Rutina 1 Op Recup HTA;117786;J-40451 M;Se observa correcta circulacion de fluidos?;14/6/2026 03:27;NO;LP;MEKHTA;1;Bomba
LP - MEKHTA - Rutina 1 Op Recup HTA;117786;J-40453 M;Se observa correcta circulacion de fluidos?;14/6/2026 03:27;NO;LP;MEKHTA;1;Bomba
LP - MEKHTA - Rutina 1 Op Recup HTA;117786;J-41601 T;Se observa correcta circulacion de fluidos?;14/6/2026 03:27;NO;LP;MEKHTA;1;Bomba
LP - MEKHTA - Rutina 1 Op Recup HTA;117786;J-41602 AM;Se observa correcta circulacion de fluidos?;14/6/2026 03:30;NO;LP;MEKHTA;1;Bomba
LP - MEKHTA - Rutina 1 Op Recup HTA;117786;J-41603 M;Se observa correcta circulacion de fluidos?;14/6/2026 03:30;NO;LP;MEKHTA;1;Bomba
LP - MEKHTA - Rutina 1 Op Recup HTA;117786;J-41604 M;Se observa correcta circulacion de fluidos?;14/6/2026 03:29;NO;LP;MEKHTA;1;Bomba
LP - CENTRAL I - Salida 1;117792;JV-2201 TR;Hay ausencia de ruidos, vibraciones anormales y perdida de fluidos?;14/6/2026 03:43;No;LP;CENTRAL I;1;Aero
LP - CENTRAL I - Salida 1;117792;JV-2202 TR;Hay ausencia de ruidos, vibraciones anormales y perdida de fluidos?;14/6/2026 03:38;No;LP;CENTRAL I;1;Aero
LP - CENTRAL I - Salida 1;117792;JC-2808 M;Hay ausencia de ruidos, vibraciones anormales y perdida de fluidos?;14/6/2026 03:36;No;LP;CENTRAL I;1;Compresor
LP - CENTRAL I - Salida 1;117792;JC-2808 T;Hay ausencia de ruidos, vibraciones anormales y perdida de fluidos?;14/6/2026 03:36;No;LP;CENTRAL I;1;Compresor
LP - MEKREF - Rutina 3 Op Refrigeracion;117788;JR-40401 MR;Los ejes estan todos en servicio?;14/6/2026 03:24;No;LP;MEKREF;3;Sin clasificar
LP - MEKREF - Rutina 3 Op Refrigeracion;117788;JR-40402 MR;Los ejes estan todos en servicio?;14/6/2026 03:24;No;LP;MEKREF;3;Sin clasificar
LP - MEKREF - Rutina 3 Op Refrigeracion;117788;JR-40402 AMR;Los ejes estan todos en servicio?;14/6/2026 03:24;No;LP;MEKREF;3;Sin clasificar
LP - MEKREF - Rutina 3 Op Refrigeracion;117788;JR-40401 BMR;Los ejes estan todos en servicio?;14/6/2026 03:24;No;LP;MEKREF;3;Sin clasificar
LP - MEKREF - Rutina 3 Op Refrigeracion;117788;JR-40401 CMR;Los ejes estan todos en servicio?;14/6/2026 03:25;No;LP;MEKREF;3;Sin clasificar
LP - MEKREF - Rutina 3 Op Refrigeracion;117788;JR-40402 CMR;Los ejes estan todos en servicio?;14/6/2026 03:25;No;LP;MEKREF;3;Sin clasificar
LP - MEKREF - Rutina 3 Op Refrigeracion;117788;JR-40404 MR;Los ejes estan todos en servicio?;14/6/2026 03:26;No;LP;MEKREF;3;Sin clasificar
LP - MEKREF - Rutina 3 Op Refrigeracion;117788;JR-40403 AMR;Los ejes estan todos en servicio?;14/6/2026 03:26;No;LP;MEKREF;3;Sin clasificar
LP - MEKREF - Rutina 3 Op Refrigeracion;117788;JR-40404 AMR;Los ejes estan todos en servicio?;14/6/2026 03:26;No;LP;MEKREF;3;Sin clasificar
LP - MEKREF - Rutina 3 Op Refrigeracion;117788;JR-40403 BMR;Los ejes estan todos en servicio?;14/6/2026 03:26;No;LP;MEKREF;3;Sin clasificar
LP - MEKREF - Rutina 3 Op Refrigeracion;117788;JR-40404 BMR;Los ejes estan todos en servicio?;14/6/2026 03:26;No;LP;MEKREF;3;Sin clasificar
LP - MEKREF - Rutina 3 Op Refrigeracion;117788;JR-40403 CMR;Los ejes estan todos en servicio?;14/6/2026 03:27;No;LP;MEKREF;3;Sin clasificar
LP - REDES - Rutina TH;117634;J-22602 TR;el equipo se encuentra rotando?;14/6/2026 02:19;No;LP;REDES;#¡NUM!;Bomba
LP - REDES - Rutina TH;117634;JQ-22301 M;esta en automatico?;14/6/2026 02:28;No;LP;REDES;#¡NUM!;Bomba
LP - REDES - Rutina TH;117634;J-22303 TR;El aspecto del aceite esta correcto?;14/6/2026 02:30;No;LP;REDES;#¡NUM!;Bomba
LP - REDES - Rutina TH;117634;JQ-22303 M;Esta en automatico?;14/6/2026 02:30;No;LP;REDES;#¡NUM!;Bomba
LP - REDES - Rutina TH;117634;JQ-22304 M;esta en automatico?;14/6/2026 02:32;No;LP;REDES;#¡NUM!;Bomba
LP - PTAI - Salida 3;117668;J-28082 M;Hay ausencia de ruidos, vibraciones anormales y perdida de fluidos?;13/6/2026 20:15;No;LP;PTAI;3;Bomba
LP - PTAI - Salida 3;117668;J-28082 AM;Hay ausencia de perdida de fluidos?;13/6/2026 20:16;No;LP;PTAI;3;Bomba
LP - PTAI - Salida 3;117668;J-28075 M;El decantador esta libre de agua?;13/6/2026 20:14;No;LP;PTAI;3;Bomba
LP - PTAI - Salida 3;117668;J-28075 M;Hay ausencia de perdida de fluidos?;13/6/2026 20:14;No;LP;PTAI;3;Bomba
LP - PTAI - Salida 3;117668;J-28075 AM;El decantador esta libre de agua?;13/6/2026 20:14;No;LP;PTAI;3;Bomba
LP - PTAI - Salida 3;117668;J-28075 AM;Hay ausencia de ruidos, vibraciones anormales y perdida de fluidos?;13/6/2026 20:14;No;LP;PTAI;3;Bomba
LP - PTAI - Salida 3;117668;J-28076 M;El decantador esta libre de agua?;13/6/2026 20:14;No;LP;PTAI;3;Bomba
LP - PTAI - Salida 3;117668;J-28076 M;Hay ausencia de perdida de fluidos?;13/6/2026 20:14;No;LP;PTAI;3;Bomba
LP - PTAI - Salida 3;117668;J-28076 AM;El decantador esta libre de agua?;13/6/2026 20:14;No;LP;PTAI;3;Bomba
LP - PTAI - Salida 3;117668;J-28076 AM;Hay ausencia de ruidos, vibraciones anormales y perdida de fluidos?;13/6/2026 20:14;No;LP;PTAI;3;Bomba
LP - PTAI - Salida 3;117668;J-28080 M;El decantador esta libre de agua?;13/6/2026 20:13;No;LP;PTAI;3;Bomba
LP - PTAI - Salida 3;117668;J-28080 M;Hay ausencia de perdida de fluidos?;13/6/2026 20:13;No;LP;PTAI;3;Bomba
LP - PTAI - Salida 3;117668;J-28080 AM;El decantador esta libre de agua?;13/6/2026 20:13;No;LP;PTAI;3;Bomba
LP - PTAI - Salida 3;117668;J-28080 AM;Hay ausencia de ruidos, vibraciones anormales y perdida de fluidos?;13/6/2026 20:13;No;LP;PTAI;3;Bomba
LP - PTAI - Salida 3;117668;J-28081 M;El decantador esta libre de agua?;13/6/2026 20:13;No;LP;PTAI;3;Bomba
LP - PTAI - Salida 3;117668;J-28081 M;Hay ausencia de ruidos, vibraciones anormales y perdida de fluidos?;13/6/2026 20:13;No;LP;PTAI;3;Bomba
LP - PTAI - Salida 3;117668;J-28081 AM;El decantador esta libre de agua?;13/6/2026 20:14;No;LP;PTAI;3;Bomba
LP - PTAI - Salida 3;117668;J-28081 AM;Hay ausencia de perdida de fluidos?;13/6/2026 20:14;No;LP;PTAI;3;Bomba
LP - PTAI - Salida 3;117668;J-28009 M;Hay ausencia de perdida de fluidos?;13/6/2026 20:15;No;LP;PTAI;3;Bomba
LP - PTAI - Salida 3;117668;J-28025 M;El decantador esta libre de agua?;13/6/2026 20:15;No;LP;PTAI;3;Bomba
LP - PTAI - Salida 3;117668;J-28025 M;Hay ausencia de perdida de fluidos?;13/6/2026 20:15;No;LP;PTAI;3;Bomba
LP - PTAI - Salida 3;117668;J-28025 AM;El decantador esta libre de agua?;13/6/2026 20:15;No;LP;PTAI;3;Bomba
LP - PTAI - Salida 3;117668;J-28025 AM;Hay ausencia de ruidos, vibraciones anormales y perdida de fluidos?;13/6/2026 20:15;No;LP;PTAI;3;Bomba
LP - BLENDING - Sala K13 Salida 2330;117775;J-2014 M;Se mantiene completo el LOTO?;14/6/2026 01:50;No;LP;BLENDING;13;Bomba
LP - BLENDING - Sala K13 Salida 2330;117775;J-2014 AM;Se mantiene completo el LOTO?;14/6/2026 01:49;No;LP;BLENDING;13;Bomba
LP - BLENDING - Sala K13 Salida 2330;117775;J-2025 MR;Se mantiene completo el LOTO?;14/6/2026 01:50;No;LP;BLENDING;13;Bomba
LP - BLENDING - Sala K13 Salida 2330;117775;J-61430 M;Se mantiene completo el LOTO?;14/6/2026 01:41;No;LP;BLENDING;13;Bomba
LP - BLENDING - Sala K13 Salida 2330;117775;TK-6822;La iluminacion del tanque es correcta?;14/6/2026 01:38;No;LP;BLENDING;13;Tanque
LP - PTAI - Salida 4;117806;J-28078 M;Hay ausencia de ruidos, vibraciones anormales y perdida de fluidos?;14/6/2026 05:50;No;LP;PTAI;4;Bomba
LP - PTAI - Salida 4;117806;J-28078 AM;Hay ausencia de perdida de fluidos?;14/6/2026 05:50;No;LP;PTAI;4;Bomba
LP - PTAI - Salida 4;117806;J-28079 M;Hay ausencia de perdida de fluidos?;14/6/2026 05:50;No;LP;PTAI;4;Bomba
LP - PTAI - Salida 4;117806;J-28079 AM;Hay ausencia de ruidos, vibraciones anormales y perdida de fluidos?;14/6/2026 05:50;No;LP;PTAI;4;Bomba
LP - PTAI - Salida 4;117806;J-28071 M;Hay ausencia de ruidos, vibraciones anormales y perdida de fluidos?;14/6/2026 05:51;No;LP;PTAI;4;Bomba
LP - PTAI - Salida 4;117806;J-28072 M;Hay ausencia de perdida de fluidos?;14/6/2026 05:51;No;LP;PTAI;4;Bomba
LP - PTAI - Salida 4;117806;J-28073 M;Visualiza venteo de niebla?;14/6/2026 05:51;No;LP;PTAI;4;Bomba
LP - PTAI - Salida 4;117806;J-28073 M;El visor de aceite de niebla esta vacio?;14/6/2026 05:51;No;LP;PTAI;4;Bomba
LP - PTAI - Salida 4;117806;J-28073 M;El decantador esta libre de agua?;14/6/2026 05:51;No;LP;PTAI;4;Bomba
LP - PTAI - Salida 4;117806;J-28073 M;La aceitera esta con nivel?;14/6/2026 05:51;No;LP;PTAI;4;Bomba
LP - PTAI - Salida 4;117806;J-28073 M;La refrigeracion de la bomba circula correctamente?;14/6/2026 05:51;No;LP;PTAI;4;Bomba
LP - PTAI - Salida 4;117806;J-28073 M;Hay ausencia de perdida de fluidos?;14/6/2026 05:51;No;LP;PTAI;4;Bomba
LP - PTAI - Salida 4;117806;J-28074 M;El decantador esta libre de agua?;14/6/2026 05:51;No;LP;PTAI;4;Bomba
LP - PTAI - Salida 4;117806;J-28074 M;La aceitera esta con nivel?;14/6/2026 05:51;No;LP;PTAI;4;Bomba
LP - PTAI - Salida 4;117806;J-28074 M;Hay ausencia de perdida de fluidos?;14/6/2026 05:51;No;LP;PTAI;4;Bomba
LP - PTAI - Salida 4;117806;J-28074 AM;El decantador esta libre de agua?;14/6/2026 05:51;No;LP;PTAI;4;Bomba
LP - PTAI - Salida 4;117806;J-28074 AM;La aceitera esta con nivel?;14/6/2026 05:51;No;LP;PTAI;4;Bomba
LP - PTAI - Salida 4;117806;J-28074 AM;Hay ausencia de ruidos, vibraciones anormales y perdida de fluidos?;14/6/2026 05:51;No;LP;PTAI;4;Bomba
LP - PTAI - Salida 4;117806;TK-AGUA SANITARIA;Hay ausencia de perdidas?;14/6/2026 05:54;No;LP;PTAI;4;Tanque
LP - PTAI - Salida 4;117806;J-2360 M;El decantador esta libre de agua?;14/6/2026 05:53;No;LP;PTAI;4;Bomba
LP - PTAI - Salida 4;117806;J-2360 M;Hay ausencia de perdida de fluidos?;14/6/2026 05:53;No;LP;PTAI;4;Bomba
LP - PTAI - Salida 4;117806;J-2360 AM;El decantador esta libre de agua?;14/6/2026 05:53;No;LP;PTAI;4;Bomba
LP - PTAI - Salida 4;117806;J-2360 AM;Hay ausencia de ruidos, vibraciones anormales o perdidas de fluido?;14/6/2026 05:53;No;LP;PTAI;4;Bomba
LP - PTAI - Salida 4;117806;J-2370 M;El decantador esta libre de agua?;14/6/2026 05:52;No;LP;PTAI;4;Bomba
LP - PTAI - Salida 4;117806;J-2370 M;Hay ausencia de perdida de fluidos?;14/6/2026 05:52;No;LP;PTAI;4;Bomba
LP - PTAI - Salida 4;117806;J-2370 AM;El decantador esta libre de agua?;14/6/2026 05:53;No;LP;PTAI;4;Bomba
LP - PTAI - Salida 4;117806;J-2370 AM;Hay ausencia de perdida de fluidos?;14/6/2026 05:53;No;LP;PTAI;4;Bomba
LP - PTAI - Salida 4;117806;J-2370 AMR;El decantador esta libre de agua?;14/6/2026 05:53;No;LP;PTAI;4;Bomba
LP - PTAI - Salida 4;117806;J-2370 AMR;Hay ausencia de perdida de fluidos?;14/6/2026 05:53;No;LP;PTAI;4;Bomba
LP - BLENDING - Sala K13 Salida 0530;117810;J-2014 M;Se mantiene completo el LOTO?;14/6/2026 05:55;No;LP;BLENDING;13;Bomba
LP - BLENDING - Sala K13 Salida 0530;117810;J-2014 AM;Se mantiene completo el LOTO?;14/6/2026 05:56;No;LP;BLENDING;13;Bomba
LP - BLENDING - Sala K13 Salida 0530;117810;J-2025 MR;Se mantiene completo el LOTO?;14/6/2026 05:55;No;LP;BLENDING;13;Bomba
LP - BLENDING - Sala K13 Salida 0530;117810;J-61430 M;Se mantiene completo el LOTO?;14/6/2026 06:05;No;LP;BLENDING;13;Bomba
LP - PTAI - Salida 1;117809;J-2301 M;El visor de aceite esta vacio?;14/6/2026 05:56;No;LP;PTAI;1;Bomba
LP - PTAI - Salida 1;117809;J-2301 M;Hay ausencia de perdida de fluidos?;14/6/2026 05:56;No;LP;PTAI;1;Bomba
LP - PTAI - Salida 1;117809;J-2301 BM;El visor de aceite esta vacio?;14/6/2026 05:56;No;LP;PTAI;1;Bomba
LP - PTAI - Salida 1;117809;J-2301 BM;Hay ausencia de ruidos, vibraciones anormales y perdida de fluidos?;14/6/2026 05:56;No;LP;PTAI;1;Bomba
LP - PTAI - Salida 1;117809;J-2301 CM;El visor de aceite esta vacio?;14/6/2026 05:57;No;LP;PTAI;1;Bomba
LP - PTAI - Salida 1;117809;J-2301 CM;Hay ausencia de perdida de fluidos?;14/6/2026 05:57;No;LP;PTAI;1;Bomba
LP - PTAI - Salida 1;117809;J-2302 AM;Hay ausencia de ruidos, vibraciones anormales y perdida de fluidos?;14/6/2026 05:55;No;LP;PTAI;1;Bomba
LP - PTAI - Salida 1;117809;J-2302 BM;Hay ausencia de ruido, vibraciones anormales y perdida de fluidos?;14/6/2026 05:56;No;LP;PTAI;1;Bomba
LP - PTAI - Salida 1;117809;J-2303 M;Hay ausencia de ruidos, vibraciones anormales y perdida de fluidos?;14/6/2026 05:57;No;LP;PTAI;1;Bomba
LP - PTAI - Salida 1;117809;J-2303 AM;Hay ausencia de ruidos, vibraciones anormales y perdida de fluidos?;14/6/2026 05:57;No;LP;PTAI;1;Bomba
LP - PTAI - Salida 1;117809;J-28023 M;Hay ausencia de perdida de fluidos?;14/6/2026 05:54;No;LP;PTAI;1;Bomba
LP - PTAI - Salida 1;117809;J-28024 M;Hay ausencia de ruidos, vibraciones anormales y perdida de fluidos?;14/6/2026 05:55;No;LP;PTAI;1;Bomba
LP - PTAI - Salida 1;117809;J-2306 M;Hay ausencia de ruidos, vibraciones anormales y perdida de fluidos?;14/6/2026 05:57;No;LP;PTAI;1;Bomba
LP - PTAI - Salida 1;117809;J-2306 AM;Hay ausencia de perdida de fluidos?;14/6/2026 05:57;No;LP;PTAI;1;Bomba
LP - PTAI - Salida 1;117809;J-2414 M;Hay ausencia de ruidos, vibraciones anormales y perdida de fluidos?;14/6/2026 05:58;No;LP;PTAI;1;Bomba
LP - PTAI - Salida 1;117809;JC- 2305 AM;Hay ausencia de ruidos, vibraciones anormales o perdidas de fluido?;14/6/2026 05:57;No;LP;PTAI;1;Compresor
LP - PTAI - Salida 1;117809;JC- 2306 M;Hay ausencia de perdidas de fluido?;14/6/2026 05:56;No;LP;PTAI;1;Compresor
LP - PTAI - Salida 1;117809;JC- 2306 AM;Hay ausencia de ruidos, vibraciones anormales o perdidas de fluido?;14/6/2026 05:56;No;LP;PTAI;1;Compresor
LP - PTAI - Salida 2;117813;J-28003 M;Hay ausencia de perdida de fluidos?;14/6/2026 06:01;No;LP;PTAI;2;Bomba
LP - PTAI - Salida 2;117813;J-28004 M;Hay ausencia de ruidos, vibraciones anormales y perdida de fluidos?;14/6/2026 06:01;No;LP;PTAI;2;Bomba
LP - PTAI - Salida 2;117813;J-28005 M;El nivel de la grasera es correcto?;14/6/2026 06:01;No;LP;PTAI;2;Bomba
LP - PTAI - Salida 2;117813;J-28005 M;El decantador esta libre de agua?;14/6/2026 06:01;No;LP;PTAI;2;Bomba
LP - PTAI - Salida 2;117813;J-28005 M;Hay ausencia de ruidos, vibraciones anormales y perdida de fluidos?;14/6/2026 06:01;No;LP;PTAI;2;Bomba
LP - PTAI - Salida 2;117813;J-28006 M;Hay ausencia de perdida de fluidos?;14/6/2026 06:01;No;LP;PTAI;2;Bomba
LP - PTAI - Salida 2;117813;J-28007 M;Hay ausencia de perdida de fluidos?;14/6/2026 06:01;No;LP;PTAI;2;Bomba
LP - PTAI - Salida 2;117813;J-28010;Hay ausencia de ruidos, vibraciones anormales y perdida de fluidos?;14/6/2026 06:03;No;LP;PTAI;2;Bomba
LP - PTAI - Salida 2;117813;J-28011;Hay ausencia de perdida de fluidos?;14/6/2026 06:03;No;LP;PTAI;2;Bomba
LP - PTAI - Salida 2;117813;J-28013;Hay ausencia de perdida de fluidos?;14/6/2026 06:03;No;LP;PTAI;2;Bomba
LP - PTAI - Salida 2;117813;J-28014;Hay ausencia de ruidos, vibraciones anormales y perdida de fluidos?;14/6/2026 06:03;No;LP;PTAI;2;Bomba
LP - PTAI - Salida 2;117813;J-28070 M;Hay ausencia de perdida de fluidos?;14/6/2026 06:01;No;LP;PTAI;2;Bomba
LP - PTAI - Salida 2;117813;J-28070 AM;Hay ausencia de ruidos, vibraciones anormales y perdida de fluidos?;14/6/2026 06:01;No;LP;PTAI;2;Bomba
LP - PTAI - Salida 2;117813;J-28031 M;Hay ausencia de ruidos, vibraciones anormales y perdida de fluidos?;14/6/2026 06:02;No;LP;PTAI;2;Bomba
LP - PTAI - Salida 2;117813;J-28032 M;El decantador esta libre de agua?;14/6/2026 06:02;No;LP;PTAI;2;Bomba
LP - PTAI - Salida 2;117813;J-28032 M;La aceitera esta con nivel?;14/6/2026 06:02;No;LP;PTAI;2;Bomba
LP - PTAI - Salida 2;117813;J-28032 M;La refrigeracion de la bomba circula correctamente?;14/6/2026 06:02;No;LP;PTAI;2;Bomba
LP - PTAI - Salida 2;117813;J-28032 M;Hay ausencia de perdida de fluidos?;14/6/2026 06:02;No;LP;PTAI;2;Bomba
PH - Platforming - RC A-300 Dosificaciones;117804;DOSIFICACIONES;Se realizo draguer de HCL? (SI/NO);14/6/2026 05:46;NO;PH;Platforming;#¡NUM!;Sin clasificar
PH - Platforming - RC A-300 Dosificaciones;117804;DOSIFICACIONES;Se realizo draguer de H2S ? (SI/NO);14/6/2026 05:46;NO;PH;Platforming;#¡NUM!;Sin clasificar
LP - CENTRAL I - Salida 2;117815;H-2201 B;Hay ausencia de perdidas?;14/6/2026 06:09;No;LP;CENTRAL I;2;Sin clasificar
LP - VBCLAUS - Rutina 4;117817;VACIO B CANAL DE PUMP OUT;Hay ausencia de agua?;14/6/2026 06:12;NO;LP;VBCLAUS;4;Sin clasificar
LP - REDES - API OESTE ANTORCHA;117440;ENTRADA DE API;Hay ausencia de sobrenadante en la entrada?;13/6/2026 08:46;No;LP;REDES;#¡NUM!;Sin clasificar
LP - REDES - API OESTE ANTORCHA;117440;ENTRADA DE API;Hay ausencia de sobrenadante en la entrada?;13/6/2026 08:42;No;LP;REDES;#¡NUM!;Sin clasificar
PH - Refinacion - RE_A-1000 RC;117825;API;Barredor de fondo disponible? (SI/NO);14/6/2026 06:27;No;PH;Refinacion;#¡NUM!;Sin clasificar
PH - Refinacion - RE_A-1000 RC;117825;API;Barredor de superficie disponible? (SI/NO);14/6/2026 06:27;No;PH;Refinacion;#¡NUM!;Sin clasificar
PH - Refinacion - RE_A-600 RC;117819;CALDERA B-601;Extraccion (SI/NO);14/6/2026 06:24;NO;PH;Refinacion;#¡NUM!;Sin clasificar
PH - Refinacion - RE_A-600 RC;117819;CALDERA B-602;Extraccion (SI/NO);14/6/2026 06:25;NO;PH;Refinacion;#¡NUM!;Sin clasificar
LP - PTAI - Salida 1;117620;J-2301 M;El visor de aceite esta vacio?;13/6/2026 17:46;No;LP;PTAI;1;Bomba
LP - PTAI - Salida 1;117620;J-2301 BM;El visor de aceite esta vacio?;13/6/2026 17:46;No;LP;PTAI;1;Bomba
LP - PTAI - Salida 1;117620;J-2301 CM;El visor de aceite esta vacio?;13/6/2026 17:47;No;LP;PTAI;1;Bomba
LP - PTAI - Salida 1;117620;J-2303 M;El visor de aceite de niebla esta vacio?;14/6/2026 07:11;No;LP;PTAI;1;Bomba
LP - PTAI - Salida 1;117620;J-2303 AM;El visor de aceite de niebla esta vacio?;13/6/2026 17:47;No;LP;PTAI;1;Bomba
LP - PTAI - Salida 1;117620;J-28023 M;El visor de aceite de niebla esta vacio?;14/6/2026 07:13;No;LP;PTAI;1;Bomba
LP - PTAI - Salida 1;117620;J-28024 M;El visor de aceite de niebla esta vacio?;14/6/2026 07:13;No;LP;PTAI;1;Bomba
LP - PTAI - Salida 1;117620;J-2306 M;El decantador esta libre de agua?;13/6/2026 17:47;No;LP;PTAI;1;Bomba
LP - PTAI - Salida 1;117620;J-2306 M;La aceitera esta con nivel?;13/6/2026 17:47;No;LP;PTAI;1;Bomba
LP - PTAI - Salida 1;117620;J-2306 AM;El decantador esta libre de agua?;13/6/2026 17:47;No;LP;PTAI;1;Bomba
LP - PTAI - Salida 1;117620;J-2306 AM;La aceitera esta con nivel?;13/6/2026 17:47;No;LP;PTAI;1;Bomba
LP - MEKREF- Rutina 4 Op Refrigeracin;117839;TRINCHERAS / CANAL DE MEDIA CAA;Hay ausencia de agua?;14/6/2026 07:22;NO;LP;MEKREF;4;Sin clasificar
LP - MEKREF- Rutina 4 Op Refrigeracin;117839;DRENAJES;Hay ausencia de hidrocarburos?;14/6/2026 07:22;NO;LP;MEKREF;4;Sin clasificar
LP - MEKREF - Rutina 3 Op Refrigeracion;117836;JR-40401 MR;Los ejes estan todos en servicio?;14/6/2026 07:18;No;LP;MEKREF;3;Sin clasificar
LP - MEKREF - Rutina 3 Op Refrigeracion;117836;JR-40402 MR;Los ejes estan todos en servicio?;14/6/2026 07:18;No;LP;MEKREF;3;Sin clasificar
LP - MEKREF - Rutina 3 Op Refrigeracion;117836;JR-40402 AMR;Los ejes estan todos en servicio?;14/6/2026 07:18;No;LP;MEKREF;3;Sin clasificar
LP - MEKREF - Rutina 3 Op Refrigeracion;117836;JR-40401 BMR;Los ejes estan todos en servicio?;14/6/2026 07:19;No;LP;MEKREF;3;Sin clasificar
LP - MEKREF - Rutina 3 Op Refrigeracion;117836;JR-40401 CMR;Los ejes estan todos en servicio?;14/6/2026 07:19;No;LP;MEKREF;3;Sin clasificar
LP - MEKREF - Rutina 3 Op Refrigeracion;117836;JR-40402 CMR;Los ejes estan todos en servicio?;14/6/2026 07:19;No;LP;MEKREF;3;Sin clasificar
LP - MEKREF - Rutina 3 Op Refrigeracion;117836;JR-40403 MR;Los ejes estan todos en servicio?;14/6/2026 07:20;No;LP;MEKREF;3;Sin clasificar
LP - MEKREF - Rutina 3 Op Refrigeracion;117836;JR-40404 MR;Los ejes estan todos en servicio?;14/6/2026 07:20;No;LP;MEKREF;3;Sin clasificar
LP - MEKREF - Rutina 3 Op Refrigeracion;117836;JR-40403 AMR;Los ejes estan todos en servicio?;14/6/2026 07:20;No;LP;MEKREF;3;Sin clasificar
LP - MEKREF - Rutina 3 Op Refrigeracion;117836;JR-40404 AMR;Los ejes estan todos en servicio?;14/6/2026 07:20;No;LP;MEKREF;3;Sin clasificar
LP - MEKREF - Rutina 3 Op Refrigeracion;117836;JR-40403 BMR;Los ejes estan todos en servicio?;14/6/2026 07:21;No;LP;MEKREF;3;Sin clasificar
LP - MEKREF - Rutina 3 Op Refrigeracion;117836;JR-40404 BMR;Los ejes estan todos en servicio?;14/6/2026 07:21;No;LP;MEKREF;3;Sin clasificar
LP - MEKREF - Rutina 3 Op Refrigeracion;117836;JR-40403 CMR;Los ejes estan todos en servicio?;14/6/2026 07:21;No;LP;MEKREF;3;Sin clasificar
LP - MEKREF - Rutina 3 Op Refrigeracion;117836;JR-40404 CMR;Los ejes estan todos en servicio?;14/6/2026 07:21;No;LP;MEKREF;3;Sin clasificar
LP - MEKREF - Rutina 1 Op Refrigeracion;117842;JQ-40440 BM;Esta en Automatico?;14/6/2026 07:28;No;LP;MEKREF;1;Bomba
LP - MEKREF - Rutina 1 Op Refrigeracion;117842;JQ-40416 M;Se encuentra el calentamiento habilitado?;14/6/2026 07:25;No;LP;MEKREF;1;Bomba
LP - MEKREF - Rutina 1 Op Refrigeracion;117842;JQ-40416 M;Se observa correcta circulacion de fluidos?;14/6/2026 07:26;No;LP;MEKREF;1;Bomba
LP - MEKREF - Rutina 1 Op Refrigeracion;117842;JQ-40417 AM;Se observa correcta circulacion de fluidos?;14/6/2026 07:24;No;LP;MEKREF;1;Bomba
LP - MEKREF - Rutina 1 Op Refrigeracion;117842;JQ-40422 AM;Se observa correcta circulacion de fluidos?;14/6/2026 07:24;No;LP;MEKREF;1;Bomba
LP - MEKREF - Rutina 1 Op Refrigeracion;117842;JQ-40430 M;Se encuentra el calentamiento habilitado?;14/6/2026 07:25;No;LP;MEKREF;1;Bomba
LP - MEKREF - Rutina 1 Op Refrigeracion;117842;JQ-40430 M;Se observa correcta circulacion de fluidos?;14/6/2026 07:25;No;LP;MEKREF;1;Bomba
LP - MEKREF - Rutina 1 Op Refrigeracion;117842;JQ-40430 M;Esta en Automatico?;14/6/2026 07:25;No;LP;MEKREF;1;Bomba
LP - MEKREF - Rutina 1 Op Refrigeracion;117842;JQ-40430 M;Se encuentra el calentamiento habilitado?;14/6/2026 07:25;No;LP;MEKREF;1;Bomba
LP - MEKREF - Rutina 1 Op Refrigeracion;117842;JQ-40430 M;Se observa correcta circulacion de fluidos?;14/6/2026 07:25;No;LP;MEKREF;1;Bomba
LP - MEKREF - Rutina 1 Op Refrigeracion;117842;JQ-40430 M;Esta en Automatico?;14/6/2026 07:25;No;LP;MEKREF;1;Bomba
LP - PTAI - Salida 3;117833;J-28082 M;El visor de aceite de niebla esta vacio?;14/6/2026 07:16;No;LP;PTAI;3;Bomba
LP - PTAI - Salida 3;117833;J-28082 AM;El visor de aceite de niebla esta vacio?;14/6/2026 07:16;No;LP;PTAI;3;Bomba
LP - PTAI - Salida 2;117832;J-28003 M;El visor de aceite de niebla esta vacio?;14/6/2026 07:15;No;LP;PTAI;2;Bomba
LP - PTAI - Salida 2;117832;J-28004 M;El visor de aceite de niebla esta vacio?;14/6/2026 07:15;No;LP;PTAI;2;Bomba
LP - PTAI - Salida 2;117832;J-28005 M;La aceitera esta con nivel?;14/6/2026 07:15;No;LP;PTAI;2;Bomba
LP - PTAI - Salida 2;117832;J-28006 M;El decantador esta libre de agua?;14/6/2026 07:15;No;LP;PTAI;2;Bomba
LP - PTAI - Salida 2;117832;J-28006 M;La aceitera esta con nivel?;14/6/2026 07:15;No;LP;PTAI;2;Bomba
LP - PTAI - Salida 2;117832;J-28006 M;La refrigeracion de la bomba circula correctamente?;14/6/2026 07:15;No;LP;PTAI;2;Bomba
LP - PTAI - Salida 2;117832;J-28007 M;El decantador esta libre de agua?;14/6/2026 07:15;No;LP;PTAI;2;Bomba
LP - PTAI - Salida 2;117832;J-28007 M;La aceitera esta con nivel?;14/6/2026 07:15;No;LP;PTAI;2;Bomba
LP - PTAI - Salida 2;117832;J-28007 M;La refrigeracion de la bomba circula correctamente?;14/6/2026 07:15;No;LP;PTAI;2;Bomba
LP - PTAI - Salida 2;117832;J-28031 M;El visor de aceite de niebla esta vacio?;14/6/2026 07:15;No;LP;PTAI;2;Bomba
LP - PTAI - Salida 2;117832;J-28032 M;El decantador esta libre de agua?;14/6/2026 07:15;No;LP;PTAI;2;Bomba
LP - PTAI - Salida 2;117832;J-28032 M;La aceitera esta con nivel?;14/6/2026 07:15;No;LP;PTAI;2;Bomba
LP - PTAI - Salida 2;117832;J-28032 M;La refrigeracion de la bomba circula correctamente?;14/6/2026 07:15;No;LP;PTAI;2;Bomba
LP - REDES - OP K15 1730;117604;J-9002 M;Pare remoto en servicio?;13/6/2026 17:05;No;LP;REDES;15;Bomba
LP - REDES - OP K15 1730;117604;J-2012;Pare remoto en servicio?;13/6/2026 17:06;No;LP;REDES;15;Bomba
LP - REDES - OP K15 1730;117604;J-2031 B;El nivel de aceite esta OK?;13/6/2026 17:15;No;LP;REDES;15;Bomba
LP - REDES - OP K15 1730;117604;J-2031 B;Hay ausencia de perdida de fluidos?;13/6/2026 17:16;No;LP;REDES;15;Bomba
LP - REDES - OP K15 1730;117604;L-1057 / CALLE 102;La iluminacion es correcta?;13/6/2026 17:17;No;LP;REDES;15;Sin clasificar
LP - REDES - Rutina TH;117576;J-22602 TR;el equipo se encuentra rotando?;13/6/2026 16:34;No;LP;REDES;#¡NUM!;Bomba
LP - REDES - Rutina TH;117576;JQ-22301 M;esta en automatico?;13/6/2026 15:55;No;LP;REDES;#¡NUM!;Bomba
LP - REDES - Rutina TH;117576;J-22303 TR;El aspecto del aceite esta correcto?;13/6/2026 15:56;No;LP;REDES;#¡NUM!;Bomba
LP - REDES - Rutina TH;117576;JQ-22303 M;Esta en automatico?;13/6/2026 15:57;No;LP;REDES;#¡NUM!;Bomba
LP - REDES - Rutina TH;117576;JQ-22304 M;esta en automatico?;13/6/2026 15:57;No;LP;REDES;#¡NUM!;Bomba
LP - BLENDING - Sala K14 Salida 1130;;TK-6117;La iluminacion del tanque es correcta?;13/6/2026 17:20;No;LP;BLENDING;14;Tanque
LP - BLENDING - Sala K14 Salida 1130;;TK-6117;Hay ausencia de manchas de HC en el recinto?;13/6/2026 17:20;No;LP;BLENDING;14;Tanque
LP - REDES - BBA FO Salida 1730;117612;EA-100;El equipo se lavo en este turno a contra corriente?;13/6/2026 17:35;No;LP;REDES;1730;Sin clasificar
LP - REDES - API OESTE ANTORCHA;117875;ENTRADA DE API;Hay ausencia de sobrenadante en la entrada?;14/6/2026 08:12;No;LP;REDES;#¡NUM!;Sin clasificar
LP - CKA - COMPRESORISTA;;J-304 BMN;Se mantiene completo el LOTO?;7/6/2026 21:35;No;LP;CKA;#¡NUM!;Bomba
LP - CKA - COMPRESORISTA;;J-311 AMN;El nivel de fluido barrera esta OK?;7/6/2026 22:08;No;LP;CKA;#¡NUM!;Bomba
LP - CKA - COMPRESORISTA;;J-311 AMN;La presion de fluido barrera esta en 0 kg/cm2?;7/6/2026 22:08;No;LP;CKA;#¡NUM!;Bomba
LP - CKA - COMPRESORISTA;;J-315 BMN;El nivel de fluido barrera esta OK?;13/6/2026 11:23;No;LP;CKA;#¡NUM!;Bomba
LP - CKA - COMPRESORISTA;;J-315 BMN;La presion de fluido barrera esta en 0 kg/cm2?;13/6/2026 11:23;No;LP;CKA;#¡NUM!;Bomba
LP - REDES - Rutina TH;117845;J-22602 TR;el equipo se encuentra rotando?;14/6/2026 07:46;No;LP;REDES;#¡NUM!;Bomba
LP - REDES - Rutina TH;117845;TORRE HAMMOND 2;El nivel de batea se encuentra por entre 80 y 90%?;14/6/2026 08:02;No;LP;REDES;#¡NUM!;Sin clasificar
LP - REDES - Rutina TH;117845;JQ-22301 M;esta en automatico?;14/6/2026 08:22;No;LP;REDES;#¡NUM!;Bomba
LP - REDES - Rutina TH;117845;JQ-22303 M;Esta en automatico?;14/6/2026 08:23;No;LP;REDES;#¡NUM!;Bomba
LP - REDES - Rutina TH;117845;JQ-22304 M;esta en automatico?;14/6/2026 08:24;No;LP;REDES;#¡NUM!;Bomba
LP - PDA - Rutina 2 Operador PDA;117884;HORNO BA-201;El nivel del ha-201 se encuentra visible?;14/6/2026 08:31;No;LP;PDA;2;Horno
LP - PDA - Rutina 2 Operador PDA;117884;COMPRESOR JC-44201 MR;Hay ausencia de ruidos o vibraciones anormales?;14/6/2026 08:32;No;LP;PDA;2;Compresor
LP - PDA - Rutina 2 Operador PDA;117884;AEROENFRIADORES;JV-44230 M-Las correas se encuentran en buen estado?;14/6/2026 08:32;No;LP;PDA;2;Sin clasificar
LP - PDA - Rutina 2 Operador PDA;117884;AEROENFRIADORES;JV-44230 CM-Se mantiene completo el LOTO?;14/6/2026 08:32;No;LP;PDA;2;Sin clasificar
LP - PDA - Rutina 3 Operador PDA;117886;PDA DRENAJES;Hay ausencia de hidrocarburos?;14/6/2026 08:42;No;LP;PDA;3;Sin clasificar
LP - CKA - COMPRESORISTA;;J-304 BMN;Se encuentra el calentamiento habilitado?;14/6/2026 08:41;No;LP;CKA;#¡NUM!;Bomba
LP - CKA - COMPRESORISTA;;J-369 AMN;El nivel de fluido barrera esta OK?;14/6/2026 08:44;No;LP;CKA;#¡NUM!;Bomba
LP - CKA - COMPRESORISTA;;J-311 AMN;El nivel de fluido barrera esta OK?;14/6/2026 08:51;No;LP;CKA;#¡NUM!;Bomba
LP - CKA - COMPRESORISTA;;J-311 AMN;La presion de fluido barrera esta en 0 kg/cm2?;14/6/2026 08:51;No;LP;CKA;#¡NUM!;Bomba
LP - CKA - COMPRESORISTA;;J-315 BMN;El nivel de fluido barrera esta OK?;14/6/2026 08:52;No;LP;CKA;#¡NUM!;Bomba
LP - CKA - COMPRESORISTA;;J-315 BMN;La presion de fluido barrera esta en 0 kg/cm2?;14/6/2026 08:52;No;LP;CKA;#¡NUM!;Bomba
LP - CKA - COMPRESORISTA;;J-364 BMN;El nivel de fluido barrera esta OK?;14/6/2026 08:53;No;LP;CKA;#¡NUM!;Bomba
LP - BLENDING - Sala K13 Salida 0730;117892;CALLE 30 ENTRE TK 6404 Y LAS;Hay ausencia de nivel de agua?;14/6/2026 09:22;No;LP;BLENDING;13;Tanque
LP - BLENDING - Sala K13 Salida 0730;117892;CALLE 30 ENTRE TK 6404 Y LAS;valvula esta cerrada?;14/6/2026 09:22;No;LP;BLENDING;13;Tanque
LP - BLENDING - Sala K13 Salida 0730;117892;CALLE 49 ENTRE Tk 5120 Y 30;Hay ausencia de nivel de agua?;14/6/2026 09:22;No;LP;BLENDING;13;Sin clasificar
LP - BLENDING - Sala K13 Salida 0730;117892;CALLE 49 ENTRE Tk 5120 Y 30;valvula esta cerrada?;14/6/2026 09:23;No;LP;BLENDING;13;Sin clasificar
LP - BLENDING - Sala K13 Salida 0730;117892;SENDA DE ESFERAS;valvula esta cerrada?;14/6/2026 09:23;No;LP;BLENDING;13;Sin clasificar
QUIM - PAO - Servicios;117599;J2755 A;Ruidos?;13/6/2026 16:38;No;QUIM;PAO;#¡NUM!;Sin clasificar
QUIM - PAO - Servicios;117599;J2755 B;Ruidos?;13/6/2026 16:38;No;QUIM;PAO;#¡NUM!;Sin clasificar
QUIM - PAO - Servicios;117901;SERVICIOS;Verificar ingreso de dioxido a O2381C. Si esta neutralizado debe estar bloqueado;14/6/2026 09:31;No;QUIM;PAO;#¡NUM!;Sin clasificar
QUIM - PAO - Servicios;117901;SERVICIOS;Verificar ingreso de aire a O2381C. Si esta neutralizado debe estar habilitado;14/6/2026 09:31;No;QUIM;PAO;#¡NUM!;Sin clasificar
QUIM - PAO - Servicios;117901;SERVICIOS;Transferir desde P2043 a O2381C;14/6/2026 09:33;No;QUIM;PAO;#¡NUM!;Sin clasificar
QUIM - PAO - Servicios;117901;SERVICIOS;Lavar linea desde J2041;14/6/2026 09:33;No;QUIM;PAO;#¡NUM!;Sin clasificar
LC - HIDROGENO - AEROS;117511;;HRE10-A-PLC?;13/6/2026 10:57;No;LC;HIDROGENO;#¡NUM!;Sin clasificar
LC - HIDROGENO - AEROS;117511;;HRE10-B-PLC?;13/6/2026 10:57;No;LC;HIDROGENO;#¡NUM!;Sin clasificar
LP - CKB - General;117907;J505 AM;Se observan fugas por la tapa o tapon de la retencion?;14/6/2026 09:45;No;LP;CKB;#¡NUM!;Sin clasificar
LP - CKB - General;117906;J505 M;Se observan fugas por la tapa o tapon de la retencion?;14/6/2026 09:44;No;LP;CKB;#¡NUM!;Sin clasificar
LP - TOPP D - Rutina 1 Op B;117910;J-1865 M;La presion de fluido barrera esta por debajo de 0,200 kg/cm2?;14/6/2026 10:06;No;LP;TOPP D;1;Bomba
LP - ISOHTNCA - R 1 (07:30 hs);;F-1754;Esta abierta la H?;14/6/2026 07:11;No;LP;ISOHTNCA;1;Sin clasificar
LP - ISOHTNCA - R 1 (07:30 hs);;LUBRIMIST PENEX;La presion de envio es mayor a 40 mbar?;14/6/2026 07:11;No;LP;ISOHTNCA;1;Sin clasificar
LP - ISOHTNCA - R 1 (07:30 hs);;JM-1751 M1;La presion de fluido barrera esta por encima de 30 kg/cm2?;14/6/2026 07:50;No;LP;ISOHTNCA;1;Sin clasificar
LP - ISOHTNCA - R 1 (07:30 hs);;JM-1751 AM1;La presion de fluido barrera esta por encima de 30 kg/cm2?;14/6/2026 07:50;No;LP;ISOHTNCA;1;Sin clasificar
LP - ISOHTNCA - R 1 (07:30 hs);;J-1704 AM;Hay ausencia de ruidos, vibraciones anormales o perdida de fluidos?;14/6/2026 07:38;No;LP;ISOHTNCA;1;Bomba
LP - ISOHTNCA - R 1 (07:30 hs);;J-1104 M;Hay ausencia de perdida de fluidos?;14/6/2026 07:21;No;LP;ISOHTNCA;1;Bomba
LP - CENTRAL I - Salida 2;117877;J-2202 AM;Se mantiene completo el LOTO?;14/6/2026 08:14;No;LP;CENTRAL I;2;Bomba
LC - ISOMX - AEROS;117925;;LXE6-I;14/6/2026 10:51;No;LC;ISOMX;#¡NUM!;Sin clasificar
LP - AA - Rutina 4;117927;RECINTO DE TANQUE 1300;Hay ausencia de MALEZA?;14/6/2026 10:54;No;LP;AA;4;Tanque
LP - AA - Rutina 4;117927;RESCINTO DE TANQUE 1301;Hay ausencia de Maleza?;14/6/2026 10:54;No;LP;AA;4;Tanque
LP - AA - Rutina 4;117927;RESCINTO DE TANQUE 1301;Se encuentran las camaras/rejillas destapadas y en condiciones?;14/6/2026 10:54;No;LP;AA;4;Tanque
LP - AA - Rutina 4;117927;TRINCHERAS FRENTE A TK DE AA;Hay ausencia de agua?;14/6/2026 10:56;No;LP;AA;4;Tanque
LP - AA - Rutina 3;117935;CORRIENTE BAJOS FENOLES;Hay ausencia de HC?;14/6/2026 11:03;NO;LP;AA;3;Sin clasificar
LP - TOPP C - Rutina 4;117924;SENTINA COQUE A VIEJO;Hay ausencia de Hidrocarburo?;14/6/2026 10:49;No;LP;TOPP C;4;Sin clasificar
LP - TOPP C - Rutina 4;117924;SENTINA COQUE A VIEJO;La J-370M se encuentra disponible?;14/6/2026 10:49;No;LP;TOPP C;4;Sin clasificar
LP - TOPP C - Rutina 4;117924;TRINCHERAS CALLE 14 e/ 47 Y 49 / CALLE 49 ENTRE 14 Y 30;Hay ausencia de agua?;14/6/2026 10:51;No;LP;TOPP C;4;Sin clasificar
LP - AA - Rutina 2;117938;C-1305 C;¿Hay ausencia de perdidas de producto?;14/6/2026 11:15;NO;LP;AA;2;Sin clasificar
LP - AA - Rutina 1;117936;J-1304 AM;Se mantiene completo el LOTO?;14/6/2026 11:06;No;LP;AA;1;Bomba
LP - AA - Rutina 1;117936;J-1302 M;Se encuentra el calentamiento habilitado?;14/6/2026 11:07;No;LP;AA;1;Bomba
LP - AA - Rutina 1;117936;J-1303 M;la presion en el plan API se encuentra por encima de los 8 kg/cm2?;14/6/2026 11:08;No;LP;AA;1;Bomba
LP - AA - Rutina 1;117936;J-1353 M;la presion en el plan API se encuentra por encima de los 8 kg/cm2?;14/6/2026 11:08;No;LP;AA;1;Bomba
LP - TOPP C - Rutina 5 Merichem;117937;J-861 M;Se mantiene completo el LOTO?;14/6/2026 11:10;No;LP;TOPP C;5;Bomba
LP - TOPP C - Rutina 5 Merichem;117937;J-863 M;Se mantiene completo el LOTO?;14/6/2026 11:10;No;LP;TOPP C;5;Bomba
LP - TOPP D - Rutina 2 Op B;117914;DESALADOR FA-1801 A;Se realizo el barrido de fondo?;14/6/2026 10:08;No;LP;TOPP D;2;Sin clasificar
LP - PLATFORMING - R1 (07:30 hs);117841;J-1936 AM;Esta en Automatico?;14/6/2026 07:37;No;LP;PLATFORMING;1;Bomba
LP - REDES - BBA FO Salida 0730;117880;J-61036;Hay ausencia de perdidas de vapor?;14/6/2026 08:18;No;LP;REDES;0730;Bomba
LP - REDES - BBA FO Salida 0730;117880;J-61043;La asistencia de vapor esta habilitada?;14/6/2026 08:19;No;LP;REDES;0730;Bomba
LP - REDES - BBA FO Salida 0730;117880;J-61048 M;El nivel de aceite esta OK?;14/6/2026 08:20;No;LP;REDES;0730;Bomba
LP - REDES - BBA CRUDO R0730;117878;CALLE 106 e/ 113 y 111;Hay ausencia de nivel de agua?;14/6/2026 08:21;No;LP;REDES;0730;Sin clasificar
LP - REDES - BBA CRUDO R0730;117878;ENTRESENDAS TK-267 y TK-263;Hay ausencia de hidrocarburos?;14/6/2026 08:32;No;LP;REDES;0730;Tanque
LP - REDES - BBA CRUDO R0730;117878;ENTRESENDAS TK-267 y TK-263;Hay ausencia de perdidas en caerias de trinchera?;14/6/2026 08:32;No;LP;REDES;0730;Tanque
LP - REDES - BBA CRUDO R0730;117878;ENTRESENDAS TK-258/261 y TK-260/257;Hay ausencia de hidrocarburos?;14/6/2026 08:30;No;LP;REDES;0730;Tanque
LP - REDES - BBA CRUDO R0730;117878;ENTRESENDAS TK-256 y TK-252;Hay ausencia de nivel de agua?;14/6/2026 08:25;No;LP;REDES;0730;Tanque
LP - REDES - BBA CRUDO R0730;117878;ENTRESENDAS TK-252 y TK-6011;Hay ausencia de nivel de agua?;14/6/2026 08:29;No;LP;REDES;0730;Tanque
QUIM - PAO - SSAA Efluentes;117624;;Enviar purga de barros a piletas de secado;13/6/2026 18:03;No;QUIM;PAO;#¡NUM!;Sin clasificar
QUIM - PAO - SSAA Efluentes;117624;;Transferir P3201A a P2066;13/6/2026 18:04;No;QUIM;PAO;#¡NUM!;Sin clasificar
QUIM - PAO - SSAA Efluentes;117624;;Recirculado de barro se realizo (poner en marcha J3207 una vez por turno);13/6/2026 18:04;No;QUIM;PAO;#¡NUM!;Sin clasificar
QUIM - S900 - Aero;117947;MM-902;MM-902-B PUEDE RECONOCER RUIDOS EXTRAOS?;12/6/2026 19:59;No;QUIM;S900;#¡NUM!;Sin clasificar
QUIM - S900 - Aero;117947;MM-902;MM-902-B HAY PRDIDAS?;12/6/2026 19:59;No;QUIM;S900;#¡NUM!;Sin clasificar
QUIM - S900 - Aero;117947;MM-902;MM-902-B HAY FALTANTES?;12/6/2026 19:59;No;QUIM;S900;#¡NUM!;Sin clasificar
QUIM - S900 - Aero;117947;MM-902;MM-902-C PUEDE RECONOCER RUIDOS EXTRAOS?;12/6/2026 19:59;No;QUIM;S900;#¡NUM!;Sin clasificar
QUIM - S900 - Aero;117947;MM-902;MM-902-C HAY PRDIDAS?;12/6/2026 19:59;No;QUIM;S900;#¡NUM!;Sin clasificar
QUIM - S900 - Aero;117947;MM-902;MM-902-C HAY FALTANTES?;12/6/2026 19:59;No;QUIM;S900;#¡NUM!;Sin clasificar
QUIM - S900 - Aero;117947;MM-902;MM-902-D PUEDE RECONOCER RUIDOS EXTRAOS?;12/6/2026 19:59;No;QUIM;S900;#¡NUM!;Sin clasificar
QUIM - S900 - Aero;117947;MM-902;MM-902-D HAY PRDIDAS?;12/6/2026 19:59;No;QUIM;S900;#¡NUM!;Sin clasificar
QUIM - S900 - Aero;117947;MM-902;MM-902-D HAY FALTANTES?;12/6/2026 19:59;No;QUIM;S900;#¡NUM!;Sin clasificar
QUIM - S900 - Aero;117947;MM-902;MM-902-E PUEDE RECONOCER RUIDOS EXTRAOS?;12/6/2026 19:59;No;QUIM;S900;#¡NUM!;Sin clasificar
QUIM - S900 - Aero;117947;MM-902;MM-902-E HAY PRDIDAS?;12/6/2026 19:59;No;QUIM;S900;#¡NUM!;Sin clasificar
QUIM - S900 - Aero;117947;MM-902;MM-902-E HAY FALTANTES?;12/6/2026 19:59;No;QUIM;S900;#¡NUM!;Sin clasificar
QUIM - S900 - Aero;117947;MM-902;MM-902-F PUEDE RECONOCER RUIDOS EXTRAOS?;12/6/2026 19:59;No;QUIM;S900;#¡NUM!;Sin clasificar
QUIM - S900 - Aero;117947;MM-902;MM-902-F HAY PRDIDAS?;12/6/2026 19:59;No;QUIM;S900;#¡NUM!;Sin clasificar
QUIM - S900 - Aero;117947;MM-902;MM-902-F HAY FALTANTES?;12/6/2026 19:59;No;QUIM;S900;#¡NUM!;Sin clasificar
QUIM - S900 - Aero;117947;MM-902;MM-902-G PUEDE RECONOCER RUIDOS EXTRAOS?;12/6/2026 19:59;No;QUIM;S900;#¡NUM!;Sin clasificar
QUIM - S900 - Aero;117947;MM-902;MM-902-G HAY PRDIDAS?;12/6/2026 19:59;No;QUIM;S900;#¡NUM!;Sin clasificar
QUIM - S900 - Aero;117947;MM-902;MM-902-G HAY FALTANTES?;12/6/2026 19:59;No;QUIM;S900;#¡NUM!;Sin clasificar
QUIM - S900 - Aero;117947;MM-902;MM-902-H PUEDE RECONOCER RUIDOS EXTRAOS?;12/6/2026 19:59;No;QUIM;S900;#¡NUM!;Sin clasificar
QUIM - S900 - Aero;117947;MM-902;MM-902-H HAY PRDIDAS?;12/6/2026 19:59;No;QUIM;S900;#¡NUM!;Sin clasificar
QUIM - S900 - Aero;117947;MM-902;MM-902-H HAY FALTANTES?;12/6/2026 19:59;No;QUIM;S900;#¡NUM!;Sin clasificar
QUIM - S900 - Aero;117947;MM-902;MM-902-I PUEDE RECONOCER RUIDOS EXTRAOS?;12/6/2026 19:59;No;QUIM;S900;#¡NUM!;Sin clasificar
QUIM - S900 - Aero;117947;MM-902;MM-902-I HAY PRDIDAS?;12/6/2026 19:59;No;QUIM;S900;#¡NUM!;Sin clasificar
QUIM - S900 - Aero;117947;MM-902;MM-902-I HAY FALTANTES?;12/6/2026 19:59;No;QUIM;S900;#¡NUM!;Sin clasificar
QUIM - S900 - Aero;117947;MM-902;MM-902-J PUEDE RECONOCER RUIDOS EXTRAOS?;12/6/2026 20:00;No;QUIM;S900;#¡NUM!;Sin clasificar
QUIM - S900 - Aero;117947;MM-902;MM-902-J HAY PRDIDAS?;12/6/2026 20:00;No;QUIM;S900;#¡NUM!;Sin clasificar
QUIM - S900 - Aero;117947;MM-902;MM-902-J HAY FALTANTES?;12/6/2026 20:00;No;QUIM;S900;#¡NUM!;Sin clasificar
QUIM - S900 - Aero;117947;MM-902;MM-902-L PUEDE RECONOCER RUIDOS EXTRAOS?;12/6/2026 20:00;No;QUIM;S900;#¡NUM!;Sin clasificar
QUIM - S900 - Aero;117947;MM-902;MM-902-L HAY PRDIDAS?;12/6/2026 20:00;No;QUIM;S900;#¡NUM!;Sin clasificar
QUIM - S900 - Aero;117947;MM-902;MM-902-L HAY FALTANTES?;12/6/2026 20:00;No;QUIM;S900;#¡NUM!;Sin clasificar
QUIM - S900 - Aero;117947;MM-904;MM-904-A PUEDE RECONOCER RUIDOS EXTRAOS?;12/6/2026 20:00;No;QUIM;S900;#¡NUM!;Sin clasificar
QUIM - S900 - Aero;117947;MM-904;MM-904-A HAY PRDIDAS?;12/6/2026 20:00;No;QUIM;S900;#¡NUM!;Sin clasificar
QUIM - S900 - Aero;117947;MM-904;MM-904-A HAY FALTANTES?;12/6/2026 20:00;No;QUIM;S900;#¡NUM!;Sin clasificar
QUIM - S900 - Aero;117947;MM-904;MM-904-B PUEDE RECONOCER RUIDOS EXTRAOS?;12/6/2026 20:00;No;QUIM;S900;#¡NUM!;Sin clasificar
QUIM - S900 - Aero;117947;MM-904;MM-904-B HAY PRDIDAS?;12/6/2026 20:00;No;QUIM;S900;#¡NUM!;Sin clasificar
QUIM - S900 - Aero;117947;MM-904;MM-904-B HAY FALTANTES?;12/6/2026 20:00;No;QUIM;S900;#¡NUM!;Sin clasificar
QUIM - S900 - Aero;117947;MM-906;MM-906-A PUEDE RECONOCER RUIDOS EXTRAOS?;12/6/2026 19:58;No;QUIM;S900;#¡NUM!;Sin clasificar
QUIM - S900 - Aero;117947;MM-906;MM-906-A HAY PRDIDAS?;12/6/2026 19:58;No;QUIM;S900;#¡NUM!;Sin clasificar
QUIM - S900 - Aero;117947;MM-906;MM-906-A HAY FALTANTES?;12/6/2026 19:58;No;QUIM;S900;#¡NUM!;Sin clasificar
QUIM - S900 - Aero;117947;MM-906;MM-906-B PUEDE RECONOCER RUIDOS EXTRAOS?;12/6/2026 19:58;No;QUIM;S900;#¡NUM!;Sin clasificar
QUIM - S900 - Aero;117947;MM-906;MM-906-B HAY PRDIDAS?;12/6/2026 19:58;No;QUIM;S900;#¡NUM!;Sin clasificar
QUIM - S900 - Aero;117947;MM-906;MM-906-B HAY FALTANTES?;12/6/2026 19:58;No;QUIM;S900;#¡NUM!;Sin clasificar
QUIM - S900 - Bombas;117945;J-901-A;Existen perdidas de aceite?;12/6/2026 19:45;No;QUIM;S900;#¡NUM!;Bomba
QUIM - S900 - Bombas;117945;J-901-B;Existen perdidas de aceite?;12/6/2026 19:45;No;QUIM;S900;#¡NUM!;Bomba
QUIM - S900 - Bombas;117945;J-903-A;Presenta perdidas a atmosfera?;12/6/2026 19:48;No;QUIM;S900;#¡NUM!;Bomba
QUIM - S900 - Bombas;117945;J-903-B;Presenta perdidas a atmosfera?;12/6/2026 19:48;No;QUIM;S900;#¡NUM!;Bomba
QUIM - S900 - Bombas;117945;J-906-A;Presenta perdidas a atmosfera?;12/6/2026 19:50;No;QUIM;S900;#¡NUM!;Bomba
QUIM - S900 - Bombas;117945;J-906-B;Presenta perdidas a atmosfera?;12/6/2026 19:50;No;QUIM;S900;#¡NUM!;Bomba
QUIM - S900 - Bombas;117945;J-927;Existen perdidas de aceite?;12/6/2026 19:46;No;QUIM;S900;#¡NUM!;Bomba
QUIM - S900 - Bombas;117945;J-933-B;Presenta perdidas a atmosfera?;12/6/2026 19:47;No;QUIM;S900;#¡NUM!;Bomba
QUIM - S900 - Bombas;117945;J-934-A;Tubing de lubricacion por niebla cegado?;12/6/2026 19:47;No;QUIM;S900;#¡NUM!;Bomba
QUIM - S900 - Bombas;117945;J-934-B;Presenta perdidas a atmosfera?;12/6/2026 19:47;No;QUIM;S900;#¡NUM!;Bomba
QUIM - S900 - Bombas;117945;J-934-B;Se encuentra en automatico?;12/6/2026 19:47;No;QUIM;S900;#¡NUM!;Bomba
QUIM - S900 - Bombas;117945;J-931-A;Presenta perdidas a atmosfera?;12/6/2026 19:45;No;QUIM;S900;#¡NUM!;Bomba
QUIM - S900 - Bombas;117945;J-931-B;Tubing de lubricacion por niebla cegado?;12/6/2026 19:45;No;QUIM;S900;#¡NUM!;Bomba
QUIM - S900 - Bombas;117945;B-921;Presenta perdidas a atmosfera?;12/6/2026 19:49;No;QUIM;S900;#¡NUM!;Sin clasificar
QUIM - S900 - Bombas;117945;B-922;Presenta perdidas a atmosfera?;12/6/2026 20:04;No;QUIM;S900;#¡NUM!;Sin clasificar
QUIM - S900 - Bombas;117945;B-923;Presenta perdidas a atmosfera?;12/6/2026 20:04;No;QUIM;S900;#¡NUM!;Sin clasificar
QUIM - S900 - Bombas;117945;B-924;Presenta perdidas a atmosfera?;12/6/2026 19:52;No;QUIM;S900;#¡NUM!;Sin clasificar
LP - MEKHTA - Rutina 3 Op Recup HTA;117958;HORNO BA461;El exceso de O se encuentra entre 3,5-5,5%? 2;14/6/2026 12:56;No;LP;MEKHTA;3;Horno
LP - MEKHTA - Rutina 3 Op Recup HTA;117958;HORNO BA451;El exceso de O se encuentra entre 3,5-5,5%?;14/6/2026 12:56;No;LP;MEKHTA;3;Horno
PH - Serv Aux - RO_Planta de Agua;117957;P1501A;P1501A - Condiciones operativas equipo OK;14/6/2026 12:56;No;PH;Serv Aux;#¡NUM!;Sin clasificar
PH - Serv Aux - RO_Planta de Agua;117957;P1501C;P1501C - Condiciones operativas equipo OK;14/6/2026 12:57;No;PH;Serv Aux;#¡NUM!;Sin clasificar
PH - Serv Aux - RO_Planta de Agua;117957;C1302B;C1302B - Condiciones operativas equipo OK;14/6/2026 12:59;No;PH;Serv Aux;#¡NUM!;Sin clasificar
PH - Serv Aux - RO_Planta de Agua;117957;AC1301A;AC1301A - Condiciones operativas equipo OK;14/6/2026 12:59;No;PH;Serv Aux;#¡NUM!;Sin clasificar
PH - Serv Aux - RO_Planta de Agua;117957;AC1301B;AC1301B - Condiciones operativas equipo OK;14/6/2026 12:59;No;PH;Serv Aux;#¡NUM!;Sin clasificar
QUIM - S100 - Recorrida de Planta;117951;RECORRIDA DE PLANTA;PUEDE AFIRMAR QUE NO HAY BY PASSES ABIERTOS?;14/6/2026 12:45;NO;QUIM;S100;#¡NUM!;Sin clasificar
QUIM - S100 - Recorrida de Planta;117951;RECORRIDA DE PLANTA;PUEDE ASEGURAR QUE NO HAYA PERDIDAS DE VAPOR?;14/6/2026 12:45;NO;QUIM;S100;#¡NUM!;Sin clasificar
QUIM - S900 - Recorrida Planta;117946;RECORRIDA DE PLANTA;¿HAY PURGAS DE CONDENSADO A ATMOSFERA?;12/6/2026 19:52;No;QUIM;S900;#¡NUM!;Sin clasificar
QUIM - S900 - Recorrida Planta;117946;RECORRIDA DE PLANTA;¿HAY PÉRDIDAS DE VAPOR/CONDENSADO?;12/6/2026 19:52;No;QUIM;S900;#¡NUM!;Sin clasificar
QUIM - S900 - Recorrida Planta;117946;RECORRIDA DE PLANTA;¿HAY PÉRDIDAS DE HC?;12/6/2026 19:52;No;QUIM;S900;#¡NUM!;Sin clasificar
QUIM - S900 - Recorrida Planta;117946;RECORRIDA DE PLANTA;¿HAY EQUIPOS ABIERTOS?;12/6/2026 19:52;No;QUIM;S900;#¡NUM!;Sin clasificar
QUIM - S900 - Recorrida Planta;117946;RECORRIDA DE PLANTA;¿HAY VENTEOS A ANTORCHA ABIERTOS?;12/6/2026 19:52;No;QUIM;S900;#¡NUM!;Sin clasificar
QUIM - S900 - Recorrida Planta;117948;CATALIZADOR REGENERADO-FINOS;LA MUESTRA DE CATALIZADOR REGENERADO TIENE ENANAS BLANCAS?;12/6/2026 20:17;No;QUIM;S900;#¡NUM!;Sin clasificar
QUIM - S900 - Recorrida Planta;117948;CATALIZADOR REGENERADO-FINOS;LA MUESTRA DE CATALIZADOR REGENERADO TIENE BOLAS NEGRAS?;12/6/2026 20:17;No;QUIM;S900;#¡NUM!;Sin clasificar
LP - HTNCB - Rutina 1 (07:30 hs);117837;J-5612 A;Se observa pasaje en la descarga de la PSV?;14/6/2026 07:35;No;LP;HTNCB;1;Bomba
LP - HTNCB - Rutina 1 (07:30 hs);117837;J-5605 B;La presion de buffer es menor a 4,6 BAR?;14/6/2026 07:20;No;LP;HTNCB;1;Bomba
QUIM - S100 - Rotantes;117949;BM-121 (VENT L121) A;El fuelle se encuentra en buen estado?;14/6/2026 12:43;NO;QUIM;S100;#¡NUM!;Sin clasificar
QUIM - S100 - Rotantes;117949;J-122 A;Visualiza venteo de niebla?;14/6/2026 12:40;NO;QUIM;S100;#¡NUM!;Bomba
QUIM - S100 - Rotantes;117949;J-122 B;Visualiza venteo de niebla?;14/6/2026 12:40;NO;QUIM;S100;#¡NUM!;Bomba
QUIM - S100 - Rotantes;117949;J-105 A;Esta colocada la chapa a pump out?;14/6/2026 12:43;NO;QUIM;S100;#¡NUM!;Bomba
QUIM - S100 - Rotantes;117949;J-105 B;Esta colocada la chapa a pump out?;14/6/2026 12:43;NO;QUIM;S100;#¡NUM!;Bomba
QUIM - S100 - Rotantes;117949;J-124 A;Esta colocada la chapa a pump out?;14/6/2026 12:42;NO;QUIM;S100;#¡NUM!;Bomba
QUIM - S100 - Rotantes;117949;J-124 B;Esta colocada la chapa a pump out?;14/6/2026 12:42;NO;QUIM;S100;#¡NUM!;Bomba
QUIM - S100 - Rotantes;117949;J-159 A;Esta colocada la chapa a pump out?;14/6/2026 12:40;NO;QUIM;S100;#¡NUM!;Bomba
QUIM - S100 - Rotantes;117949;J-174 A;Esta colocada la chapa a pump out?;14/6/2026 12:41;NO;QUIM;S100;#¡NUM!;Bomba
QUIM - S100 - Rotantes;117949;J-174 B;Esta colocada la chapa a pump out?;14/6/2026 12:42;NO;QUIM;S100;#¡NUM!;Bomba
QUIM - S100 - Rotantes;117949;J-121 D;Esta colocada la chapa a pump out?;14/6/2026 12:41;NO;QUIM;S100;#¡NUM!;Bomba
LP - ISOHTNCA - R 2 (11 hs);117922;COMPRESORES HTNCA;Hay ausencia de alarmas en el tablero?;14/6/2026 10:51;No;LP;ISOHTNCA;2;Compresor
LP - ISOHTNCA - R 2 (11 hs);117922;JC-1103;Se mantiene completo el LOTO?;14/6/2026 11:00;No;LP;ISOHTNCA;2;Compresor
LP - ISOHTNCA - R 2 (11 hs);117922;JC-1102;Hay ausencia de ruidos, vibraciones anormales o perdida de fluidos?;14/6/2026 11:02;No;LP;ISOHTNCA;2;Compresor
LP - REDES - OP K15 0730;117896;J-9002 M;Pare remoto en servicio?;14/6/2026 09:21;No;LP;REDES;15;Bomba
LP - REDES - OP K15 0730;117896;J-2031 B;El nivel de aceite esta OK?;14/6/2026 09:30;No;LP;REDES;15;Bomba
LP - REDES - OP K15 0730;117896;J-2031 B;Hay ausencia de perdida de fluidos?;14/6/2026 09:30;No;LP;REDES;15;Bomba
LP - REDES - OP K15 1130;117971;J-9002 M;¿Pare remoto en servicio?;14/6/2026 14:15;No;LP;REDES;15;Bomba
LP - REDES - OP K15 1130;117971;J-2031 B;¿El nivel de aceite esta OK?;14/6/2026 14:23;No;LP;REDES;15;Bomba
LP - REDES - OP K15 1130;117971;J-2031 B;¿Hay ausencia de perdida de fluidos?;14/6/2026 14:23;No;LP;REDES;15;Bomba
LP - REDES - BBA CRUDO R1130;117941;TK-256;El pasto del recinto esta corto?;14/6/2026 11:48;No;LP;REDES;1130;Tanque
LP - REDES - BBA CRUDO R1130;117941;TK-256;El tanque fue purgado en el turno?;14/6/2026 11:48;No;LP;REDES;1130;Tanque
LP - REDES - BBA CRUDO R1130;117941;TK-258;La iluminacion del tanque es correcta?;14/6/2026 11:49;No;LP;REDES;1130;Tanque
LP - REDES - BBA CRUDO R1130;117941;TK-258;El pasto del recinto esta corto?;14/6/2026 11:49;No;LP;REDES;1130;Tanque
LP - REDES - BBA CRUDO R1130;117941;TK-258;El tanque fue purgado en el turno?;14/6/2026 11:49;No;LP;REDES;1130;Tanque
LP - REDES - BBA CRUDO R1130;117941;TK-261;El pasto del recinto esta corto?;14/6/2026 12:19;No;LP;REDES;1130;Tanque
LP - REDES - BBA CRUDO R1130;117941;TK-261;El tanque fue purgado en el turno?;14/6/2026 12:19;No;LP;REDES;1130;Tanque
LP - REDES - BBA CRUDO R1130;117941;TK-263;El pasto del recinto esta corto?;14/6/2026 12:20;No;LP;REDES;1130;Tanque
LP - REDES - BBA CRUDO R1130;117941;TK-263;El tanque fue purgado en el turno?;14/6/2026 12:20;No;LP;REDES;1130;Tanque
LP - REDES - BBA CRUDO R1130;117941;TK-6010;El pasto del recinto esta corto?;14/6/2026 12:24;No;LP;REDES;1130;Tanque
LP - REDES - BBA CRUDO R1130;117941;TK-6010;La purga del tanque esta cerrada?;14/6/2026 12:24;No;LP;REDES;1130;Tanque
QUIM - PAO - Servicios;117903;J2755 A;Ruidos?;14/6/2026 09:34;No;QUIM;PAO;#¡NUM!;Sin clasificar
QUIM - PAO - Servicios;117903;J2755 B;Ruidos?;14/6/2026 09:34;No;QUIM;PAO;#¡NUM!;Sin clasificar
QUIM - PAO - Servicios;117981;SERVICIOS;Pase de Guardia?;14/6/2026 16:37;No;QUIM;PAO;#¡NUM!;Sin clasificar
LP - REDES - BBA CRUDO R1730;117978;J-60646 M;Hay ausencia de ruidos, vibraciones anormales y perdida de fluidos?;14/6/2026 16:29;No;LP;REDES;1730;Bomba
LP - TOPP C - Rutina 2;117986;JV-815;Se mantiene completo el LOTO?;14/6/2026 17:27;No;LP;TOPP C;2;Aero
LP - TOPP C - Rutina 2;117986;JV-817;Se mantiene completo el LOTO?;14/6/2026 17:28;No;LP;TOPP C;2;Aero
LP - TOPP C - Rutina 2;117986;JV-818;Se mantiene completo el LOTO?;14/6/2026 17:28;No;LP;TOPP C;2;Aero
LP - TOPP C - Rutina 2;117986;JV-819;Se mantiene completo el LOTO?;14/6/2026 17:28;No;LP;TOPP C;2;Aero
LP - CENTRAL I - Salida 4;117993;Q2201 A;La purga continua esta habilitada?;14/6/2026 17:40;No;LP;CENTRAL I;4;Sin clasificar
LP - CENTRAL I - Salida 4;117993;Q2202 B;La purga continua esta habilitada?;14/6/2026 17:40;No;LP;CENTRAL I;4;Sin clasificar
LP - CENTRAL I - Salida 4;117993;Q2204 D;Se mantiene completo el LOTO?;14/6/2026 17:40;No;LP;CENTRAL I;4;Sin clasificar
LP - REDES - OP K15 1730;117991;J-9002 M;Pare remoto en servicio?;14/6/2026 17:34;No;LP;REDES;15;Bomba
LP - REDES - OP K15 1730;117991;J-2031 B;El nivel de aceite esta OK?;14/6/2026 17:36;No;LP;REDES;15;Bomba
LP - REDES - OP K15 1730;117991;J-2031 B;Hay ausencia de perdida de fluidos?;14/6/2026 17:36;No;LP;REDES;15;Bomba
LP - REDES - OP K15 1730;117991;L-1057 / CALLE 102;La iluminacion es correcta?;14/6/2026 17:38;No;LP;REDES;15;Sin clasificar
LP - ISOHTNCA - R 4 (17:30 hs);;F-1754;Esta abierta la H?;14/6/2026 17:54;No;LP;ISOHTNCA;4;Sin clasificar
LP - ISOHTNCA - R 4 (17:30 hs);;LUBRIMIST PENEX;La presion de envio es mayor a 40 mbar?;14/6/2026 17:54;No;LP;ISOHTNCA;4;Sin clasificar
LP - ISOHTNCA - R 4 (17:30 hs);;LUBRIMIST PENEX;La luz verde se encuentra encendida?;14/6/2026 17:54;No;LP;ISOHTNCA;4;Sin clasificar
LP - ISOHTNCA - R 4 (17:30 hs);;JM-1751 M1;La presion de fluido barrera esta por encima de 30 kg/cm2?;14/6/2026 18:04;No;LP;ISOHTNCA;4;Sin clasificar
LP - ISOHTNCA - R 4 (17:30 hs);;JM-1751 AM1;La presion de fluido barrera esta por encima de 30 kg/cm2?;14/6/2026 18:04;No;LP;ISOHTNCA;4;Sin clasificar
LP - ISOHTNCA - R 4 (17:30 hs);;J-1752 M;El nivel de fluido de barrera esta OK?;14/6/2026 18:02;No;LP;ISOHTNCA;4;Bomba
LP - ISOHTNCA - R 4 (17:30 hs);;J-1752 M;La presion de fluido barrera es 0 kg/cm2?;14/6/2026 18:02;No;LP;ISOHTNCA;4;Bomba
LP - ISOHTNCA - R 4 (17:30 hs);;J-1704 AM;Hay ausencia de ruidos, vibraciones anormales o perdida de fluidos?;14/6/2026 17:56;No;LP;ISOHTNCA;4;Bomba
LP - ISOHTNCA - R 4 (17:30 hs);;J-1709 AM;Se mantiene completo el LOTO?;14/6/2026 18:00;No;LP;ISOHTNCA;4;Bomba
LP - ISOHTNCA - R 4 (17:30 hs);;J-1104 M;Hay ausencia de ruidos, vibraciones anormales o perdida de fluidos?;14/6/2026 18:06;No;LP;ISOHTNCA;4;Bomba
LP - ISOHTNCA - R 4 (17:30 hs);;J-1104 AM;Se mantiene completo el LOTO?;14/6/2026 18:07;No;LP;ISOHTNCA;4;Bomba
LP - REDES - BBA LIVIANO 1130;117985;J-50013;Se mantiene completo el LOTO?;14/6/2026 16:58;No;LP;REDES;1130;Bomba
LP - REDES - BBA LIVIANO 1130;117985;J-50003;Se mantiene completo el LOTO?;14/6/2026 17:02;No;LP;REDES;1130;Bomba
LP - REDES - OP K15 1130;117972;TK-5001;El tanque fue purgado en el turno?;14/6/2026 14:28;No;LP;REDES;15;Tanque
LP - REDES - OP K15 1130;117972;TK-5002;La iluminacion del tanque es correcta?;14/6/2026 14:29;No;LP;REDES;15;Tanque
LP - REDES - OP K15 1130;117972;TK-5002;El tanque fue purgado en el turno?;14/6/2026 14:29;No;LP;REDES;15;Tanque
LP - REDES - OP K15 1130;117972;TK-5005;El tanque fue purgado en el turno?;14/6/2026 14:32;No;LP;REDES;15;Tanque
LP - REDES - OP K15 1130;117972;TK-5006;La iluminacion del tanque es correcta?;14/6/2026 14:32;No;LP;REDES;15;Tanque
LP - REDES - OP K15 1130;117972;TK-5007;El tanque fue purgado en el turno?;14/6/2026 14:34;No;LP;REDES;15;Tanque
LP - REDES - OP K15 1130;117972;TK-5013;El pasto del recinto esta corto?;14/6/2026 14:40;No;LP;REDES;15;Tanque
LP - REDES - OP K15 1130;117972;TK-5013;El tanque fue purgado en el turno?;14/6/2026 14:40;No;LP;REDES;15;Tanque
LP - REDES - OP K15 1130;117972;TK-5012;El pasto del recinto esta corto?;14/6/2026 14:45;No;LP;REDES;15;Tanque
LP - REDES - OP K15 1130;117972;TK-5012;El tanque fue purgado en el turno?;14/6/2026 14:45;No;LP;REDES;15;Tanque
LP - REDES - OP K15 1130;117972;TK-5011;La iluminacion del tanque es correcta?;14/6/2026 14:45;No;LP;REDES;15;Tanque
LP - REDES - OP K15 1130;117972;TK-5010;La iluminacion del tanque es correcta?;14/6/2026 14:46;No;LP;REDES;15;Tanque
LP - REDES - OP K15 1130;117972;TK-5010;El tanque fue purgado en el turno?;14/6/2026 14:46;No;LP;REDES;15;Tanque
QUIM - PAO - SSAA Efluentes;117944;;Enviar purga de barros a piletas de secado;14/6/2026 12:22;No;QUIM;PAO;#¡NUM!;Sin clasificar
QUIM - PAO - SSAA Efluentes;117944;;Transferir P3201A a P2066;14/6/2026 12:23;No;QUIM;PAO;#¡NUM!;Sin clasificar
QUIM - PAO - SSAA Efluentes;117944;;Recirculado de barro se realizo (poner en marcha J3207 una vez por turno);14/6/2026 12:23;No;QUIM;PAO;#¡NUM!;Sin clasificar
LP - PTAI - Salida 1;118008;J-2301 M;El visor de aceite esta vacio?;14/6/2026 13:28;No;LP;PTAI;1;Bomba
LP - PTAI - Salida 1;118008;J-2301 BM;El visor de aceite esta vacio?;14/6/2026 13:28;No;LP;PTAI;1;Bomba
LP - PTAI - Salida 1;118008;J-2301 CM;El visor de aceite esta vacio?;14/6/2026 13:28;No;LP;PTAI;1;Bomba
LP - PTAI - Salida 1;118008;J-2302 AM;Hay ausencia de ruidos, vibraciones anormales y perdida de fluidos?;14/6/2026 13:27;No;LP;PTAI;1;Bomba
LP - PTAI - Salida 1;118008;J-2303 M;El visor de aceite de niebla esta vacio?;14/6/2026 13:29;No;LP;PTAI;1;Bomba
LP - PTAI - Salida 1;118008;J-2303 AM;El visor de aceite de niebla esta vacio?;14/6/2026 13:29;No;LP;PTAI;1;Bomba
LP - PTAI - Salida 1;118008;J-28023 M;El visor de aceite de niebla esta vacio?;14/6/2026 13:26;No;LP;PTAI;1;Bomba
LP - PTAI - Salida 1;118008;J-28024 M;El visor de aceite de niebla esta vacio?;14/6/2026 13:27;No;LP;PTAI;1;Bomba
LP - PTAI - Salida 1;118008;J-2306 M;El decantador esta libre de agua?;14/6/2026 13:28;No;LP;PTAI;1;Bomba
LP - PTAI - Salida 1;118008;J-2306 M;La aceitera esta con nivel?;14/6/2026 13:29;No;LP;PTAI;1;Bomba
LP - PTAI - Salida 1;118008;J-2306 AM;El decantador esta libre de agua?;14/6/2026 13:29;No;LP;PTAI;1;Bomba
LP - PTAI - Salida 1;118008;J-2306 AM;La aceitera esta con nivel?;14/6/2026 13:29;No;LP;PTAI;1;Bomba
LP - PTAI - Salida 2;118010;J-28003 M;El visor de aceite de niebla esta vacio?;14/6/2026 13:32;No;LP;PTAI;2;Bomba
LP - PTAI - Salida 2;118010;J-28004 M;El visor de aceite de niebla esta vacio?;14/6/2026 13:32;No;LP;PTAI;2;Bomba
LP - PTAI - Salida 2;118010;J-28005 M;La aceitera esta con nivel?;14/6/2026 13:32;No;LP;PTAI;2;Bomba
LP - PTAI - Salida 2;118010;J-28006 M;El decantador esta libre de agua?;14/6/2026 13:32;No;LP;PTAI;2;Bomba
LP - PTAI - Salida 2;118010;J-28006 M;La aceitera esta con nivel?;14/6/2026 13:32;No;LP;PTAI;2;Bomba
LP - PTAI - Salida 2;118010;J-28006 M;La refrigeracion de la bomba circula correctamente?;14/6/2026 13:32;No;LP;PTAI;2;Bomba
LP - FURFURAL - Rutina 1;118012;J-45301 M;Se observa corecta circulacion de fluidos?;11/6/2026 19:28;No;LP;FURFURAL;1;Bomba
LP - FURFURAL - Rutina 1;118012;J-45302 M;Se observa correcta circulacion de fluidos?;11/6/2026 19:28;No;LP;FURFURAL;1;Bomba
LP - FURFURAL - Rutina 1;118012;J-45307 M;Se observa correcta circulacion de fluidos?;11/6/2026 19:24;No;LP;FURFURAL;1;Bomba
LP - FURFURAL - Rutina 1;118012;J-45307 AM;Se observa correcta circulacion de fluidos?;11/6/2026 19:25;No;LP;FURFURAL;1;Bomba
LP - FURFURAL - Rutina 4;117150;TRINCHERAS;Hay ausencia de agua?;12/6/2026 16:40;NO;LP;FURFURAL;4;Sin clasificar
LP - FURFURAL - Rutina 3;118025;JV-45309 AM;Se mantiene completo el LOTO?;14/6/2026 19:13;No;LP;FURFURAL;3;Aero
LP - PTAI - Salida 2;118013;J-28007 M;El decantador esta libre de agua?;14/6/2026 13:32;No;LP;PTAI;2;Bomba
LP - PTAI - Salida 2;118013;J-28007 M;La aceitera esta con nivel?;14/6/2026 13:32;No;LP;PTAI;2;Bomba
LP - PTAI - Salida 2;118013;J-28007 M;La refrigeracion de la bomba circula correctamente?;14/6/2026 13:32;No;LP;PTAI;2;Bomba
LP - PTAI - Salida 2;118013;J-28031 M;El visor de aceite de niebla esta vacio?;14/6/2026 13:33;No;LP;PTAI;2;Bomba
LP - PTAI - Salida 2;118013;J-28032 M;El decantador esta libre de agua?;14/6/2026 13:33;No;LP;PTAI;2;Bomba
LP - PTAI - Salida 2;118013;J-28032 M;La aceitera esta con nivel?;14/6/2026 13:33;No;LP;PTAI;2;Bomba
LP - PTAI - Salida 2;118013;J-28032 M;La refrigeracion de la bomba circula correctamente?;14/6/2026 13:33;No;LP;PTAI;2;Bomba
LP - PTAI - Salida 2;118016;J-28010;¿El visor de aceite de niebla esta vacio?;14/6/2026 17:18;No;LP;PTAI;2;Bomba
LP - PTAI - Salida 2;118016;J-28011;¿El visor de aceite de niebla esta vacio?;14/6/2026 17:17;No;LP;PTAI;2;Bomba
LP - PTAI - Salida 2;118016;J-28013;¿El decantador esta libre de agua?;14/6/2026 17:17;No;LP;PTAI;2;Bomba
LP - PTAI - Salida 2;118016;J-28013;¿La aceitera esta con nivel?;14/6/2026 17:17;No;LP;PTAI;2;Bomba
LP - PTAI - Salida 2;118016;J-28013;¿La refrigeracion de la bomba circula correctamente?;14/6/2026 17:17;No;LP;PTAI;2;Bomba
LP - PTAI - Salida 2;118016;J-28014;¿El decantador esta libre de agua?;14/6/2026 17:17;No;LP;PTAI;2;Bomba
LP - PTAI - Salida 2;118016;J-28014;¿La aceitera esta con nivel?;14/6/2026 17:17;No;LP;PTAI;2;Bomba
LP - PTAI - Salida 2;118016;J-28014;¿La refrigeracion de la bomba circula correctamente?;14/6/2026 17:17;No;LP;PTAI;2;Bomba
LP - PTAI - Salida 2;118018;J-28003 M;¿El visor de aceite de niebla esta vacio?;14/6/2026 17:23;No;LP;PTAI;2;Bomba
LP - PTAI - Salida 2;118018;J-28004 M;¿El visor de aceite de niebla esta vacio?;14/6/2026 17:23;No;LP;PTAI;2;Bomba
LP - PTAI - Salida 2;118018;J-28005 M;¿La aceitera esta con nivel?;14/6/2026 17:22;No;LP;PTAI;2;Bomba
LP - PTAI - Salida 2;118018;J-28006 M;¿El visor de aceite de niebla esta vacio?;14/6/2026 17:22;No;LP;PTAI;2;Bomba
LP - PTAI - Salida 2;118018;J-28007 M;¿El decantador esta libre de agua?;14/6/2026 17:22;No;LP;PTAI;2;Bomba
LP - PTAI - Salida 2;118018;J-28007 M;¿La aceitera esta con nivel?;14/6/2026 17:22;No;LP;PTAI;2;Bomba
LP - PTAI - Salida 2;118018;J-28007 M;¿La refrigeracion de la bomba circula correctamente?;14/6/2026 17:22;No;LP;PTAI;2;Bomba
LP - PTAI - Salida 2;118018;J-28031 M;¿El visor de aceite de niebla esta vacio?;14/6/2026 17:22;No;LP;PTAI;2;Bomba
LP - PTAI - Salida 2;118018;J-28032 M;¿El decantador esta libre de agua?;14/6/2026 17:22;No;LP;PTAI;2;Bomba
LP - PTAI - Salida 2;118018;J-28032 M;¿La aceitera esta con nivel?;14/6/2026 17:22;No;LP;PTAI;2;Bomba
LP - PTAI - Salida 2;118018;J-28032 M;¿La refrigeracion de la bomba circula correctamente?;14/6/2026 17:22;No;LP;PTAI;2;Bomba
LP - PTAI - Salida 2;118028;J-28003 M;Hay ausencia de perdida de fluidos?;14/6/2026 19:16;No;LP;PTAI;2;Bomba
LP - PTAI - Salida 2;118028;J-28004 M;Hay ausencia de ruidos, vibraciones anormales y perdida de fluidos?;14/6/2026 19:16;No;LP;PTAI;2;Bomba
LP - PTAI - Salida 2;118028;J-28005 M;El nivel de la grasera es correcto?;14/6/2026 19:17;No;LP;PTAI;2;Bomba
LP - PTAI - Salida 2;118028;J-28005 M;El decantador esta libre de agua?;14/6/2026 19:17;No;LP;PTAI;2;Bomba
LP - PTAI - Salida 2;118028;J-28005 M;La refrigeracion de la bomba circula correctamente?;14/6/2026 19:17;No;LP;PTAI;2;Bomba
LP - PTAI - Salida 2;118028;J-28006 M;Hay ausencia de perdida de fluidos?;14/6/2026 19:17;No;LP;PTAI;2;Bomba
LP - PTAI - Salida 2;118028;J-28007 M;Hay ausencia de ruidos, vibraciones anormales y perdida de fluidos?;14/6/2026 19:17;No;LP;PTAI;2;Bomba
LP - PTAI - Salida 2;118028;J-28010;Hay ausencia de ruidos, vibraciones anormales y perdida de fluidos?;14/6/2026 19:19;No;LP;PTAI;2;Bomba
LP - PTAI - Salida 2;118028;J-28011;Hay ausencia de perdida de fluidos?;14/6/2026 19:19;No;LP;PTAI;2;Bomba
LP - PTAI - Salida 2;118028;J-28013;Hay ausencia de perdida de fluidos?;14/6/2026 19:19;No;LP;PTAI;2;Bomba
LP - PTAI - Salida 2;118028;J-28014;Hay ausencia de ruidos, vibraciones anormales y perdida de fluidos?;14/6/2026 19:19;No;LP;PTAI;2;Bomba
LP - PTAI - Salida 2;118028;J-28070 M;Hay ausencia de perdida de fluidos?;14/6/2026 19:15;No;LP;PTAI;2;Bomba
LP - PTAI - Salida 2;118028;J-28070 AM;Hay ausencia de ruidos, vibraciones anormales y perdida de fluidos?;14/6/2026 19:15;No;LP;PTAI;2;Bomba
LP - PTAI - Salida 2;118028;J-28031 M;Hay ausencia de ruidos, vibraciones anormales y perdida de fluidos?;14/6/2026 19:17;No;LP;PTAI;2;Bomba
LP - PTAI - Salida 2;118028;J-28032 M;El decantador esta libre de agua?;14/6/2026 19:17;No;LP;PTAI;2;Bomba
LP - PTAI - Salida 2;118028;J-28032 M;La aceitera esta con nivel?;14/6/2026 19:17;No;LP;PTAI;2;Bomba
LP - PTAI - Salida 2;118028;J-28032 M;La refrigeracion de la bomba circula correctamente?;14/6/2026 19:17;No;LP;PTAI;2;Bomba
LP - PTAI - Salida 2;118028;J-28032 M;Hay ausencia de perdida de fluidos?;14/6/2026 19:17;No;LP;PTAI;2;Bomba
LP - PTAI - Salida 3;118014;J-28082 M;¿El visor de aceite de niebla esta vacio?;14/6/2026 13:33;No;LP;PTAI;3;Bomba
LP - PTAI - Salida 3;118014;J-28082 AM;¿El visor de aceite de niebla esta vacio?;14/6/2026 13:33;No;LP;PTAI;3;Bomba
LP - PTAI - Salida 3;118017;J-28082 M;El visor de aceite de niebla esta vacio?;14/6/2026 17:21;No;LP;PTAI;3;Bomba
LP - PTAI - Salida 3;118017;J-28082 AM;El visor de aceite de niebla esta vacio?;14/6/2026 17:21;No;LP;PTAI;3;Bomba
LP - PTAI - Salida 1;118020;J-2302 AM;Hay ausencia de ruidos, vibraciones anormales y perdida de fluidos?;14/6/2026 17:31;No;LP;PTAI;1;Bomba
LP - PTAI - Salida 1;118020;J-28023 M;El visor de aceite de niebla esta vacio?;14/6/2026 17:25;No;LP;PTAI;1;Bomba
LP - PTAI - Salida 1;118020;J-28024 M;El visor de aceite de niebla esta vacio?;14/6/2026 17:25;No;LP;PTAI;1;Bomba
LP - PTAI - Salida 1;118021;J-2301 M;El visor de aceite esta vacio?;14/6/2026 17:32;No;LP;PTAI;1;Bomba
LP - PTAI - Salida 1;118021;J-2301 BM;El visor de aceite esta vacio?;14/6/2026 17:32;No;LP;PTAI;1;Bomba
LP - PTAI - Salida 1;118021;J-2301 CM;El visor de aceite esta vacio?;14/6/2026 17:32;No;LP;PTAI;1;Bomba
LP - PTAI - Salida 1;118021;J-2303 M;El visor de aceite de niebla esta vacio?;14/6/2026 17:33;No;LP;PTAI;1;Bomba
LP - PTAI - Salida 1;118021;J-2303 AM;El visor de aceite de niebla esta vacio?;14/6/2026 17:33;No;LP;PTAI;1;Bomba
LP - PTAI - Salida 1;118021;J-2306 M;El decantador esta libre de agua?;14/6/2026 17:32;No;LP;PTAI;1;Bomba
LP - PTAI - Salida 1;118021;J-2306 M;La aceitera esta con nivel?;14/6/2026 17:32;No;LP;PTAI;1;Bomba
LP - PTAI - Salida 1;118021;J-2306 AM;El decantador esta libre de agua?;14/6/2026 17:32;No;LP;PTAI;1;Bomba
LP - PTAI - Salida 1;118021;J-2306 AM;La aceitera esta con nivel?;14/6/2026 17:32;No;LP;PTAI;1;Bomba
LP - PTAI - Salida 1;118024;J-2301 M;El visor de aceite esta vacio?;14/6/2026 19:10;No;LP;PTAI;1;Bomba
LP - PTAI - Salida 1;118024;J-2301 M;Hay ausencia de perdida de fluidos?;14/6/2026 19:10;No;LP;PTAI;1;Bomba
LP - PTAI - Salida 1;118024;J-2301 BM;El visor de aceite esta vacio?;14/6/2026 19:11;No;LP;PTAI;1;Bomba
LP - PTAI - Salida 1;118024;J-2301 BM;Hay ausencia de ruidos, vibraciones anormales y perdida de fluidos?;14/6/2026 19:11;No;LP;PTAI;1;Bomba
LP - PTAI - Salida 1;118024;J-2301 CM;El visor de aceite esta vacio?;14/6/2026 19:11;No;LP;PTAI;1;Bomba
LP - PTAI - Salida 1;118024;J-2301 CM;Hay ausencia de perdida de fluidos?;14/6/2026 19:11;No;LP;PTAI;1;Bomba
LP - PTAI - Salida 1;118024;J-2302 AM;Hay ausencia de ruidos, vibraciones anormales y perdida de fluidos?;14/6/2026 19:10;No;LP;PTAI;1;Bomba
LP - PTAI - Salida 1;118024;J-2302 BM;Hay ausencia de ruido, vibraciones anormales y perdida de fluidos?;14/6/2026 19:10;No;LP;PTAI;1;Bomba
LP - PTAI - Salida 1;118024;J-2303 M;Hay ausencia de ruidos, vibraciones anormales y perdida de fluidos?;14/6/2026 19:11;No;LP;PTAI;1;Bomba
LP - PTAI - Salida 1;118024;J-2303 AM;Hay ausencia de ruidos, vibraciones anormales y perdida de fluidos?;14/6/2026 19:11;No;LP;PTAI;1;Bomba
LP - PTAI - Salida 1;118024;J-28023 M;Hay ausencia de perdida de fluidos?;14/6/2026 19:09;No;LP;PTAI;1;Bomba
LP - PTAI - Salida 1;118024;J-28024 M;Hay ausencia de ruidos, vibraciones anormales y perdida de fluidos?;14/6/2026 19:09;No;LP;PTAI;1;Bomba
LP - PTAI - Salida 1;118024;J-2306 M;Hay ausencia de ruidos, vibraciones anormales y perdida de fluidos?;14/6/2026 19:11;No;LP;PTAI;1;Bomba
LP - PTAI - Salida 1;118024;J-2306 AM;Hay ausencia de perdida de fluidos?;14/6/2026 19:11;No;LP;PTAI;1;Bomba
LP - PTAI - Salida 1;118024;J-2414 M;Hay ausencia de ruidos, vibraciones anormales y perdida de fluidos?;14/6/2026 19:12;No;LP;PTAI;1;Bomba
LP - PTAI - Salida 1;118024;JC- 2305 AM;Hay ausencia de ruidos, vibraciones anormales o perdidas de fluido?;14/6/2026 19:11;No;LP;PTAI;1;Compresor
LP - PTAI - Salida 1;118024;JC- 2306 M;Hay ausencia de perdidas de fluido?;14/6/2026 19:10;No;LP;PTAI;1;Compresor
LP - PTAI - Salida 1;118024;JC- 2306 AM;Hay ausencia de ruidos, vibraciones anormales o perdidas de fluido?;14/6/2026 19:10;No;LP;PTAI;1;Compresor
LP - PTAI - Salida 4;118006;J-28078 M;El decantador esta libre de agua?;14/6/2026 07:20;No;LP;PTAI;4;Bomba
LP - PTAI - Salida 4;118006;J-28078 M;La aceitera esta con nivel?;14/6/2026 07:20;No;LP;PTAI;4;Bomba
LP - PTAI - Salida 4;118006;J-28078 M;La refrigeracion de la bomba circula correctamente?;14/6/2026 07:20;No;LP;PTAI;4;Bomba
LP - PTAI - Salida 4;118006;J-28078 M;Hay ausencia de ruidos, vibraciones anormales y perdida de fluidos?;14/6/2026 07:20;No;LP;PTAI;4;Bomba
LP - PTAI - Salida 4;118006;J-28078 AM;El decantador esta libre de agua?;14/6/2026 07:20;No;LP;PTAI;4;Bomba
LP - PTAI - Salida 4;118006;J-28078 AM;La aceitera esta con nivel?;14/6/2026 07:20;No;LP;PTAI;4;Bomba
LP - PTAI - Salida 4;118006;J-28078 AM;La refrigeracion de la bomba circula correctamente?;14/6/2026 07:20;No;LP;PTAI;4;Bomba
LP - PTAI - Salida 4;118006;J-28078 AM;Hay ausencia de perdida de fluidos?;14/6/2026 07:20;No;LP;PTAI;4;Bomba
LP - PTAI - Salida 4;118006;J-28079 M;El visor de aceite de niebla esta vacio?;14/6/2026 07:20;No;LP;PTAI;4;Bomba
LP - PTAI - Salida 4;118006;J-28079 AM;El visor de aceite de niebla esta vacio?;14/6/2026 07:20;No;LP;PTAI;4;Bomba
LP - PTAI - Salida 4;118006;J-28071 M;El visor de aceite de niebla esta vacio?;14/6/2026 07:20;No;LP;PTAI;4;Bomba
LP - PTAI - Salida 4;118006;J-28072 M;El visor de aceite de niebla esta vacio?;14/6/2026 07:20;No;LP;PTAI;4;Bomba
LP - PTAI - Salida 4;118006;J-28073 M;Visualiza venteo de niebla?;14/6/2026 07:20;No;LP;PTAI;4;Bomba
LP - PTAI - Salida 4;118006;J-28073 M;El decantador esta libre de agua?;14/6/2026 07:20;No;LP;PTAI;4;Bomba
LP - PTAI - Salida 4;118006;J-28073 M;La aceitera esta con nivel?;14/6/2026 07:20;No;LP;PTAI;4;Bomba
LP - PTAI - Salida 4;118006;J-28073 M;La refrigeracion de la bomba circula correctamente?;14/6/2026 07:20;No;LP;PTAI;4;Bomba
LP - PTAI - Salida 4;118006;J-28074 M;El decantador esta libre de agua?;14/6/2026 07:21;No;LP;PTAI;4;Bomba
LP - PTAI - Salida 4;118006;J-28074 M;La aceitera esta con nivel?;14/6/2026 07:21;No;LP;PTAI;4;Bomba
LP - PTAI - Salida 4;118006;J-28074 M;La refrigeracion de la bomba circula correctamente?;14/6/2026 07:21;No;LP;PTAI;4;Bomba
LP - PTAI - Salida 4;118006;J-28074 AM;El decantador esta libre de agua?;14/6/2026 07:21;No;LP;PTAI;4;Bomba
LP - PTAI - Salida 4;118006;J-28074 AM;La aceitera esta con nivel?;14/6/2026 07:21;No;LP;PTAI;4;Bomba
LP - PTAI - Salida 4;118006;J-28074 AM;La refrigeracion de la bomba circula correctamente?;14/6/2026 07:21;No;LP;PTAI;4;Bomba
LP - PTAI - Salida 4;118015;J-28078 M;El decantador esta libre de agua?;14/6/2026 17:14;No;LP;PTAI;4;Bomba
LP - PTAI - Salida 4;118015;J-28078 M;La aceitera esta con nivel?;14/6/2026 17:14;No;LP;PTAI;4;Bomba
LP - PTAI - Salida 4;118015;J-28078 M;La refrigeracion de la bomba circula correctamente?;14/6/2026 17:14;No;LP;PTAI;4;Bomba
LP - PTAI - Salida 4;118015;J-28078 AM;El decantador esta libre de agua?;14/6/2026 17:14;No;LP;PTAI;4;Bomba
LP - PTAI - Salida 4;118015;J-28078 AM;La aceitera esta con nivel?;14/6/2026 17:14;No;LP;PTAI;4;Bomba
LP - PTAI - Salida 4;118015;J-28078 AM;La refrigeracion de la bomba circula correctamente?;14/6/2026 17:14;No;LP;PTAI;4;Bomba
LP - PTAI - Salida 4;118015;J-28078 AM;Hay ausencia de perdida de fluidos?;14/6/2026 17:14;No;LP;PTAI;4;Bomba
LP - PTAI - Salida 4;118015;J-28079 M;El visor de aceite de niebla esta vacio?;14/6/2026 17:14;No;LP;PTAI;4;Bomba
LP - PTAI - Salida 4;118015;J-28079 AM;El visor de aceite de niebla esta vacio?;14/6/2026 17:14;No;LP;PTAI;4;Bomba
LP - PTAI - Salida 4;118015;J-28071 M;El visor de aceite de niebla esta vacio?;14/6/2026 17:11;No;LP;PTAI;4;Bomba
LP - PTAI - Salida 4;118015;J-28072 M;El visor de aceite de niebla esta vacio?;14/6/2026 17:11;No;LP;PTAI;4;Bomba
LP - PTAI - Salida 4;118015;J-28073 M;Visualiza venteo de niebla?;14/6/2026 17:11;No;LP;PTAI;4;Bomba
LP - PTAI - Salida 4;118015;J-28073 M;El decantador esta libre de agua?;14/6/2026 17:11;No;LP;PTAI;4;Bomba
LP - PTAI - Salida 4;118015;J-28073 M;La aceitera esta con nivel?;14/6/2026 17:11;No;LP;PTAI;4;Bomba
LP - PTAI - Salida 4;118015;J-28073 M;La refrigeracion de la bomba circula correctamente?;14/6/2026 17:11;No;LP;PTAI;4;Bomba
LP - PTAI - Salida 4;118015;J-28073 M;Hay ausencia de perdida de fluidos?;14/6/2026 17:11;No;LP;PTAI;4;Bomba
LP - PTAI - Salida 4;118015;J-28074 M;El decantador esta libre de agua?;14/6/2026 17:11;No;LP;PTAI;4;Bomba
LP - PTAI - Salida 4;118015;J-28074 M;La aceitera esta con nivel?;14/6/2026 17:11;No;LP;PTAI;4;Bomba
LP - PTAI - Salida 4;118015;J-28074 M;La refrigeracion de la bomba circula correctamente?;14/6/2026 17:11;No;LP;PTAI;4;Bomba
LP - PTAI - Salida 4;118015;J-28074 AM;El decantador esta libre de agua?;14/6/2026 17:11;No;LP;PTAI;4;Bomba
LP - PTAI - Salida 4;118015;J-28074 AM;La aceitera esta con nivel?;14/6/2026 17:11;No;LP;PTAI;4;Bomba
LP - PTAI - Salida 4;118015;J-28074 AM;La refrigeracion de la bomba circula correctamente?;14/6/2026 17:11;No;LP;PTAI;4;Bomba
LP - PTAI - Salida 4;118023;J-28078 M;La refrigeracion de la bomba circula correctamente?;14/6/2026 19:04;No;LP;PTAI;4;Bomba
LP - PTAI - Salida 4;118023;J-28078 AM;Hay ausencia de perdida de fluidos?;14/6/2026 19:04;No;LP;PTAI;4;Bomba
LP - PTAI - Salida 4;118023;J-28079 M;Hay ausencia de perdida de fluidos?;14/6/2026 19:04;No;LP;PTAI;4;Bomba
LP - PTAI - Salida 4;118023;J-28079 AM;Hay ausencia de ruidos, vibraciones anormales y perdida de fluidos?;14/6/2026 19:05;No;LP;PTAI;4;Bomba
LP - PTAI - Salida 4;118023;J-28071 M;Hay ausencia de ruidos, vibraciones anormales y perdida de fluidos?;14/6/2026 19:05;No;LP;PTAI;4;Bomba
LP - PTAI - Salida 4;118023;J-28072 M;Hay ausencia de perdida de fluidos?;14/6/2026 19:05;No;LP;PTAI;4;Bomba
LP - PTAI - Salida 4;118023;J-28073 M;Visualiza venteo de niebla?;14/6/2026 19:05;No;LP;PTAI;4;Bomba
LP - PTAI - Salida 4;118023;J-28073 M;El visor de aceite de niebla esta vacio?;14/6/2026 19:05;No;LP;PTAI;4;Bomba
LP - PTAI - Salida 4;118023;J-28073 M;El decantador esta libre de agua?;14/6/2026 19:05;No;LP;PTAI;4;Bomba
LP - PTAI - Salida 4;118023;J-28073 M;La aceitera esta con nivel?;14/6/2026 19:05;No;LP;PTAI;4;Bomba
LP - PTAI - Salida 4;118023;J-28073 M;La refrigeracion de la bomba circula correctamente?;14/6/2026 19:05;No;LP;PTAI;4;Bomba
LP - PTAI - Salida 4;118023;J-28073 M;Hay ausencia de perdida de fluidos?;14/6/2026 19:05;No;LP;PTAI;4;Bomba
LP - PTAI - Salida 4;118023;J-28074 M;El decantador esta libre de agua?;14/6/2026 19:06;No;LP;PTAI;4;Bomba
LP - PTAI - Salida 4;118023;J-28074 M;La aceitera esta con nivel?;14/6/2026 19:06;No;LP;PTAI;4;Bomba
LP - PTAI - Salida 4;118023;J-28074 M;Hay ausencia de perdida de fluidos?;14/6/2026 19:06;No;LP;PTAI;4;Bomba
LP - PTAI - Salida 4;118023;J-28074 AM;El decantador esta libre de agua?;14/6/2026 19:06;No;LP;PTAI;4;Bomba
LP - PTAI - Salida 4;118023;J-28074 AM;La aceitera esta con nivel?;14/6/2026 19:06;No;LP;PTAI;4;Bomba
LP - PTAI - Salida 4;118023;J-28074 AM;Hay ausencia de ruidos, vibraciones anormales y perdida de fluidos?;14/6/2026 19:06;No;LP;PTAI;4;Bomba
LP - PTAI - Salida 4;118023;TK-AGUA SANITARIA;Hay ausencia de perdidas?;14/6/2026 19:08;No;LP;PTAI;4;Tanque
LP - PTAI - Salida 4;118023;J-2360 M;El decantador esta libre de agua?;14/6/2026 19:07;No;LP;PTAI;4;Bomba
LP - PTAI - Salida 4;118023;J-2360 M;Hay ausencia de perdida de fluidos?;14/6/2026 19:07;No;LP;PTAI;4;Bomba
LP - PTAI - Salida 4;118023;J-2360 AM;El decantador esta libre de agua?;14/6/2026 19:07;No;LP;PTAI;4;Bomba
LP - PTAI - Salida 4;118023;J-2360 AM;Hay ausencia de ruidos, vibraciones anormales o perdidas de fluido?;14/6/2026 19:07;No;LP;PTAI;4;Bomba
LP - PTAI - Salida 4;118023;J-2370 M;El decantador esta libre de agua?;14/6/2026 19:07;No;LP;PTAI;4;Bomba
LP - PTAI - Salida 4;118023;J-2370 M;Hay ausencia de perdida de fluidos?;14/6/2026 19:07;No;LP;PTAI;4;Bomba
LP - PTAI - Salida 4;118023;J-2370 AM;El decantador esta libre de agua?;14/6/2026 19:07;No;LP;PTAI;4;Bomba
LP - PTAI - Salida 4;118023;J-2370 AM;Hay ausencia de perdida de fluidos?;14/6/2026 19:07;No;LP;PTAI;4;Bomba
LP - PTAI - Salida 4;118023;J-2370 AMR;El decantador esta libre de agua?;14/6/2026 19:07;No;LP;PTAI;4;Bomba
LP - PTAI - Salida 4;118023;J-2370 AMR;Hay ausencia de perdida de fluidos?;14/6/2026 19:07;No;LP;PTAI;4;Bomba
LP - PTAI - Salida 4;118030;TK-AGUA DESMINERALIZADA N1;Hay ausencia de perdidas?;14/6/2026 19:19;No;LP;PTAI;4;Tanque
LP - PTAI - Salida 4;118030;TK-AGUA DESMINERALIZADA N2;Hay ausencia de perdidas?;14/6/2026 19:19;No;LP;PTAI;4;Tanque
LP - HTNCB - Rutina 1 (07:30 hs);116988;J-5601 B;esta habilitado el venteo a pump out del buffer?;12/6/2026 08:38;No;LP;HTNCB;1;Bomba
LP - HTNCB - Rutina 1 (07:30 hs);116988;J-5601 A;esta habilitado el venteo a pump out del buffer?;12/6/2026 08:38;No;LP;HTNCB;1;Bomba
LP - HTNCB - Rutina 1 (07:30 hs);116988;J-5612 B;Se observa pasaje en la descarga de la PSV?;12/6/2026 08:37;No;LP;HTNCB;1;Bomba
LP - HTNCB - Rutina 1 (07:30 hs);116988;J-5612 A;Se observa pasaje en la descarga de la PSV?;12/6/2026 08:37;No;LP;HTNCB;1;Bomba
LP - HTNCB - Rutina 1 (07:30 hs);116988;J-5607 A;esta habilitado el venteo a pump out del buffer?;12/6/2026 08:49;No;LP;HTNCB;1;Bomba
LP - HTNCB - Rutina 1 (07:30 hs);116988;J-5605 B;esta habilitado el venteo a pump out del buffer?;12/6/2026 08:48;No;LP;HTNCB;1;Bomba
LP - HTNCB - Rutina 1 (07:30 hs);116988;J-5605 A;esta habilitado el venteo a pump out del buffer?;12/6/2026 08:47;No;LP;HTNCB;1;Bomba
LP - HTNCB - Rutina 1 (07:30 hs);116988;J-5606 B;esta habilitado el venteo a pump out del buffer?;12/6/2026 08:47;No;LP;HTNCB;1;Bomba
LP - HTNCB - Rutina 1 (07:30 hs);116988;J-5606 A;esta habilitado el venteo a pump out del buffer?;12/6/2026 08:46;No;LP;HTNCB;1;Bomba
LP - HTNCB - Rutina 1 (07:30 hs);116988;J-5603 B;esta habilitado el venteo a pump out del buffer?;12/6/2026 08:45;No;LP;HTNCB;1;Bomba
LP - HTNCB - Rutina 1 (07:30 hs);116988;J-5603 A;esta habilitado el venteo a pump out del buffer?;12/6/2026 08:45;No;LP;HTNCB;1;Bomba
LP - HTNCB - Rutina 1 (07:30 hs);116988;J-5602 B;esta habilitado el venteo a pump out del buffer?;12/6/2026 08:44;No;LP;HTNCB;1;Bomba
LP - HTNCB - Rutina 1 (07:30 hs);116988;J-5602 A;esta habilitado el venteo a pump out del buffer?;12/6/2026 08:43;No;LP;HTNCB;1;Bomba
LP - CKA - CAMARISTA;117306;JV-C 311 AN1;El nivel de la grasera es correcto?;12/6/2026 23:45;No;LP;CKA;#¡NUM!;Aero
LP - CKA - CAMARISTA;117306;JV-C 311 AN2;Hay ausencia de ruidos o vibraciones anormales?;12/6/2026 23:46;No;LP;CKA;#¡NUM!;Aero
LP - CKA - CAMARISTA;117306;JV-C 311 CN2;El nivel de la grasera es correcto?;12/6/2026 23:47;No;LP;CKA;#¡NUM!;Aero
LP - AA - Rutina 3;118041;CORRIENTE ALTOS FENOLES;Hay ausencia de HC?;14/6/2026 19:54;NO;LP;AA;3;Sin clasificar
LP - AA - Rutina 3;118041;CORRIENTE BAJOS FENOLES;Hay ausencia de HC?;14/6/2026 19:54;NO;LP;AA;3;Sin clasificar
LP - AA - Rutina 3;118041;TRINCHERAS CALLE 14 e/ 47 y 49;Hay ausencia de agua?;14/6/2026 19:55;NO;LP;AA;3;Sin clasificar
LP - AA - Rutina 1;118051;J-1394 M;la presion en el plan API se encuentra por encima de los 8 kg/cm2?;14/6/2026 20:03;No;LP;AA;1;Bomba
LP - AA - Rutina 1;118051;J-1394 AM;la presion en el plan API se encuentra por encima de los 8 kg/cm2?;14/6/2026 20:04;No;LP;AA;1;Bomba
LP - AA - Rutina 1;118051;J-1304 AM;Se mantiene completo el LOTO?;14/6/2026 20:03;No;LP;AA;1;Bomba
LP - AA - Rutina 1;118051;J-1302 M;Se encuentra el calentamiento habilitado?;14/6/2026 20:06;No;LP;AA;1;Bomba
LP - AA - Rutina 1;118051;J-1303 M;la presion en el plan API se encuentra por encima de los 8 kg/cm2?;14/6/2026 20:05;No;LP;AA;1;Bomba
LP - AA - Rutina 1;118051;J-1303 AM;la presion en el plan API se encuentra por encima de los 8 kg/cm2?;14/6/2026 20:05;No;LP;AA;1;Bomba
LP - AA - Rutina 1;118051;J-1353 M;la presion en el plan API se encuentra por encima de los 8 kg/cm2?;14/6/2026 20:06;No;LP;AA;1;Bomba
LP - CENTRAL I - Salida 2;117407;J-2202 T;La presion diferencial del filtro es menor a 500 g?;13/6/2026 06:25;No;LP;CENTRAL I;2;Bomba
LP - CENTRAL I - Salida 2;117407;J-2202 AT;La presion diferencial de filtro de aceite es menor a 500 g?;13/6/2026 06:25;No;LP;CENTRAL I;2;Bomba
LP - CENTRAL I - Salida 2;117407;J-2202 AM;Se mantiene completo el LOTO?;13/6/2026 06:26;No;LP;CENTRAL I;2;Bomba
LP - CENTRAL I - Salida 2;117407;J-2203 T;Tiene condicion de arranque?;13/6/2026 06:27;No;LP;CENTRAL I;2;Bomba
LP - CENTRAL I - Salida 2;117407;J-2203 AT;Tiene condicion de arranque?;13/6/2026 06:27;No;LP;CENTRAL I;2;Bomba
LP - CKA - FOGUISTA;118038;J-368 AMN;Esta en Automatico?;14/6/2026 19:57;No;LP;CKA;#¡NUM!;Bomba
LP - CKA - FOGUISTA;118038;J-368 BMN;Esta en Automatico?;14/6/2026 19:57;No;LP;CKA;#¡NUM!;Bomba
LP - CKA - FOGUISTA;118038;J-371 AMN;Se mantiene completo el LOTO?;14/6/2026 20:00;No;LP;CKA;#¡NUM!;Bomba
LP - CKA - FOGUISTA;118038;J-367 BMN;Esta en Automatico?;14/6/2026 19:59;No;LP;CKA;#¡NUM!;Bomba
LP - CENTRAL II - Salida 4;117401;RUEDA LJUNGSTROM;El nivel optico de domo es coincidente con la seal de sala?;13/6/2026 06:10;NO;LP;CENTRAL II;4;Sin clasificar
LP - CENTRAL I - Salida 4;118074;Q2201 A;La purga continua esta habilitada?;14/6/2026 20:19;No;LP;CENTRAL I;4;Sin clasificar
LP - CENTRAL I - Salida 4;118074;Q2202 B;La purga continua esta habilitada?;14/6/2026 20:21;No;LP;CENTRAL I;4;Sin clasificar
LP - CENTRAL I - Salida 4;118074;Q2204 D;Se mantiene completo el LOTO?;14/6/2026 20:23;No;LP;CENTRAL I;4;Sin clasificar
LP - CKB - General;118059;J505 M;Se observan fugas por la tapa o tapon de la retencion?;14/6/2026 20:06;No;LP;CKB;#¡NUM!;Sin clasificar
LP - CKB - General;118059;J505 AM;Se observan fugas por la tapa o tapon de la retencion?;14/6/2026 20:06;No;LP;CKB;#¡NUM!;Sin clasificar
LP - CKB - R2 Camarista;118048;J-512 A;El nivel de aceite es correcto?;14/6/2026 20:03;No;LP;CKB;2;Bomba
LP - CKB - R2 Camarista;118048;J-512 A;El aspecto del aceite esta correcto?;14/6/2026 20:03;No;LP;CKB;2;Bomba
LP - CKB - R2 Camarista;118048;J-512 A;La Presion de circuito de lubricacion es mayor a 4kg?;14/6/2026 20:03;No;LP;CKB;2;Bomba
LP - CKB - R2 Camarista;118048;J-512 A;La Presion diferencial de aceite es menor a 1 kg?;14/6/2026 20:03;No;LP;CKB;2;Bomba
LP - CKB - R2 Camarista;118048;J-512 A;Se encuentran frios los venteos de empaquetadura?;14/6/2026 20:04;No;LP;CKB;2;Bomba
LP - CKB - R2 Camarista;118048;J-512 A;Se encuentran purgados los acumuladores de camaras muertas?;14/6/2026 20:04;No;LP;CKB;2;Bomba
LP - CKB - R2 Camarista;118048;J-513;El nivel de aceite es correcto?;14/6/2026 20:04;No;LP;CKB;2;Bomba
LP - CKB - R2 Camarista;118048;J-513;El aspecto del aceite esta correcto?;14/6/2026 20:04;No;LP;CKB;2;Bomba
LP - CKB - R2 Camarista;118048;J-513;La Presion de circuito de lubricacion es mayor a 4kg?;14/6/2026 20:04;No;LP;CKB;2;Bomba
LP - CKB - R2 Camarista;118048;J-513;La Presion diferencial de aceite es menor a 1 kg?;14/6/2026 20:04;No;LP;CKB;2;Bomba
LP - CKB - R2 Camarista;118048;J-513;Se encuentran frios los venteos de empaquetadura?;14/6/2026 20:04;No;LP;CKB;2;Bomba
LP - CKB - R2 Camarista;118048;J-513;Se encuentran purgados los acumuladores de camaras muertas?;14/6/2026 20:04;No;LP;CKB;2;Bomba
LP - CKB - R3 Camarista;118037;JV-510 CM;La grasera esta funcionando correctamente?;14/6/2026 19:49;No;LP;CKB;3;Aero
LP - CKB - R3 Camarista;118037;JV-510 CM;El nivel de la grasera es correcto?;14/6/2026 19:49;No;LP;CKB;3;Aero
LP - FCCB - GASCON R5 (19:30 Hs);118104;J-7158 AM;La refrigeracion de la bomba circula correctamente?;14/6/2026 20:52;No;LP;FCCB;5;Bomba
LP - PLATFORMING - R4 (05:30 hs);117799;J-1906 M;Esta habilitado el venteo a RV del buffer?;14/6/2026 05:25;No;LP;PLATFORMING;4;Bomba
LP - PLATFORMING - R4 (05:30 hs);117799;J-1906 M;Esta correcto el nivel de aceite de buffer?;14/6/2026 05:25;No;LP;PLATFORMING;4;Bomba
LP - PLATFORMING - R4 (05:30 hs);117799;J-1906 AM;Esta habilitado el venteo a RV del buffer?;14/6/2026 05:25;No;LP;PLATFORMING;4;Bomba
LP - PLATFORMING - R4 (05:30 hs);117799;J-1906 AM;Esta correcto el nivel de aceite de buffer?;14/6/2026 05:25;No;LP;PLATFORMING;4;Bomba
LP - REDES - BBA LIVIANO 1130;118107;TK-6204;El tanque fue purgado en el turno?;14/6/2026 17:59;No;LP;REDES;1130;Tanque
LP - REDES - BBA LIVIANO 1130;118107;TK-6410;El tanque fue purgado en el turno?;14/6/2026 18:00;No;LP;REDES;1130;Tanque
LP - CENTRAL II - Salida 4;118108;RUEDA LJUNGSTROM;El nivel optico de domo es coincidente con la seal de sala?;14/6/2026 21:09;NO;LP;CENTRAL II;4;Sin clasificar
LP - FCCB - FRACC R1;118105;J-7109 AM;Se encuentra en reserva la bomba auxiliar de aceite?;14/6/2026 21:12;No;LP;FCCB;1;Bomba
LP - FCCB - FRACC R1;118105;J-7103 M;La asistencia de vapor esta habilitada?;14/6/2026 20:57;No;LP;FCCB;1;Bomba
LP - FCCB - FRACC R1;118105;J-7103 AM;La asistencia de vapor esta habilitada?;14/6/2026 20:58;No;LP;FCCB;1;Bomba
LP - FCCB - FRACC R1;118105;J-7112 M;El visor de aceite de niebla esta vacio?;14/6/2026 21:00;No;LP;FCCB;1;Bomba
LP - FCCB - FRACC R1;118105;J-7112 M;La refrigeracion de la bomba circula correctamente?;14/6/2026 21:01;No;LP;FCCB;1;Bomba
LP - FCCB - FRACC R1;118105;J-7120 M;esta en Automatico?;14/6/2026 21:05;No;LP;FCCB;1;Bomba
LP - FCCB - FRACC R1;118105;J-7120 AM;esta en Automatico?;14/6/2026 21:05;No;LP;FCCB;1;Bomba
LP - HTNCB - Rutina 1 (19:30 hs);118035;J-5601 B;esta habilitado el venteo a pump out del buffer?;14/6/2026 19:44;No;LP;HTNCB;1;Bomba
LP - HTNCB - Rutina 1 (19:30 hs);118035;J-5601 A;esta habilitado el venteo a pump out del buffer?;14/6/2026 19:45;No;LP;HTNCB;1;Bomba
LP - HTNCB - Rutina 1 (19:30 hs);118035;J-5608 B;esta habilitado el venteo a pump out del buffer?;14/6/2026 20:12;No;LP;HTNCB;1;Bomba
LP - HTNCB - Rutina 1 (19:30 hs);118035;J-5608 A;esta habilitado el venteo a pump out del buffer?;14/6/2026 20:11;No;LP;HTNCB;1;Bomba
LP - HTNCB - Rutina 1 (19:30 hs);118035;J-5608 A;La presion de buffer es menor a 6,8 BAR?;14/6/2026 20:11;No;LP;HTNCB;1;Bomba
LP - HTNCB - Rutina 1 (19:30 hs);118035;J-5607 B;esta habilitado el venteo a pump out del buffer?;14/6/2026 20:10;No;LP;HTNCB;1;Bomba
LP - HTNCB - Rutina 1 (19:30 hs);118035;J-5607 A;esta habilitado el venteo a pump out del buffer?;14/6/2026 20:08;No;LP;HTNCB;1;Bomba
LP - HTNCB - Rutina 1 (19:30 hs);118035;J-5605 B;esta habilitado el venteo a pump out del buffer?;14/6/2026 20:01;No;LP;HTNCB;1;Bomba
LP - HTNCB - Rutina 1 (19:30 hs);118035;J-5605 B;La presion de buffer es menor a 4,6 BAR?;14/6/2026 20:01;No;LP;HTNCB;1;Bomba
LP - HTNCB - Rutina 1 (19:30 hs);118035;J-5605 A;esta habilitado el venteo a pump out del buffer?;14/6/2026 19:59;No;LP;HTNCB;1;Bomba
LP - HTNCB - Rutina 1 (19:30 hs);118035;J-5606 B;esta habilitado el venteo a pump out del buffer?;14/6/2026 19:58;No;LP;HTNCB;1;Bomba
LP - HTNCB - Rutina 1 (19:30 hs);118035;J-5606 A;esta habilitado el venteo a pump out del buffer?;14/6/2026 19:57;No;LP;HTNCB;1;Bomba
LP - HTNCB - Rutina 1 (19:30 hs);118035;J-5603 B;esta habilitado el venteo a pump out del buffer?;14/6/2026 19:56;No;LP;HTNCB;1;Bomba
LP - HTNCB - Rutina 1 (19:30 hs);118035;J-5603 A;esta habilitado el venteo a pump out del buffer?;14/6/2026 19:54;No;LP;HTNCB;1;Bomba
LP - HTNCB - Rutina 1 (19:30 hs);118035;J-5602 B;esta habilitado el venteo a pump out del buffer?;14/6/2026 19:53;No;LP;HTNCB;1;Bomba
LP - HTNCB - Rutina 1 (19:30 hs);118035;J-5602 A;esta habilitado el venteo a pump out del buffer?;14/6/2026 19:52;No;LP;HTNCB;1;Bomba
LP - REDES - BBA FO Salida 2330;117765;TK-6511;El tanque fue purgado en el turno?;14/6/2026 00:50;No;LP;REDES;2330;Tanque
LP - REDES - BBA FO Salida 2330;117765;TK-6512;El tanque fue purgado en el turno?;14/6/2026 00:55;No;LP;REDES;2330;Tanque
LP - REDES - Op U1100-1200;117690;J-1203-BM;Se mantiene completo el LOTO?;13/6/2026 20:32;No;LP;REDES;1100;Bomba
LP - REDES - Op U1100-1200;117690;ISO 2;esta en automatico?;13/6/2026 20:35;No;LP;REDES;1100;Sin clasificar
LP - REDES - Op U1100-1200;117690;ISO 5;esta en automatico?;13/6/2026 20:36;No;LP;REDES;1100;Sin clasificar
LP - REDES - Op U1100-1200;117690;J-1220 BM;Se mantiene completo el LOTO?;13/6/2026 20:38;No;LP;REDES;1100;Bomba
LP - TOPP C - Rutina 1;118033;J-812 M;Visualiza venteo de niebla?;14/6/2026 19:45;No;LP;TOPP C;1;Bomba
LP - TOPP C - Rutina 1;118033;J-812 M;El visor de aceite de niebla esta vacio?;14/6/2026 19:45;No;LP;TOPP C;1;Bomba
LP - TOPP C - Rutina 1;118033;J-812 M;la presion del plan API, se encuentra por encima de los 8 kg/cm2?;14/6/2026 19:45;No;LP;TOPP C;1;Bomba
LP - TOPP C - Rutina 1;118033;J-812 AM;Visualiza venteo de niebla?;14/6/2026 19:45;No;LP;TOPP C;1;Bomba
LP - TOPP C - Rutina 1;118033;J-812 AM;El visor de aceite de niebla esta vacio?;14/6/2026 19:45;No;LP;TOPP C;1;Bomba
LP - TOPP C - Rutina 1;118033;J-812 AM;la presion del plan API, se encuentra por encima de los 8 kg/cm2?;14/6/2026 19:45;No;LP;TOPP C;1;Bomba
LP - TOPP C - Rutina 1;118033;J-831 AM;la presion de plan API, se encuentra por encima de los 8 kg/cm2?;14/6/2026 19:55;No;LP;TOPP C;1;Bomba
LP - TOPP C - Rutina 1;118033;J-831 AM;la refrigeracion a los sellos es menor a 60C?;14/6/2026 19:56;No;LP;TOPP C;1;Bomba
LP - TOPP C - Rutina 1;118033;J-832 M;la presion del plan API, se encuentra por encima de los 8 kg/cm2?;14/6/2026 19:56;No;LP;TOPP C;1;Bomba
LP - TOPP C - Rutina 1;118033;J-832 M;la refrigeracion a los sellos es menor a 60C?;14/6/2026 19:56;No;LP;TOPP C;1;Bomba
LP - TOPP C - Rutina 1;118033;J-832 AM;la refrigeracion a los sellos es menor a 60C?;14/6/2026 19:56;No;LP;TOPP C;1;Bomba
LP - TOPP C - Rutina 5 Merichem;118056;J-861 M;Se mantiene completo el LOTO?;14/6/2026 20:05;No;LP;TOPP C;5;Bomba
LP - TOPP C - Rutina 5 Merichem;118056;J-863 M;Se mantiene completo el LOTO?;14/6/2026 20:06;No;LP;TOPP C;5;Bomba
LP - TOPP C - Rutina 4;118064;SENTINA COQUE A VIEJO;La J-370M se encuentra disponible?;14/6/2026 20:10;No;LP;TOPP C;4;Sin clasificar
LP - CKB - General;118174;J505 M;Se observan fugas por la tapa o tapon de la retencion?;14/6/2026 22:16;No;LP;CKB;#¡NUM!;Sin clasificar
LP - CKB - General;118174;J505 AM;Se observan fugas por la tapa o tapon de la retencion?;14/6/2026 22:16;No;LP;CKB;#¡NUM!;Sin clasificar
LP - CKA - COMPRESORISTA;;J-306 BTN;Esta en Automatico?;14/6/2026 22:13;No;LP;CKA;#¡NUM!;Bomba
LP - CKA - COMPRESORISTA;;J-306 BTN;Hay ausencia de perdida de fluidos?;14/6/2026 22:13;No;LP;CKA;#¡NUM!;Bomba
LP - CKA - COMPRESORISTA;;J-306 AMN;El nivel del reservorio es correcto?;14/6/2026 22:12;No;LP;CKA;#¡NUM!;Bomba
LP - CKA - COMPRESORISTA;;J-306 AMN;La presion de circuito de lubricacion es correcta?;14/6/2026 22:12;No;LP;CKA;#¡NUM!;Bomba
LP - CKA - COMPRESORISTA;;J-306 AMN;La presion diferencial de filtro de aceite es menor a 1 kg?;14/6/2026 22:12;No;LP;CKA;#¡NUM!;Bomba
LP - CKA - COMPRESORISTA;;J-306 AMN;La valvula trip esta en condiciones operativas?;14/6/2026 22:12;No;LP;CKA;#¡NUM!;Bomba
LP - CKA - COMPRESORISTA;;J-304 BMN;Se encuentra el calentamiento habilitado?;14/6/2026 22:10;No;LP;CKA;#¡NUM!;Bomba
LP - CKA - COMPRESORISTA;;J-304 BMN;Hay ausencia de perdida de fluidos?;14/6/2026 22:11;No;LP;CKA;#¡NUM!;Bomba
LP - CKA - COMPRESORISTA;;J-307 AMN;Visualiza venteo de niebla?;14/6/2026 22:15;No;LP;CKA;#¡NUM!;Bomba
LP - CKA - COMPRESORISTA;;J-307 AMN;El visor de aceite de niebla esta vacio?;14/6/2026 22:15;No;LP;CKA;#¡NUM!;Bomba
LP - CKA - COMPRESORISTA;;J-307 AMN;El visor de aceite de niebla esta vacio?;14/6/2026 22:15;No;LP;CKA;#¡NUM!;Bomba
LP - CKA - COMPRESORISTA;;J-307 AMN;La regfrigeracion de los sellos esta OK?;14/6/2026 22:15;No;LP;CKA;#¡NUM!;Bomba
LP - CKA - COMPRESORISTA;;J-307 AMN;La regfrigeracion de la bomba circula correctamente?;14/6/2026 22:16;No;LP;CKA;#¡NUM!;Bomba
LP - CKA - COMPRESORISTA;;J-307 AMN;Hay ausencia de perdida de fluidos?;14/6/2026 22:16;No;LP;CKA;#¡NUM!;Bomba
LP - CKA - COMPRESORISTA;;J-307 BMN;Visualiza venteo de niebla?;14/6/2026 22:14;No;LP;CKA;#¡NUM!;Bomba
LP - CKA - COMPRESORISTA;;J-307 BMN;El visor de aceite de niebla esta vacio?;14/6/2026 22:14;No;LP;CKA;#¡NUM!;Bomba
LP - CKA - COMPRESORISTA;;J-307 BMN;La presion de circuito de lubricacion es correcta?;14/6/2026 22:14;No;LP;CKA;#¡NUM!;Bomba
LP - CKA - COMPRESORISTA;;J-307 BMN;La regfrigeracion de los sellos esta OK?;14/6/2026 22:15;No;LP;CKA;#¡NUM!;Bomba
LP - CKA - COMPRESORISTA;;J-307 BMN;La regfrigeracion de la bomba circula correctamente?;14/6/2026 22:15;No;LP;CKA;#¡NUM!;Bomba
LP - CKA - COMPRESORISTA;;J-308 AMN;La regfrigeracion de los sellos esta OK?;14/6/2026 22:17;No;LP;CKA;#¡NUM!;Bomba
LP - CKA - COMPRESORISTA;;J-308 AMN;La regfrigeracion de la bomba circula correctamente?;14/6/2026 22:17;No;LP;CKA;#¡NUM!;Bomba
LP - CKA - COMPRESORISTA;;J-308 BMN;La regfrigeracion de los sellos esta OK?;14/6/2026 22:16;No;LP;CKA;#¡NUM!;Bomba
LP - CKA - COMPRESORISTA;;J-308 BMN;La regfrigeracion de la bomba circula correctamente?;14/6/2026 22:16;No;LP;CKA;#¡NUM!;Bomba
LP - CKA - COMPRESORISTA;;J-308 BMN;Hay ausencia de perdida de fluidos?;14/6/2026 22:16;No;LP;CKA;#¡NUM!;Bomba
LP - CKA - COMPRESORISTA;;J-366 BMN;Visualiza venteo de niebla?;14/6/2026 22:09;No;LP;CKA;#¡NUM!;Bomba
LP - CKA - COMPRESORISTA;;J-366 BMN;La regfrigeracion de los sellos esta OK?;14/6/2026 22:09;No;LP;CKA;#¡NUM!;Bomba
LP - CKA - COMPRESORISTA;;J-366 BMN;La regfrigeracion de la bomba circula correctamente?;14/6/2026 22:09;No;LP;CKA;#¡NUM!;Bomba
LP - CKA - COMPRESORISTA;;J-366 BMN;Hay ausencia de perdida de fluidos?;14/6/2026 22:09;No;LP;CKA;#¡NUM!;Bomba
LP - CKA - COMPRESORISTA;;J-302 BTN;La refrigeracion de los sellos esta OK?;14/6/2026 22:06;No;LP;CKA;#¡NUM!;Bomba
LP - CKA - COMPRESORISTA;;J-302 BTN;La regfrigeracion de la bomba circula correctamente?;14/6/2026 22:07;No;LP;CKA;#¡NUM!;Bomba
LP - CKA - COMPRESORISTA;;J-302 BTN;Hay ausencia de ruidos, vibraciones anormales y perdida de fluidos?;14/6/2026 22:07;No;LP;CKA;#¡NUM!;Bomba
LP - CKA - COMPRESORISTA;;J-302 AMN;La refrigeracion de los sellos esta OK?;14/6/2026 22:05;No;LP;CKA;#¡NUM!;Bomba
LP - CKA - COMPRESORISTA;;J-302 AMN;La regfrigeracion de la bomba circula correctamente?;14/6/2026 22:05;No;LP;CKA;#¡NUM!;Bomba
LP - CKA - COMPRESORISTA;;J-302 AMN;Hay ausencia de perdida de fluidos?;14/6/2026 22:05;No;LP;CKA;#¡NUM!;Bomba
LP - CKA - COMPRESORISTA;;J-369 AMN;La refrigeracion de los sellos esta OK?;14/6/2026 22:02;No;LP;CKA;#¡NUM!;Bomba
LP - CKA - COMPRESORISTA;;J-369 AMN;La presion de fluido barrera esta por encima de 6 kg/cm2?;14/6/2026 22:02;No;LP;CKA;#¡NUM!;Bomba
LP - CKA - COMPRESORISTA;;J-369 AMN;La regfrigeracion de la bomba circula correctamente?;14/6/2026 22:03;No;LP;CKA;#¡NUM!;Bomba
LP - CKA - COMPRESORISTA;;J-369 AMN;Hay ausencia de ruidos, vibraciones anormales y perdida de fluidos?;14/6/2026 22:03;No;LP;CKA;#¡NUM!;Bomba
LP - CKA - COMPRESORISTA;;J-369 BMN;Esta en Automatico?;14/6/2026 22:04;No;LP;CKA;#¡NUM!;Bomba
LP - CKA - COMPRESORISTA;;J-369 BMN;Visualiza venteo de niebla?;14/6/2026 22:04;No;LP;CKA;#¡NUM!;Bomba
LP - CKA - COMPRESORISTA;;J-369 BMN;La refrigeracion de los sellos esta OK?;14/6/2026 22:04;No;LP;CKA;#¡NUM!;Bomba
LP - CKA - COMPRESORISTA;;J-369 BMN;La presion de fluido barrera esta por encima de 6 kg/cm2?;14/6/2026 22:05;No;LP;CKA;#¡NUM!;Bomba
LP - CKA - COMPRESORISTA;;J-369 BMN;La regfrigeracion de la bomba circula correctamente?;14/6/2026 22:05;No;LP;CKA;#¡NUM!;Bomba
LP - CKA - COMPRESORISTA;;J-372 AMN;Hay ausencia de perdida de fluidos?;14/6/2026 21:56;No;LP;CKA;#¡NUM!;Bomba
LP - CKA - COMPRESORISTA;;J-372 BMN;Hay ausencia de perdida de fluidos?;14/6/2026 21:59;No;LP;CKA;#¡NUM!;Bomba
LP - CKA - COMPRESORISTA;;J-392 ATN;Visualiza venteo de niebla?;14/6/2026 22:00;No;LP;CKA;#¡NUM!;Bomba
LP - CKA - COMPRESORISTA;;J-392 ATN;El visor de aceite de niebla esta vacio?;14/6/2026 22:00;No;LP;CKA;#¡NUM!;Bomba
LP - CKA - COMPRESORISTA;;J-392 BMN;Visualiza venteo de niebla?;14/6/2026 22:00;No;LP;CKA;#¡NUM!;Bomba
LP - CKA - COMPRESORISTA;;J-392 BMN;El visor de aceite de niebla esta vacio?;14/6/2026 22:00;No;LP;CKA;#¡NUM!;Bomba
LP - CKA - COMPRESORISTA;;J-392 BMN;La refrigeracion de la bomba circula correctamente?;14/6/2026 22:00;No;LP;CKA;#¡NUM!;Bomba
LP - CKA - COMPRESORISTA;;J-391 AMN;Visualiza venteo de niebla?3;14/6/2026 22:01;No;LP;CKA;#¡NUM!;Bomba
LP - CKA - COMPRESORISTA;;J-391 AMN;El visor de aceite de niebla esta vacio?;14/6/2026 22:01;No;LP;CKA;#¡NUM!;Bomba
LP - CKA - COMPRESORISTA;;J-391 BMN;Visualiza venteo de niebla?;14/6/2026 22:01;No;LP;CKA;#¡NUM!;Bomba
LP - CKA - COMPRESORISTA;;J-391 BMN;El visor de aceite de niebla esta vacio?;14/6/2026 22:01;No;LP;CKA;#¡NUM!;Bomba
LP - CKA - COMPRESORISTA;;J-354 AMN;La refrigeracion de los sellos esta OK?;14/6/2026 21:54;No;LP;CKA;#¡NUM!;Bomba
LP - CKA - COMPRESORISTA;;J-354 AMN;La refrigeracion de la bomba circula correctamente?;14/6/2026 21:54;No;LP;CKA;#¡NUM!;Bomba
LP - CKA - COMPRESORISTA;;J-354 BMN;Esta en Automatico?;14/6/2026 21:53;No;LP;CKA;#¡NUM!;Bomba
LP - CKA - COMPRESORISTA;;J-354 BMN;La refrigeracion de los sellos esta OK?;14/6/2026 21:53;No;LP;CKA;#¡NUM!;Bomba
LP - CKA - COMPRESORISTA;;J-354 BMN;La refrigeracion de la bomba circula correctamente?;14/6/2026 21:53;No;LP;CKA;#¡NUM!;Bomba
LP - CKA - COMPRESORISTA;;J-358 BMN;Esta en Automatico?;14/6/2026 21:55;No;LP;CKA;#¡NUM!;Bomba
LP - CKA - COMPRESORISTA;;J-358 BMN;La presion de fluido barrera esta en 0 kg/cm2?;14/6/2026 21:55;No;LP;CKA;#¡NUM!;Bomba
LP - CKA - COMPRESORISTA;;J-311 AMN;Visualiza venteo de niebla?;14/6/2026 21:51;No;LP;CKA;#¡NUM!;Bomba
LP - CKA - COMPRESORISTA;;J-311 AMN;El visor de aceite de niebla esta vacio?;14/6/2026 21:51;No;LP;CKA;#¡NUM!;Bomba
LP - CKA - COMPRESORISTA;;J-311 AMN;El visor de aceite del motor se encuentra con nivel normal?;14/6/2026 21:51;No;LP;CKA;#¡NUM!;Bomba
LP - CKA - COMPRESORISTA;;J-311 AMN;La presion de fluido barrera esta en 0 kg/cm2?;14/6/2026 21:51;No;LP;CKA;#¡NUM!;Bomba
LP - CKA - COMPRESORISTA;;J-315 AMN;El visor de aceite del motor se encuentra con nivel normal?;14/6/2026 21:49;No;LP;CKA;#¡NUM!;Bomba
LP - CKA - COMPRESORISTA;;J-315 AMN;El visor de aceite de la bomba se encuentra con nivel normal?;14/6/2026 21:49;No;LP;CKA;#¡NUM!;Bomba
LP - CKA - COMPRESORISTA;;J-315 AMN;La presion de circuito de lubricacion es correcta?;14/6/2026 21:49;No;LP;CKA;#¡NUM!;Bomba
LP - CKA - COMPRESORISTA;;J-315 AMN;La regfrigeracion de la bomba circula correctamente?;14/6/2026 21:49;No;LP;CKA;#¡NUM!;Bomba
LP - CKA - COMPRESORISTA;;J-315 AMN;Hay ausencia de ruidos, vibraciones anormales y perdida de fluidos?;14/6/2026 21:50;No;LP;CKA;#¡NUM!;Bomba
LP - CKA - COMPRESORISTA;;J-315 BMN;Esta en Automatico?;14/6/2026 21:50;No;LP;CKA;#¡NUM!;Bomba
LP - CKA - COMPRESORISTA;;J-315 BMN;El visor de aceite del motor se encuentra con nivel normal?;14/6/2026 21:50;No;LP;CKA;#¡NUM!;Bomba
LP - CKA - COMPRESORISTA;;J-315 BMN;La refrigeracion de los sellos esta OK?;14/6/2026 21:50;No;LP;CKA;#¡NUM!;Bomba
LP - CKA - COMPRESORISTA;;J-315 BMN;La presion de fluido barrera esta en 0 kg/cm2?;14/6/2026 21:50;No;LP;CKA;#¡NUM!;Bomba
LP - CKA - COMPRESORISTA;;J-315 BMN;La refrigeracion de la bomba circula correctamente?;14/6/2026 21:50;No;LP;CKA;#¡NUM!;Bomba
LP - CKA - COMPRESORISTA;;J-315 BMN;Hay ausencia de perdida de fluidos?;14/6/2026 21:51;No;LP;CKA;#¡NUM!;Bomba
LP - CKA - COMPRESORISTA;;J-364 BMN;Visualiza venteo de niebla?;14/6/2026 21:48;No;LP;CKA;#¡NUM!;Bomba
LP - CKA - COMPRESORISTA;;J-364 BMN;El visor de aceite de niebla esta vacio?;14/6/2026 21:48;No;LP;CKA;#¡NUM!;Bomba
LP - CKA - COMPRESORISTA;;J-364 BMN;El visor de aceite del motor se encuentra con nivel normal?;14/6/2026 21:48;No;LP;CKA;#¡NUM!;Bomba
PH - Platforming - RC A-300 Dosificaciones;118079;DOSIFICACIONES;Se realizo draguer de HCL? (SI/NO);14/6/2026 20:20;NO;PH;Platforming;#¡NUM!;Sin clasificar
PH - Platforming - RC A-300 Dosificaciones;118079;DOSIFICACIONES;Se realizo draguer de H2S ? (SI/NO);14/6/2026 20:20;NO;PH;Platforming;#¡NUM!;Sin clasificar
PH - Platforming - RC A-300 Compresores;118095;C-301 A - ALTA;Ha juntado liquido? ( SI/NO );14/6/2026 20:34;NO;PH;Platforming;#¡NUM!;Sin clasificar
PH - Platforming - RC A-300 Compresores;118095;C-301 A - INTERMEDIA;Ha juntado liquido? ( SI/NO );14/6/2026 20:34;NO;PH;Platforming;#¡NUM!;Sin clasificar
PH - Platforming - RC A-300 Compresores;118095;C-301 A - BAJA;Ha juntado liquido? ( SI/NO );14/6/2026 20:34;NO;PH;Platforming;#¡NUM!;Sin clasificar
PH - Platforming - RC A-300 Compresores;118095;C-301 B - ALTA;Ha juntado liquido? ( SI/NO );14/6/2026 20:33;NO;PH;Platforming;#¡NUM!;Sin clasificar
PH - Platforming - RC A-300 Compresores;118095;C-301 B - INTERMEDIA;Ha juntado liquido? ( SI/NO );14/6/2026 20:33;NO;PH;Platforming;#¡NUM!;Sin clasificar
PH - Platforming - RC A-300 Compresores;118095;C-301 B - BAJA;Ha juntado liquido? ( SI/NO );14/6/2026 20:33;NO;PH;Platforming;#¡NUM!;Sin clasificar
PH - Refinacion - RE_A-1000 RC;118110;API;Barredor de fondo disponible? (SI/NO);14/6/2026 21:07;No;PH;Refinacion;#¡NUM!;Sin clasificar
PH - Refinacion - RE_A-1000 RC;118110;API;Barredor de superficie disponible? (SI/NO);14/6/2026 21:07;No;PH;Refinacion;#¡NUM!;Sin clasificar
QUIM - S100 - Compresor;118087;COMPRESOR V-121A;El calefactor esta encendido?;14/6/2026 20:28;No;QUIM;S100;#¡NUM!;Compresor
LP CENTRAL II Salida 3;118189;J-2109 AM;Visualiza venteo de niebla?;14/6/2026 23:52;No;LP;CENTRAL II;3;Bomba
LP - BLENDING - Sala K13 Salida 0730;118062;J-2014 M;Se mantiene completo el LOTO?;14/6/2026 20:09;No;LP;BLENDING;13;Bomba
LP - BLENDING - Sala K13 Salida 0730;118062;J-2014 AM;Se mantiene completo el LOTO?;14/6/2026 20:09;No;LP;BLENDING;13;Bomba
LP - BLENDING - Sala K13 Salida 0730;118062;J-2025 MR;Se mantiene completo el LOTO?;14/6/2026 20:09;No;LP;BLENDING;13;Bomba
LP - FURFURAL - Rutina 4;118199;TRINCHERAS;Hay ausencia de agua?;14/6/2026 23:57;NO;LP;FURFURAL;4;Sin clasificar
LP - PLATFORMING - R1 (19:30 hs);118076;J-1910 A;Esta correcto el nivel de aceite de buffer?;14/6/2026 20:18;No;LP;PLATFORMING;1;Bomba
LP - PLATFORMING - R1 (19:30 hs);118076;J-1906 M;Esta habilitado el venteo a RV del buffer?;14/6/2026 20:19;No;LP;PLATFORMING;1;Bomba
LP - PLATFORMING - R1 (19:30 hs);118076;J-1906 M;Esta correcto el nivel de aceite de buffer?;14/6/2026 20:19;No;LP;PLATFORMING;1;Bomba
LP - PLATFORMING - R1 (19:30 hs);118076;J-1906 AM;Esta habilitado el venteo a RV del buffer?;14/6/2026 20:19;No;LP;PLATFORMING;1;Bomba
LP - PLATFORMING - R1 (19:30 hs);118076;J-1906 AM;Esta correcto el nivel de aceite de buffer?;14/6/2026 20:19;No;LP;PLATFORMING;1;Bomba
LP - REDES - BBA CRUDO R2330;118212;TK-6012;El pasto del recinto esta corto?;15/6/2026 00:33;No;LP;REDES;2330;Tanque
LP - REDES - BBA CRUDO R2330;118212;TK-6012;El tanque fue purgado en el turno?;15/6/2026 00:33;No;LP;REDES;2330;Tanque
LP - REDES - BBA CRUDO R2330;118212;TK-256;Hay ausencia de manchas de HC en el recinto?;15/6/2026 00:31;No;LP;REDES;2330;Tanque
LP - REDES - BBA CRUDO R2330;118212;TK-258;El pasto del recinto esta corto?;15/6/2026 00:32;No;LP;REDES;2330;Tanque
LP - REDES - BBA CRUDO R2330;118212;TK-258;El tanque fue purgado en el turno?;15/6/2026 00:33;No;LP;REDES;2330;Tanque
LP - REDES - BBA CRUDO R2330;118212;TK-261;El pasto del recinto esta corto?;15/6/2026 00:32;No;LP;REDES;2330;Tanque
LP - REDES - BBA CRUDO R2330;118212;TK-261;El tanque fue purgado en el turno?;15/6/2026 00:32;No;LP;REDES;2330;Tanque
LP - REDES - BBA CRUDO R2330;118212;TK-263;El pasto del recinto esta corto?;15/6/2026 00:30;No;LP;REDES;2330;Tanque
LP - REDES - BBA CRUDO R2330;118212;TK-263;El tanque fue purgado en el turno?;15/6/2026 00:30;No;LP;REDES;2330;Tanque
LP - REDES - BBA CRUDO R2330;118212;TK-267;El pasto del recinto esta corto?;15/6/2026 00:31;No;LP;REDES;2330;Tanque
LP - REDES - BBA CRUDO R2330;118212;TK-267;El tanque fue purgado en el turno?;15/6/2026 00:31;No;LP;REDES;2330;Tanque
LP - REDES - BBA CRUDO R2330;118212;TK-6010;El pasto del recinto esta corto?;15/6/2026 00:30;No;LP;REDES;2330;Tanque
LP - REDES - BBA CRUDO R2330;118212;TK-6010;El tanque fue purgado en el turno?;15/6/2026 00:30;No;LP;REDES;2330;Tanque
LP - REDES - BBA CRUDO R1930;118112;J-60649;Hay ausencias de perdidas plan API?;14/6/2026 21:14;No;LP;REDES;1930;Bomba
LP - REDES - BBA CRUDO R1930;118112;J-60646 M;Hay ausencias de perdidas plan API?;14/6/2026 21:16;No;LP;REDES;1930;Bomba
LP - REDES - BBA CRUDO R1930;118112;ENTRESENDAS TK-6012;Hay ausencia de hidrocarburos?;14/6/2026 21:39;No;LP;REDES;1930;Tanque
LP - REDES - BBA CRUDO R1930;118112;DRENAJES;Hay ausencia de hidrocarburos?;14/6/2026 21:39;No;LP;REDES;1930;Sin clasificar
LP - REDES - BBA CRUDO R1930;118112;SENTINAS;Hay ausencia de hidrocarburos?;14/6/2026 21:39;No;LP;REDES;1930;Sin clasificar
PH - Serv Aux - RO_Planta de Agua;118205;P1501A;P1501A - Condiciones operativas equipo OK;15/6/2026 00:18;No;PH;Serv Aux;#¡NUM!;Sin clasificar
PH - Serv Aux - RO_Planta de Agua;118205;P1501C;P1501C - Condiciones operativas equipo OK;15/6/2026 00:19;No;PH;Serv Aux;#¡NUM!;Sin clasificar
QUIM - S100 - Recorrida de Planta;118089;RECORRIDA DE PLANTA;PUEDE AFIRMAR QUE NO HAY BY PASSES ABIERTOS?;14/6/2026 20:28;NO;QUIM;S100;#¡NUM!;Sin clasificar
QUIM - S900 - Aero;118071;MM-902;MM-902-A PUEDE RECONOCER RUIDOS EXTRAOS?;14/6/2026 20:12;No;QUIM;S900;#¡NUM!;Sin clasificar
QUIM - S900 - Aero;118071;MM-902;MM-902-A HAY PRDIDAS?;14/6/2026 20:12;No;QUIM;S900;#¡NUM!;Sin clasificar
QUIM - S900 - Aero;118071;MM-902;MM-902-A HAY FALTANTES?;14/6/2026 20:12;No;QUIM;S900;#¡NUM!;Sin clasificar
QUIM - S900 - Aero;118071;MM-902;MM-902-C PUEDE RECONOCER RUIDOS EXTRAOS?;14/6/2026 20:12;No;QUIM;S900;#¡NUM!;Sin clasificar
QUIM - S900 - Aero;118071;MM-902;MM-902-C HAY PRDIDAS?;14/6/2026 20:12;No;QUIM;S900;#¡NUM!;Sin clasificar
QUIM - S900 - Aero;118071;MM-902;MM-902-C HAY FALTANTES?;14/6/2026 20:12;No;QUIM;S900;#¡NUM!;Sin clasificar
QUIM - S900 - Aero;118071;MM-902;MM-902-D PUEDE RECONOCER RUIDOS EXTRAOS?;14/6/2026 20:12;No;QUIM;S900;#¡NUM!;Sin clasificar
QUIM - S900 - Aero;118071;MM-902;MM-902-D HAY PRDIDAS?;14/6/2026 20:12;No;QUIM;S900;#¡NUM!;Sin clasificar
QUIM - S900 - Aero;118071;MM-902;MM-902-D HAY FALTANTES?;14/6/2026 20:12;No;QUIM;S900;#¡NUM!;Sin clasificar
QUIM - S900 - Aero;118071;MM-902;MM-902-F PUEDE RECONOCER RUIDOS EXTRAOS?;14/6/2026 20:13;No;QUIM;S900;#¡NUM!;Sin clasificar
QUIM - S900 - Aero;118071;MM-902;MM-902-F HAY PRDIDAS?;14/6/2026 20:13;No;QUIM;S900;#¡NUM!;Sin clasificar
QUIM - S900 - Aero;118071;MM-902;MM-902-F HAY FALTANTES?;14/6/2026 20:13;No;QUIM;S900;#¡NUM!;Sin clasificar
QUIM - S900 - Aero;118071;MM-902;MM-902-G PUEDE RECONOCER RUIDOS EXTRAOS?;14/6/2026 20:13;No;QUIM;S900;#¡NUM!;Sin clasificar
QUIM - S900 - Aero;118071;MM-902;MM-902-G HAY PRDIDAS?;14/6/2026 20:13;No;QUIM;S900;#¡NUM!;Sin clasificar
QUIM - S900 - Aero;118071;MM-902;MM-902-G HAY FALTANTES?;14/6/2026 20:13;No;QUIM;S900;#¡NUM!;Sin clasificar
QUIM - S900 - Aero;118071;MM-902;MM-902-H PUEDE RECONOCER RUIDOS EXTRAOS?;14/6/2026 20:13;No;QUIM;S900;#¡NUM!;Sin clasificar
QUIM - S900 - Aero;118071;MM-902;MM-902-H HAY PRDIDAS?;14/6/2026 20:13;No;QUIM;S900;#¡NUM!;Sin clasificar
QUIM - S900 - Aero;118071;MM-902;MM-902-H HAY FALTANTES?;14/6/2026 20:13;No;QUIM;S900;#¡NUM!;Sin clasificar
QUIM - S900 - Aero;118071;MM-902;MM-902-I PUEDE RECONOCER RUIDOS EXTRAOS?;14/6/2026 20:13;No;QUIM;S900;#¡NUM!;Sin clasificar
QUIM - S900 - Aero;118071;MM-902;MM-902-I HAY PRDIDAS?;14/6/2026 20:14;No;QUIM;S900;#¡NUM!;Sin clasificar
QUIM - S900 - Aero;118071;MM-902;MM-902-I HAY FALTANTES?;14/6/2026 20:14;No;QUIM;S900;#¡NUM!;Sin clasificar
QUIM - S900 - Aero;118071;MM-902;MM-902-J PUEDE RECONOCER RUIDOS EXTRAOS?;14/6/2026 20:14;No;QUIM;S900;#¡NUM!;Sin clasificar
QUIM - S900 - Aero;118071;MM-902;MM-902-J HAY PRDIDAS?;14/6/2026 20:14;No;QUIM;S900;#¡NUM!;Sin clasificar
QUIM - S900 - Aero;118071;MM-902;MM-902-J HAY FALTANTES?;14/6/2026 20:14;No;QUIM;S900;#¡NUM!;Sin clasificar
QUIM - S900 - Aero;118071;MM-902;MM-902-L PUEDE RECONOCER RUIDOS EXTRAOS?;14/6/2026 20:14;No;QUIM;S900;#¡NUM!;Sin clasificar
QUIM - S900 - Aero;118071;MM-902;MM-902-L HAY PRDIDAS?;14/6/2026 20:14;No;QUIM;S900;#¡NUM!;Sin clasificar
QUIM - S900 - Aero;118071;MM-902;MM-902-L HAY FALTANTES?;14/6/2026 20:14;No;QUIM;S900;#¡NUM!;Sin clasificar
QUIM - S900 - Aero;118071;MM-904;MM-904-A PUEDE RECONOCER RUIDOS EXTRAOS?;14/6/2026 20:14;No;QUIM;S900;#¡NUM!;Sin clasificar
QUIM - S900 - Aero;118071;MM-904;MM-904-A HAY PRDIDAS?;14/6/2026 20:14;No;QUIM;S900;#¡NUM!;Sin clasificar
QUIM - S900 - Aero;118071;MM-904;MM-904-A HAY FALTANTES?;14/6/2026 20:14;No;QUIM;S900;#¡NUM!;Sin clasificar
QUIM - S900 - Aero;118071;MM-904;MM-904-B PUEDE RECONOCER RUIDOS EXTRAOS?;14/6/2026 20:15;No;QUIM;S900;#¡NUM!;Sin clasificar
QUIM - S900 - Aero;118071;MM-904;MM-904-B HAY PRDIDAS?;14/6/2026 20:15;No;QUIM;S900;#¡NUM!;Sin clasificar
QUIM - S900 - Aero;118071;MM-904;MM-904-B HAY FALTANTES?;14/6/2026 20:15;No;QUIM;S900;#¡NUM!;Sin clasificar
QUIM - S900 - Aero;118071;MM-906;MM-906-A PUEDE RECONOCER RUIDOS EXTRAOS?;14/6/2026 20:11;No;QUIM;S900;#¡NUM!;Sin clasificar
QUIM - S900 - Aero;118071;MM-906;MM-906-A HAY PRDIDAS?;14/6/2026 20:11;No;QUIM;S900;#¡NUM!;Sin clasificar
QUIM - S900 - Aero;118071;MM-906;MM-906-A HAY FALTANTES?;14/6/2026 20:11;No;QUIM;S900;#¡NUM!;Sin clasificar
QUIM - S900 - Aero;118071;MM-906;MM-906-B PUEDE RECONOCER RUIDOS EXTRAOS?;14/6/2026 20:12;No;QUIM;S900;#¡NUM!;Sin clasificar
QUIM - S900 - Aero;118071;MM-906;MM-906-B HAY PRDIDAS?;14/6/2026 20:12;No;QUIM;S900;#¡NUM!;Sin clasificar
QUIM - S900 - Aero;118071;MM-906;MM-906-B HAY FALTANTES?;14/6/2026 20:12;No;QUIM;S900;#¡NUM!;Sin clasificar
QUIM - S100 - Rotantes;117683;J-124 A;Esta colocada la chapa a pump out?;13/6/2026 20:24;NO;QUIM;S100;#¡NUM!;Bomba
QUIM - S100 - Rotantes;117683;J-124 B;Esta colocada la chapa a pump out?;13/6/2026 20:24;NO;QUIM;S100;#¡NUM!;Bomba
QUIM - S100 - Rotantes;117683;J-174 A;Esta colocada la chapa a pump out?;13/6/2026 20:25;NO;QUIM;S100;#¡NUM!;Bomba
QUIM - S100 - Rotantes;117683;J-174 B;Esta colocada la chapa a pump out?;13/6/2026 20:24;NO;QUIM;S100;#¡NUM!;Bomba
QUIM - S100 - Rotantes;117683;J-121 D;Esta colocada la chapa a pump out?;13/6/2026 20:26;NO;QUIM;S100;#¡NUM!;Bomba
QUIM - S900 - Bombas;118057;J-901-A;Existen perdidas de aceite?;14/6/2026 20:24;No;QUIM;S900;#¡NUM!;Bomba
QUIM - S900 - Bombas;118057;J-901-B;Existen perdidas de aceite?;14/6/2026 20:24;No;QUIM;S900;#¡NUM!;Bomba
QUIM - S900 - Bombas;118057;J-903-A;Presenta perdidas a atmosfera?;14/6/2026 20:20;No;QUIM;S900;#¡NUM!;Bomba
QUIM - S900 - Bombas;118057;J-903-B;Presenta perdidas a atmosfera?;14/6/2026 20:21;No;QUIM;S900;#¡NUM!;Bomba
QUIM - S900 - Bombas;118057;J-921-A;Presenta perdidas a atmosfera?;14/6/2026 20:19;No;QUIM;S900;#¡NUM!;Bomba
QUIM - S900 - Bombas;118057;J-921-B;Presenta perdidas a atmosfera?;14/6/2026 20:19;No;QUIM;S900;#¡NUM!;Bomba
QUIM - S900 - Bombas;118057;J-906-A;Presenta perdidas a atmosfera?;14/6/2026 20:19;No;QUIM;S900;#¡NUM!;Bomba
QUIM - S900 - Bombas;118057;J-906-B;Presenta perdidas a atmosfera?;14/6/2026 20:19;No;QUIM;S900;#¡NUM!;Bomba
QUIM - S900 - Bombas;118057;J-927;Existen perdidas de aceite?;14/6/2026 20:23;No;QUIM;S900;#¡NUM!;Bomba
QUIM - S900 - Bombas;118057;J-933-A;Tiene perdida de vapor?;14/6/2026 20:22;No;QUIM;S900;#¡NUM!;Bomba
QUIM - S900 - Bombas;118057;J-933-B;Presenta perdidas a atmosfera?;14/6/2026 20:23;No;QUIM;S900;#¡NUM!;Bomba
QUIM - S900 - Bombas;118057;J-934-B;Presenta perdidas a atmosfera?;14/6/2026 20:22;No;QUIM;S900;#¡NUM!;Bomba
QUIM - S900 - Bombas;118057;J-931-A;Presenta perdidas a atmosfera?;14/6/2026 20:25;No;QUIM;S900;#¡NUM!;Bomba
QUIM - S900 - Bombas;118057;J-931-B;Presenta perdidas a atmosfera?;14/6/2026 20:25;No;QUIM;S900;#¡NUM!;Bomba
QUIM - S900 - Bombas;118057;B-921;Presenta perdidas a atmosfera?;14/6/2026 20:20;No;QUIM;S900;#¡NUM!;Sin clasificar
QUIM - S900 - Bombas;118057;B-922;Presenta perdidas a atmosfera?;14/6/2026 20:05;No;QUIM;S900;#¡NUM!;Sin clasificar
QUIM - S900 - Bombas;118057;B-923;Presenta perdidas a atmosfera?;14/6/2026 20:06;No;QUIM;S900;#¡NUM!;Sin clasificar
QUIM - S900 - Bombas;118057;B-924;Presenta perdidas a atmosfera?;14/6/2026 20:08;No;QUIM;S900;#¡NUM!;Sin clasificar
QUIM - S900 - Recorrida Planta;118078;CATALIZADOR REGENERADO-FINOS;¿LA MUESTRA DE CATALIZADOR REGENERADO TIENE ENANAS BLANCAS?;14/6/2026 20:18;No;QUIM;S900;#¡NUM!;Sin clasificar
QUIM - S900 - Recorrida Planta;118078;CATALIZADOR REGENERADO-FINOS;¿LA MUESTRA DE CATALIZADOR REGENERADO TIENE BOLAS NEGRAS?;14/6/2026 20:18;No;QUIM;S900;#¡NUM!;Sin clasificar
QUIM - S900 - Recorrida Planta;118049;RECORRIDA DE PLANTA;HAY PURGAS DE CONDENSADO A ATMOSFERA?;14/6/2026 20:01;No;QUIM;S900;#¡NUM!;Sin clasificar
QUIM - S900 - Recorrida Planta;118049;RECORRIDA DE PLANTA;HAY PRDIDAS DE VAPOR/CONDENSADO?;14/6/2026 20:01;No;QUIM;S900;#¡NUM!;Sin clasificar
QUIM - S900 - Recorrida Planta;118049;RECORRIDA DE PLANTA;HAY PRDIDAS DE HC?;14/6/2026 20:01;No;QUIM;S900;#¡NUM!;Sin clasificar
QUIM - S900 - Recorrida Planta;118049;RECORRIDA DE PLANTA;HAY EQUIPOS ABIERTOS?;14/6/2026 20:01;No;QUIM;S900;#¡NUM!;Sin clasificar
QUIM - S900 - Recorrida Planta;118049;RECORRIDA DE PLANTA;HAY BY PASSES ABIERTOS?;14/6/2026 20:01;No;QUIM;S900;#¡NUM!;Sin clasificar
QUIM - S900 - Recorrida Planta;118049;RECORRIDA DE PLANTA;HAY VENTEOS A ANTORCHA ABIERTOS?;14/6/2026 20:01;No;QUIM;S900;#¡NUM!;Sin clasificar
LP - CKB - R3 Op GASCON;118213;JV-565 BM;La grasera esta funcionando correctamente?;15/6/2026 01:10;No;LP;CKB;3;Aero
LP - HTGBHTNFCC - Rutina 1;116963;J-3101 A/B;[J-3101 A] La refrigeracin de los sellos est OK?;12/6/2026 08:29;No;LP;HTGBHTNFCC;1;Bomba
LP - HTGBHTNFCC - Rutina 1;116963;J-3101 A/B;[J-3101 A] La refrigeracin de la bomba circula correctamente?;12/6/2026 08:29;No;LP;HTGBHTNFCC;1;Bomba
LP - HTGBHTNFCC - Rutina 1;116963;J-3101 A/B;[J-3101 B] La refrigeracin de los sellos est OK?;12/6/2026 08:29;No;LP;HTGBHTNFCC;1;Bomba
LP - HTGBHTNFCC - Rutina 1;116963;J-3101 A/B;[J-3101 B] La refrigeracin de la bomba circula correctamente?;12/6/2026 08:29;No;LP;HTGBHTNFCC;1;Bomba
LP - PLATFORMING - R2 (23 hs);118202;HORNOS;El nivel del separador liquido se encuentra visible?;15/6/2026 00:10;No;LP;PLATFORMING;2;Horno
LP - PLATFORMING - R2 (23 hs);118202;HORNO B-1905;Se encuentran todos los pilotos encendidos?;15/6/2026 00:11;No;LP;PLATFORMING;2;Horno
LP - REDES - OP K15 1930;118043;J-9002 M;Pare remoto en servicio?;14/6/2026 20:01;No;LP;REDES;15;Bomba
LP - BLENDING - Op Sala LUB 2330;118242;TK 55;La iluminacion del tanque es correcta?;15/6/2026 03:27;No;LP;BLENDING;2330;Tanque
LP - BLENDING - Op Sala LUB 2330;118242;TK 803;La iluminacion del tanque es correcta?;15/6/2026 03:30;No;LP;BLENDING;2330;Tanque
LP - BLENDING - Op Sala LUB 2330;118242;TK 821;El pasto del recinto esta corto?;15/6/2026 03:28;No;LP;BLENDING;2330;Tanque
LP - CKA - CAMARISTA;118239;JV-C 311 AN2;El nivel de la grasera es correcto?;15/6/2026 03:17;No;LP;CKA;#¡NUM!;Aero
LP - CKA - CAMARISTA;118239;JV-C 311 CN2;El nivel de la grasera es correcto?;15/6/2026 03:19;No;LP;CKA;#¡NUM!;Aero
LP - CKA - CAMARISTA;118239;JV-C 311 DN1;Hay ausencia de ruidos o vibraciones anormales?;15/6/2026 03:19;No;LP;CKA;#¡NUM!;Aero
LP - CKA - CAMARISTA;118239;JV-C 311 DN2;El nivel de la grasera es correcto?;15/6/2026 03:19;No;LP;CKA;#¡NUM!;Aero
LP - CKA - CAMARISTA;118239;JV-C 311 DN2;Hay ausencia de ruidos o vibraciones anormales?;15/6/2026 03:19;No;LP;CKA;#¡NUM!;Aero
LP - CKA - CAMARISTA;118239;JV-C 311 EN2;El nivel de la grasera es correcto?;15/6/2026 03:20;No;LP;CKA;#¡NUM!;Aero
LP - MEKHTA - Rutina 1 Op Recup HTA;118248;J-40431 MR;Se encuentra el calentamiento habilitado?;15/6/2026 05:01;NO;LP;MEKHTA;1;Bomba
LP - MEKHTA - Rutina 1 Op Recup HTA;118248;J-40432 M;Se observa correcta circulacion de fluidos?;15/6/2026 05:01;NO;LP;MEKHTA;1;Bomba
LP - MEKHTA - Rutina 1 Op Recup HTA;118248;J-40420 M;Se observa correcta circulacion de fluidos?;15/6/2026 05:02;NO;LP;MEKHTA;1;Bomba
LP - MEKHTA - Rutina 1 Op Recup HTA;118248;J-40472 AM;Se observa correcta circulacion de fluidos?;15/6/2026 05:03;NO;LP;MEKHTA;1;Bomba
LP - MEKHTA - Rutina 1 Op Recup HTA;118248;J-40482 T;Se observa correcta circulacion de fluidos?;15/6/2026 05:05;NO;LP;MEKHTA;1;Bomba
LP - MEKHTA - Rutina 1 Op Recup HTA;118248;J-40461 AM;Se observa correcta circulacion de fluidos?;15/6/2026 05:06;NO;LP;MEKHTA;1;Bomba
LP - MEKHTA - Rutina 1 Op Recup HTA;118248;J-40473 AM;Se observa correcta circulacion de fluidos?;15/6/2026 05:07;NO;LP;MEKHTA;1;Bomba
LP - MEKHTA - Rutina 1 Op Recup HTA;118248;J-40451 M;Se observa correcta circulacion de fluidos?;15/6/2026 05:08;NO;LP;MEKHTA;1;Bomba
LP - MEKHTA - Rutina 1 Op Recup HTA;118248;J-40453 M;Se observa correcta circulacion de fluidos?;15/6/2026 05:08;NO;LP;MEKHTA;1;Bomba
LP - MEKHTA - Rutina 1 Op Recup HTA;118248;J-41601 T;Se observa correcta circulacion de fluidos?;15/6/2026 05:09;NO;LP;MEKHTA;1;Bomba
LP - MEKHTA - Rutina 1 Op Recup HTA;118248;J-41602 AM;Se observa correcta circulacion de fluidos?;15/6/2026 05:11;NO;LP;MEKHTA;1;Bomba
LP - MEKHTA - Rutina 1 Op Recup HTA;118248;J-41603 M;Se observa correcta circulacion de fluidos?;15/6/2026 05:11;NO;LP;MEKHTA;1;Bomba
LP - MEKHTA - Rutina 1 Op Recup HTA;118248;J-41604 M;Se observa correcta circulacion de fluidos?;15/6/2026 05:10;NO;LP;MEKHTA;1;Bomba
LP - MEKREF - Rutina 1 Op Refrigeracion;118249;JQ-40401 T;El decantador esta libre de agua?;15/6/2026 05:04;No;LP;MEKREF;1;Bomba
LP - MEKREF - Rutina 1 Op Refrigeracion;118249;JQ-40401 T;La aceitera esta con nivel?;15/6/2026 05:04;No;LP;MEKREF;1;Bomba
LP - MEKREF - Rutina 3 Op Refrigeracion;118251;JR-40402 MR;Los ejes estan todos en servicio?;15/6/2026 05:07;No;LP;MEKREF;3;Sin clasificar
LP - MEKREF - Rutina 3 Op Refrigeracion;118251;JR-40401 AMR;Los ejes estan todos en servicio?;15/6/2026 05:07;No;LP;MEKREF;3;Sin clasificar
LP - MEKREF - Rutina 3 Op Refrigeracion;118251;JR-40402 AMR;Los ejes estan todos en servicio?;15/6/2026 05:07;No;LP;MEKREF;3;Sin clasificar
LP - MEKREF - Rutina 3 Op Refrigeracion;118251;JR-40401 BMR;Los ejes estan todos en servicio?;15/6/2026 05:08;No;LP;MEKREF;3;Sin clasificar
LP - MEKREF - Rutina 3 Op Refrigeracion;118251;JR-40401 CMR;Los ejes estan todos en servicio?;15/6/2026 05:08;No;LP;MEKREF;3;Sin clasificar
LP - MEKREF - Rutina 3 Op Refrigeracion;118251;JR-40402 CMR;Los ejes estan todos en servicio?;15/6/2026 05:08;No;LP;MEKREF;3;Sin clasificar
LP - MEKREF - Rutina 3 Op Refrigeracion;118251;JR-40403 MR;Los ejes estan todos en servicio?;15/6/2026 05:09;No;LP;MEKREF;3;Sin clasificar
LP - MEKREF - Rutina 3 Op Refrigeracion;118251;JR-40404 MR;Los ejes estan todos en servicio?;15/6/2026 05:09;No;LP;MEKREF;3;Sin clasificar
LP - MEKREF - Rutina 3 Op Refrigeracion;118251;JR-40403 AMR;Los ejes estan todos en servicio?;15/6/2026 05:09;No;LP;MEKREF;3;Sin clasificar
LP - MEKREF - Rutina 3 Op Refrigeracion;118251;JR-40404 AMR;Los ejes estan todos en servicio?;15/6/2026 05:09;No;LP;MEKREF;3;Sin clasificar
LP - MEKREF - Rutina 3 Op Refrigeracion;118251;JR-40403 BMR;Los ejes estan todos en servicio?;15/6/2026 05:09;No;LP;MEKREF;3;Sin clasificar
LP - MEKREF - Rutina 3 Op Refrigeracion;118251;JR-40404 BMR;Los ejes estan todos en servicio?;15/6/2026 05:09;No;LP;MEKREF;3;Sin clasificar
LP - MEKREF - Rutina 3 Op Refrigeracion;118251;JR-40403 CMR;Los ejes estan todos en servicio?;15/6/2026 05:10;No;LP;MEKREF;3;Sin clasificar
LP - REDES - Rutina TH;118116;J-22602 TR;el equipo se encuentra rotando?;14/6/2026 21:47;No;LP;REDES;#¡NUM!;Bomba
LP - REDES - Rutina TH;118116;JQ-22301 M;esta en automatico?;14/6/2026 21:52;No;LP;REDES;#¡NUM!;Bomba
LP - REDES - Rutina TH;118116;JQ-22303 M;Esta en automatico?;14/6/2026 21:54;No;LP;REDES;#¡NUM!;Bomba
LP - REDES - Rutina TH;118116;JQ-22304 M;esta en automatico?;14/6/2026 21:54;No;LP;REDES;#¡NUM!;Bomba
LP - MEKHTA - Rutina 4 Op Recup HTA;118256;HTA RECUP TRINCHERAS;Hay ausencia de agua?;15/6/2026 05:14;NO;LP;MEKHTA;4;Sin clasificar
LP - MEKHTA - Rutina 4 Op Recup HTA;118256;HTA RECUP DRENAJES;Es correcto el estado de rejilla?;15/6/2026 05:15;NO;LP;MEKHTA;4;Sin clasificar
LP - PTAI - Salida 3;118031;J-28082 M;Hay ausencia de ruidos, vibraciones anormales y perdida de fluidos?;14/6/2026 19:23;No;LP;PTAI;3;Bomba
LP - PTAI - Salida 3;118031;J-28082 AM;Hay ausencia de perdida de fluidos?;14/6/2026 19:23;No;LP;PTAI;3;Bomba
LP - PTAI - Salida 3;118031;J-28075 M;El decantador esta libre de agua?;14/6/2026 19:21;No;LP;PTAI;3;Bomba
LP - PTAI - Salida 3;118031;J-28075 M;Hay ausencia de perdida de fluidos?;14/6/2026 19:21;No;LP;PTAI;3;Bomba
LP - PTAI - Salida 3;118031;J-28075 AM;El decantador esta libre de agua?;14/6/2026 19:21;No;LP;PTAI;3;Bomba
LP - PTAI - Salida 3;118031;J-28075 AM;Hay ausencia de ruidos, vibraciones anormales y perdida de fluidos?;14/6/2026 19:21;No;LP;PTAI;3;Bomba
LP - PTAI - Salida 3;118031;J-28076 M;El decantador esta libre de agua?;14/6/2026 19:21;No;LP;PTAI;3;Bomba
LP - PTAI - Salida 3;118031;J-28076 M;Hay ausencia de ruidos, vibraciones anormales y perdida de fluidos?;14/6/2026 19:21;No;LP;PTAI;3;Bomba
LP - PTAI - Salida 3;118031;J-28076 AM;El decantador esta libre de agua?;14/6/2026 19:21;No;LP;PTAI;3;Bomba
LP - PTAI - Salida 3;118031;J-28076 AM;Hay ausencia de perdida de fluidos?;14/6/2026 19:21;No;LP;PTAI;3;Bomba
LP - PTAI - Salida 3;118031;J-28080 M;El decantador esta libre de agua?;14/6/2026 19:20;No;LP;PTAI;3;Bomba
LP - PTAI - Salida 3;118031;J-28080 M;Hay ausencia de perdida de fluidos?;14/6/2026 19:20;No;LP;PTAI;3;Bomba
LP - PTAI - Salida 3;118031;J-28080 AM;El decantador esta libre de agua?;14/6/2026 19:20;No;LP;PTAI;3;Bomba
LP - PTAI - Salida 3;118031;J-28080 AM;Hay ausencia de ruidos, vibraciones anormales y perdida de fluidos?;14/6/2026 19:20;No;LP;PTAI;3;Bomba
LP - PTAI - Salida 3;118031;J-28081 M;El decantador esta libre de agua?;14/6/2026 19:20;No;LP;PTAI;3;Bomba
LP - PTAI - Salida 3;118031;J-28081 M;Hay ausencia de ruidos, vibraciones anormales y perdida de fluidos?;14/6/2026 19:20;No;LP;PTAI;3;Bomba
LP - PTAI - Salida 3;118031;J-28081 AM;El decantador esta libre de agua?;14/6/2026 19:21;No;LP;PTAI;3;Bomba
LP - PTAI - Salida 3;118031;J-28081 AM;Hay ausencia de perdida de fluidos?;14/6/2026 19:21;No;LP;PTAI;3;Bomba
LP - PTAI - Salida 3;118031;J-28009 M;Hay ausencia de perdida de fluidos?;14/6/2026 19:22;No;LP;PTAI;3;Bomba
LP - PTAI - Salida 3;118031;J-28025 M;El decantador esta libre de agua?;14/6/2026 19:22;No;LP;PTAI;3;Bomba
LP - PTAI - Salida 3;118031;J-28025 M;Hay ausencia de perdida de fluidos?;14/6/2026 19:22;No;LP;PTAI;3;Bomba
LP - PTAI - Salida 3;118031;J-28025 AM;El decantador esta libre de agua?;14/6/2026 19:22;No;LP;PTAI;3;Bomba
LP - PTAI - Salida 3;118031;J-28025 AM;Hay ausencia de ruidos, vibraciones anormales y perdida de fluidos?;14/6/2026 19:22;No;LP;PTAI;3;Bomba
LP - PTAI - Salida 3;117814;J-28075 M;El decantador esta libre de agua?;14/6/2026 06:04;No;LP;PTAI;3;Bomba
LP - PTAI - Salida 3;117814;J-28075 M;Hay ausencia de perdida de fluidos?;14/6/2026 06:04;No;LP;PTAI;3;Bomba
LP - PTAI - Salida 3;117814;J-28075 AM;El decantador esta libre de agua?;14/6/2026 06:05;No;LP;PTAI;3;Bomba
LP - PTAI - Salida 3;117814;J-28075 AM;Hay ausencia de ruidos, vibraciones anormales y perdida de fluidos?;14/6/2026 06:05;No;LP;PTAI;3;Bomba
LP - PTAI - Salida 3;117814;J-28076 M;El decantador esta libre de agua?;14/6/2026 06:04;No;LP;PTAI;3;Bomba
LP - PTAI - Salida 3;117814;J-28076 M;Hay ausencia de perdida de fluidos?;14/6/2026 06:04;No;LP;PTAI;3;Bomba
LP - PTAI - Salida 3;117814;J-28076 AM;El decantador esta libre de agua?;14/6/2026 06:04;No;LP;PTAI;3;Bomba
LP - PTAI - Salida 3;117814;J-28076 AM;Hay ausencia de ruidos, vibraciones anormales y perdida de fluidos?;14/6/2026 06:04;No;LP;PTAI;3;Bomba
LP - PTAI - Salida 3;117814;J-28080 M;El decantador esta libre de agua?;14/6/2026 06:04;No;LP;PTAI;3;Bomba
LP - PTAI - Salida 3;117814;J-28080 M;Hay ausencia de perdida de fluidos?;14/6/2026 06:04;No;LP;PTAI;3;Bomba
LP - PTAI - Salida 3;117814;J-28080 AM;El decantador esta libre de agua?;14/6/2026 06:04;No;LP;PTAI;3;Bomba
LP - PTAI - Salida 3;117814;J-28080 AM;Hay ausencia de ruidos, vibraciones anormales y perdida de fluidos?;14/6/2026 06:04;No;LP;PTAI;3;Bomba
LP - PTAI - Salida 3;117814;J-28081 M;El decantador esta libre de agua?;14/6/2026 06:04;No;LP;PTAI;3;Bomba
LP - PTAI - Salida 3;117814;J-28081 M;Hay ausencia de ruidos, vibraciones anormales y perdida de fluidos?;14/6/2026 06:04;No;LP;PTAI;3;Bomba
LP - PTAI - Salida 3;117814;J-28081 AM;El decantador esta libre de agua?;14/6/2026 06:04;No;LP;PTAI;3;Bomba
LP - PTAI - Salida 3;117814;J-28081 AM;Hay ausencia de perdida de fluidos?;14/6/2026 06:04;No;LP;PTAI;3;Bomba
LP - PTAI - Salida 3;117814;J-28025 M;El decantador esta libre de agua?;14/6/2026 06:05;No;LP;PTAI;3;Bomba
LP - PTAI - Salida 3;117814;J-28025 M;Hay ausencia de perdida de fluidos?;14/6/2026 06:05;No;LP;PTAI;3;Bomba
LP - PTAI - Salida 3;117814;J-28025 AM;El decantador esta libre de agua?;14/6/2026 06:05;No;LP;PTAI;3;Bomba
LP - PTAI - Salida 3;117814;J-28025 AM;Hay ausencia de ruidos, vibraciones anormales y perdida de fluidos?;14/6/2026 06:05;No;LP;PTAI;3;Bomba
LP - REDES - BBA FO Salida 1930;118114;J-61039;Se mantiene completo el LOTO?;14/6/2026 21:22;No;LP;REDES;1930;Bomba
LP - REDES - BBA FO Salida 1930;118114;J-61039;El equipo esta consignado electricamente?;14/6/2026 21:22;No;LP;REDES;1930;Bomba
PH - Refinacion - RE_A-1000 RC;118261;API;Barredor de fondo disponible? (SI/NO);15/6/2026 05:54;No;PH;Refinacion;#¡NUM!;Sin clasificar
PH - Refinacion - RE_A-1000 RC;118261;API;Barredor de superficie disponible? (SI/NO);15/6/2026 05:54;No;PH;Refinacion;#¡NUM!;Sin clasificar
LP - PTAI - Salida 4;118265;J-28078 M;Hay ausencia de ruidos, vibraciones anormales y perdida de fluidos?;15/6/2026 06:01;No;LP;PTAI;4;Bomba
LP - PTAI - Salida 4;118265;J-28078 AM;Hay ausencia de perdida de fluidos?;15/6/2026 06:01;No;LP;PTAI;4;Bomba
LP - PTAI - Salida 4;118265;J-28079 M;Hay ausencia de perdida de fluidos?;15/6/2026 06:01;No;LP;PTAI;4;Bomba
LP - PTAI - Salida 4;118265;J-28079 AM;Hay ausencia de ruidos, vibraciones anormales y perdida de fluidos?;15/6/2026 06:01;No;LP;PTAI;4;Bomba
LP - PTAI - Salida 4;118265;J-28071 M;Hay ausencia de ruidos, vibraciones anormales y perdida de fluidos?;15/6/2026 06:02;No;LP;PTAI;4;Bomba
LP - PTAI - Salida 4;118265;J-28072 M;Hay ausencia de perdida de fluidos?;15/6/2026 06:02;No;LP;PTAI;4;Bomba
LP - PTAI - Salida 4;118265;J-28073 M;Visualiza venteo de niebla?;15/6/2026 06:02;No;LP;PTAI;4;Bomba
LP - PTAI - Salida 4;118265;J-28073 M;El visor de aceite de niebla esta vacio?;15/6/2026 06:02;No;LP;PTAI;4;Bomba
LP - PTAI - Salida 4;118265;J-28073 M;El decantador esta libre de agua?;15/6/2026 06:02;No;LP;PTAI;4;Bomba
LP - PTAI - Salida 4;118265;J-28073 M;La aceitera esta con nivel?;15/6/2026 06:02;No;LP;PTAI;4;Bomba
LP - PTAI - Salida 4;118265;J-28073 M;La refrigeracion de la bomba circula correctamente?;15/6/2026 06:02;No;LP;PTAI;4;Bomba
LP - PTAI - Salida 4;118265;J-28073 M;Hay ausencia de perdida de fluidos?;15/6/2026 06:02;No;LP;PTAI;4;Bomba
LP - PTAI - Salida 4;118265;J-28074 M;El decantador esta libre de agua?;15/6/2026 06:02;No;LP;PTAI;4;Bomba
LP - PTAI - Salida 4;118265;J-28074 M;La aceitera esta con nivel?;15/6/2026 06:02;No;LP;PTAI;4;Bomba
LP - PTAI - Salida 4;118265;J-28074 M;Hay ausencia de perdida de fluidos?;15/6/2026 06:02;No;LP;PTAI;4;Bomba
LP - PTAI - Salida 4;118265;J-28074 AM;El decantador esta libre de agua?;15/6/2026 06:02;No;LP;PTAI;4;Bomba
LP - PTAI - Salida 4;118265;J-28074 AM;La aceitera esta con nivel?;15/6/2026 06:02;No;LP;PTAI;4;Bomba
LP - PTAI - Salida 4;118265;J-28074 AM;Hay ausencia de ruidos, vibraciones anormales y perdida de fluidos?;15/6/2026 06:02;No;LP;PTAI;4;Bomba
LP - PTAI - Salida 4;118265;TK-AGUA SANITARIA;Hay ausencia de perdidas?;15/6/2026 06:05;No;LP;PTAI;4;Tanque
LP - PTAI - Salida 4;118265;J-2360 M;El decantador esta libre de agua?;15/6/2026 06:04;No;LP;PTAI;4;Bomba
LP - PTAI - Salida 4;118265;J-2360 M;Hay ausencia de perdida de fluidos?;15/6/2026 06:04;No;LP;PTAI;4;Bomba
LP - PTAI - Salida 4;118265;J-2360 AM;El decantador esta libre de agua?;15/6/2026 06:04;No;LP;PTAI;4;Bomba
LP - PTAI - Salida 4;118265;J-2360 AM;Hay ausencia de ruidos, vibraciones anormales o perdidas de fluido?;15/6/2026 06:04;No;LP;PTAI;4;Bomba
LP - PTAI - Salida 4;118265;J-2370 M;El decantador esta libre de agua?;15/6/2026 06:03;No;LP;PTAI;4;Bomba
LP - PTAI - Salida 4;118265;J-2370 M;Hay ausencia de perdida de fluidos?;15/6/2026 06:03;No;LP;PTAI;4;Bomba
LP - PTAI - Salida 4;118265;J-2370 AM;El decantador esta libre de agua?;15/6/2026 06:03;No;LP;PTAI;4;Bomba
LP - PTAI - Salida 4;118265;J-2370 AM;Hay ausencia de perdida de fluidos?;15/6/2026 06:03;No;LP;PTAI;4;Bomba
LP - PTAI - Salida 4;118265;J-2370 AMR;El decantador esta libre de agua?;15/6/2026 06:04;No;LP;PTAI;4;Bomba
LP - PTAI - Salida 4;118265;J-2370 AMR;Hay ausencia de perdida de fluidos?;15/6/2026 06:04;No;LP;PTAI;4;Bomba
PH - Refinacion - RE_A-600 RC;118259;CALDERA B-601;Extraccion (SI/NO);15/6/2026 05:51;NO;PH;Refinacion;#¡NUM!;Sin clasificar
PH - Refinacion - RE_A-600 RC;118259;CALDERA B-602;Extraccion (SI/NO);15/6/2026 05:51;NO;PH;Refinacion;#¡NUM!;Sin clasificar
LP - PTAI - Salida 1;118267;J-28023 M;Hay ausencia de perdida de fluidos?;15/6/2026 06:05;No;LP;PTAI;1;Bomba
LP - PTAI - Salida 1;118267;J-28024 M;Hay ausencia de ruidos, vibraciones anormales y perdida de fluidos?;15/6/2026 06:05;No;LP;PTAI;1;Bomba
LP - PTAI - Salida 1;118268;J-2301 M;El visor de aceite esta vacio?;15/6/2026 06:08;No;LP;PTAI;1;Bomba
LP - PTAI - Salida 1;118268;J-2301 BM;El visor de aceite esta vacio?;15/6/2026 06:08;No;LP;PTAI;1;Bomba
LP - PTAI - Salida 1;118268;J-2301 BM;Hay ausencia de ruidos, vibraciones anormales y perdida de fluidos?;15/6/2026 06:08;No;LP;PTAI;1;Bomba
LP - PTAI - Salida 1;118268;J-2301 CM;El visor de aceite esta vacio?;15/6/2026 06:08;No;LP;PTAI;1;Bomba
LP - PTAI - Salida 1;118268;J-2301 CM;Hay ausencia de perdida de fluidos?;15/6/2026 06:08;No;LP;PTAI;1;Bomba
LP - PTAI - Salida 1;118268;J-2302 AM;Hay ausencia de ruidos, vibraciones anormales y perdida de fluidos?;15/6/2026 06:07;No;LP;PTAI;1;Bomba
LP - PTAI - Salida 1;118268;J-2302 BM;Hay ausencia de ruido, vibraciones anormales y perdida de fluidos?;15/6/2026 06:07;No;LP;PTAI;1;Bomba
LP - PTAI - Salida 1;118268;J-2303 M;Hay ausencia de ruidos, vibraciones anormales y perdida de fluidos?;15/6/2026 06:09;No;LP;PTAI;1;Bomba
LP - PTAI - Salida 1;118268;J-2303 AM;Hay ausencia de ruidos, vibraciones anormales y perdida de fluidos?;15/6/2026 06:09;No;LP;PTAI;1;Bomba
LP - PTAI - Salida 1;118268;J-2306 M;Hay ausencia de ruidos, vibraciones anormales y perdida de fluidos?;15/6/2026 06:08;No;LP;PTAI;1;Bomba
LP - PTAI - Salida 1;118268;J-2306 AM;Hay ausencia de perdida de fluidos?;15/6/2026 06:08;No;LP;PTAI;1;Bomba
LP - PTAI - Salida 1;118268;JC- 2305 AM;Hay ausencia de ruidos, vibraciones anormales o perdidas de fluido?;15/6/2026 06:08;No;LP;PTAI;1;Compresor
LP - PTAI - Salida 1;118268;JC- 2306 M;Hay ausencia de perdidas de fluido?;15/6/2026 06:07;No;LP;PTAI;1;Compresor
LP - PTAI - Salida 1;118268;JC- 2306 AM;Hay ausencia de ruidos, vibraciones anormales o perdidas de fluido?;15/6/2026 06:07;No;LP;PTAI;1;Compresor
LP - PTAI - Salida 2;118269;J-28003 M;Hay ausencia de perdida de fluidos?;15/6/2026 06:12;No;LP;PTAI;2;Bomba
LP - PTAI - Salida 2;118269;J-28004 M;Hay ausencia de ruidos, vibraciones anormales y perdida de fluidos?;15/6/2026 06:12;No;LP;PTAI;2;Bomba
LP - PTAI - Salida 2;118269;J-28005 M;El nivel de la grasera es correcto?;15/6/2026 06:12;No;LP;PTAI;2;Bomba
LP - PTAI - Salida 2;118269;J-28005 M;El decantador esta libre de agua?;15/6/2026 06:12;No;LP;PTAI;2;Bomba
LP - PTAI - Salida 2;118269;J-28005 M;Hay ausencia de ruidos, vibraciones anormales y perdida de fluidos?;15/6/2026 06:12;No;LP;PTAI;2;Bomba
LP - PTAI - Salida 2;118269;J-28006 M;Hay ausencia de perdida de fluidos?;15/6/2026 06:13;No;LP;PTAI;2;Bomba
LP - PTAI - Salida 2;118269;J-28007 M;Hay ausencia de ruidos, vibraciones anormales y perdida de fluidos?;15/6/2026 06:13;No;LP;PTAI;2;Bomba
LP - PTAI - Salida 2;118269;J-28010;Hay ausencia de ruidos, vibraciones anormales y perdida de fluidos?;15/6/2026 06:14;No;LP;PTAI;2;Bomba
LP - PTAI - Salida 2;118269;J-28011;Hay ausencia de perdida de fluidos?;15/6/2026 06:14;No;LP;PTAI;2;Bomba
LP - PTAI - Salida 2;118269;J-28013;Hay ausencia de perdida de fluidos?;15/6/2026 06:14;No;LP;PTAI;2;Bomba
LP - PTAI - Salida 2;118269;J-28014;Hay ausencia de ruidos, vibraciones anormales y perdida de fluidos?;15/6/2026 06:14;No;LP;PTAI;2;Bomba
LP - PTAI - Salida 2;118269;J-28070 M;Hay ausencia de perdida de fluidos?;15/6/2026 06:12;No;LP;PTAI;2;Bomba
LP - PTAI - Salida 2;118269;J-28070 AM;Hay ausencia de ruidos, vibraciones anormales y perdida de fluidos?;15/6/2026 06:12;No;LP;PTAI;2;Bomba
LP - PTAI - Salida 2;118269;J-28031 M;Hay ausencia de ruidos, vibraciones anormales y perdida de fluidos?;15/6/2026 06:13;No;LP;PTAI;2;Bomba
LP - PTAI - Salida 2;118269;J-28032 M;El decantador esta libre de agua?;15/6/2026 06:13;No;LP;PTAI;2;Bomba
LP - PTAI - Salida 2;118269;J-28032 M;La aceitera esta con nivel?;15/6/2026 06:13;No;LP;PTAI;2;Bomba
LP - PTAI - Salida 2;118269;J-28032 M;La refrigeracion de la bomba circula correctamente?;15/6/2026 06:13;No;LP;PTAI;2;Bomba
LP - PTAI - Salida 2;118269;J-28032 M;Hay ausencia de perdida de fluidos?;15/6/2026 06:13;No;LP;PTAI;2;Bomba
LP - PTAI - Salida 4;118270;TK-AGUA DESMINERALIZADA N1;Hay ausencia de perdidas?;15/6/2026 06:14;No;LP;PTAI;4;Tanque
LP - PTAI - Salida 4;118270;TK-AGUA DESMINERALIZADA N2;Hay ausencia de perdidas?;15/6/2026 06:14;No;LP;PTAI;4;Tanque
QUIM - PAO - SSAA Efluentes;117181;;Pescar producto organico;12/6/2026 18:31;No;QUIM;PAO;#¡NUM!;Sin clasificar
QUIM - PAO - SSAA Efluentes;117181;;Enviar producto organica a slop via J3202;12/6/2026 18:32;No;QUIM;PAO;#¡NUM!;Sin clasificar
QUIM - PAO - SSAA Efluentes;117181;;Dosificacion a pulmon;12/6/2026 18:32;No;QUIM;PAO;#¡NUM!;Sin clasificar
QUIM - PAO - SSAA Efluentes;117181;;Verificar dosificacion a pulmon;12/6/2026 18:32;No;QUIM;PAO;#¡NUM!;Sin clasificar
QUIM - PAO - SSAA Efluentes;117181;;Enviar purga de barros a piletas de secado;12/6/2026 18:33;No;QUIM;PAO;#¡NUM!;Sin clasificar
QUIM - PAO - SSAA Efluentes;117181;;Transferir P3201A a P2066;12/6/2026 18:33;No;QUIM;PAO;#¡NUM!;Sin clasificar
QUIM - PAO - SSAA Efluentes;117181;;Recirculado de barro se realizo (poner en marcha J3207 una vez por turno);12/6/2026 18:33;No;QUIM;PAO;#¡NUM!;Sin clasificar
QUIM - PAO - SSAA Efluentes;118273;;Pescar producto organico;15/6/2026 06:29;No;QUIM;PAO;#¡NUM!;Sin clasificar
QUIM - PAO - SSAA Efluentes;118273;;Enviar producto organica a slop via J3202;15/6/2026 06:29;No;QUIM;PAO;#¡NUM!;Sin clasificar
QUIM - PAO - SSAA Efluentes;118273;;Dosificacion a pulmon;15/6/2026 06:30;No;QUIM;PAO;#¡NUM!;Sin clasificar
QUIM - PAO - SSAA Efluentes;118273;;Verificar dosificacion a pulmon;15/6/2026 06:30;No;QUIM;PAO;#¡NUM!;Sin clasificar
QUIM - PAO - SSAA Efluentes;118273;;Enviar purga de barros a piletas de secado;15/6/2026 06:30;No;QUIM;PAO;#¡NUM!;Sin clasificar
QUIM - PAO - SSAA Efluentes;118273;;Purgar agua de P3201A/B;15/6/2026 06:32;No;QUIM;PAO;#¡NUM!;Sin clasificar
QUIM - PAO - SSAA Efluentes;118273;;Transferir P3201A a P2066;15/6/2026 06:32;No;QUIM;PAO;#¡NUM!;Sin clasificar
QUIM - PAO - SSAA Efluentes;118273;;Recirculado de barro se realizo (poner en marcha J3207 una vez por turno);15/6/2026 06:32;No;QUIM;PAO;#¡NUM!;Sin clasificar
LC - FCC - B601;114540;;B601_QUEM2;8/6/2026 06:21;No;LC;FCC;601;Sin clasificar
LC - FCC - B601;114540;;B601_QUEM4;8/6/2026 06:21;No;LC;FCC;601;Sin clasificar
LC - FCC - B601;114540;;B601_QUEM11;8/6/2026 06:21;No;LC;FCC;601;Sin clasificar
LC - FCC - B601;114540;;B601_PILO2;8/6/2026 06:21;No;LC;FCC;601;Sin clasificar
LP - PTAI - Salida 1;118281;J-2301 M;El visor de aceite esta vacio?;15/6/2026 07:21;No;LP;PTAI;1;Bomba
LP - PTAI - Salida 1;118281;J-2301 BM;El visor de aceite esta vacio?;15/6/2026 07:22;No;LP;PTAI;1;Bomba
LP - PTAI - Salida 1;118281;J-2301 CM;El visor de aceite esta vacio?;15/6/2026 07:22;No;LP;PTAI;1;Bomba
LP - PTAI - Salida 1;118281;J-2303 M;El visor de aceite de niebla esta vacio?;15/6/2026 07:24;No;LP;PTAI;1;Bomba
LP - PTAI - Salida 1;118281;J-28023 M;El visor de aceite de niebla esta vacio?;15/6/2026 07:31;No;LP;PTAI;1;Bomba
LP - PTAI - Salida 1;118281;J-28024 M;El visor de aceite de niebla esta vacio?;15/6/2026 07:32;No;LP;PTAI;1;Bomba
LP - PTAI - Salida 3;118287;J-28082 M;El visor de aceite de niebla esta vacio?;15/6/2026 07:39;No;LP;PTAI;3;Bomba
LP - PTAI - Salida 3;118287;J-28082 AM;El visor de aceite de niebla esta vacio?;15/6/2026 07:39;No;LP;PTAI;3;Bomba
LP - PTAI - Salida 2;118285;J-28003 M;El visor de aceite de niebla esta vacio?;15/6/2026 07:36;No;LP;PTAI;2;Bomba
LP - PTAI - Salida 2;118285;J-28004 M;El visor de aceite de niebla esta vacio?;15/6/2026 07:37;No;LP;PTAI;2;Bomba
LP - PTAI - Salida 2;118285;J-28005 M;La aceitera esta con nivel?;15/6/2026 07:37;No;LP;PTAI;2;Bomba
LP - PTAI - Salida 2;118285;J-28007 M;El visor de aceite de niebla esta vacio?;15/6/2026 07:37;No;LP;PTAI;2;Bomba
LP - PTAI - Salida 2;118285;J-28031 M;El visor de aceite de niebla esta vacio?;15/6/2026 07:38;No;LP;PTAI;2;Bomba
LP - PTAI - Salida 2;118285;J-28032 M;La aceitera esta con nivel?;15/6/2026 07:38;No;LP;PTAI;2;Bomba
LP - PTAI - Salida 2;118289;J-28011;El visor de aceite de niebla esta vacio?;15/6/2026 07:43;No;LP;PTAI;2;Bomba
LP - PTAI - Salida 2;118289;J-28014;El visor de aceite de niebla esta vacio?;15/6/2026 07:43;No;LP;PTAI;2;Bomba
LP - FCCB - GASCON R1 (07:30 Hs);116298;J-7151 M;Hay ausencia de perdida de fluidos?;11/6/2026 06:02;No;LP;FCCB;1;Bomba
LP - FCCB - GASCON R1 (07:30 Hs);116298;J-7153 AM;Hay ausencia de perdida de fluidos?;11/6/2026 06:03;No;LP;FCCB;1;Bomba
LP - FCCB - GASCON R1 (07:30 Hs);116298;J-7152 M;el decantador esta libre de agua?;11/6/2026 06:05;No;LP;FCCB;1;Bomba
LP - FCCB - GASCON R1 (07:30 Hs);116298;J-7301 M;el nivel de aceite de la bomba esta ok?;11/6/2026 05:55;No;LP;FCCB;1;Bomba
LP - FCCB - GASCON R1 (07:30 Hs);116298;J-7301 M;Hay ausencia de perdida de fluidos?;11/6/2026 05:56;No;LP;FCCB;1;Bomba
LP - AA - Rutina 4;118320;RECINTO DE TANQUE 1300;Hay ausencia de MALEZA?;15/6/2026 08:19;No;LP;AA;4;Tanque
LP - AA - Rutina 4;118320;RESCINTO DE TANQUE 1301;Hay ausencia de Maleza?;15/6/2026 08:20;No;LP;AA;4;Tanque
LP - AA - Rutina 4;118320;J-1309 M;Visualiza venteo de niebla?;15/6/2026 08:30;No;LP;AA;4;Bomba
LP - AA - Rutina 4;118320;J-1309 M;El visor de aceite de niebla esta vacio?;15/6/2026 08:30;No;LP;AA;4;Bomba
LP - AA - Rutina 4;118320;J-1309 M;la presion en el plan API se encuentra por encima de los 8 kg/cm2?;15/6/2026 08:30;No;LP;AA;4;Bomba
LP - AA - Rutina 4;118320;J-1309 AM;Visualiza venteo de niebla?;15/6/2026 08:30;No;LP;AA;4;Bomba
LP - AA - Rutina 4;118320;J-1309 AM;El visor de aceite de niebla esta vacio?;15/6/2026 08:30;No;LP;AA;4;Bomba
LP - AA - Rutina 4;118320;J-1309 AM;la presion en el plan API se encuentra por encima de los 8 kg/cm2?;15/6/2026 08:30;No;LP;AA;4;Bomba
LP - AA - Rutina 4;118320;J-1310 AM;Visualiza venteo de niebla?;15/6/2026 08:29;No;LP;AA;4;Bomba
LP - AA - Rutina 4;118320;J-1310 AM;El visor de aceite de niebla esta vacio?;15/6/2026 08:29;No;LP;AA;4;Bomba
LP - AA - Rutina 4;118320;J-1310 AM;la presion en el plan API se encuentra por encima de los 8 kg/cm2?;15/6/2026 08:29;No;LP;AA;4;Bomba
LP - CENTRAL I - Salida 1;118350;JV-2201 TR;La presion diferencial de filtro de aceite es menor a 500 g?;15/6/2026 00:47;No;LP;CENTRAL I;1;Aero
LP - CENTRAL I - Salida 1;118350;JV-2202 TR;La presion diferencial de filtro de aceite es menor a 500 g?;15/6/2026 00:49;No;LP;CENTRAL I;1;Aero
LP - CENTRAL I - Salida 1;118350;JC-2808 M;La presion diferencial de filtro de aceite es menor a 500 g?;15/6/2026 00:45;No;LP;CENTRAL I;1;Compresor
LP - CENTRAL I - Salida 1;118350;JC-2808 M;Hay ausencia de ruidos, vibraciones anormales y perdida de fluidos?;15/6/2026 00:45;No;LP;CENTRAL I;1;Compresor
LP - CENTRAL I - Salida 1;118350;JC-2808 T;La presion diferencial de filtro de aceite es menor a 500 g?;15/6/2026 00:45;No;LP;CENTRAL I;1;Compresor
LP - CENTRAL I - Salida 1;118350;JC-2808 Z;El nivel de gasoil en el reservorio esta por encima del 50%?;15/6/2026 00:44;No;LP;CENTRAL I;1;Compresor
LP - BLENDING - Sala K13 Salida 2330;118207;J-2014 M;Se mantiene completo el LOTO?;15/6/2026 00:26;No;LP;BLENDING;13;Bomba
LP - BLENDING - Sala K13 Salida 2330;118207;J-2014 AM;Se mantiene completo el LOTO?;15/6/2026 00:26;No;LP;BLENDING;13;Bomba
LP - BLENDING - Sala K13 Salida 2330;118207;J-2025 MR;Se mantiene completo el LOTO?;15/6/2026 00:27;No;LP;BLENDING;13;Bomba
LP - BLENDING - Sala K13 Salida 2330;118207;TK-6403;La iluminacion del tanque es correcta?;15/6/2026 00:28;No;LP;BLENDING;13;Tanque
LP - BLENDING - Sala K13 Salida 2330;118207;TK-6408;La iluminacion del tanque es correcta?;15/6/2026 00:28;No;LP;BLENDING;13;Tanque
LP - BLENDING - Sala K13 Salida 2330;118207;TK-6821;La iluminacion del tanque es correcta?;15/6/2026 00:28;No;LP;BLENDING;13;Tanque
LP - CENTRAL I - Salida 4;118349;Q2201 A;¿La purga continua esta habilitada?;15/6/2026 00:39;No;LP;CENTRAL I;4;Sin clasificar
LP - CENTRAL I - Salida 4;118349;Q2202 B;¿La purga continua esta habilitada?;15/6/2026 00:40;No;LP;CENTRAL I;4;Sin clasificar
LP - CENTRAL I - Salida 4;118349;Q2204 D;¿Se mantiene completo el LOTO?;15/6/2026 00:40;No;LP;CENTRAL I;4;Sin clasificar
LP - CENTRAL I - Salida 4;118355;Q2201 A;La purga continua esta habilitada?;15/6/2026 06:04;No;LP;CENTRAL I;4;Sin clasificar
LP - CENTRAL I - Salida 4;118355;Q2202 B;La purga continua esta habilitada?;15/6/2026 06:04;No;LP;CENTRAL I;4;Sin clasificar
LP - CENTRAL I - Salida 4;118355;Q2204 D;Se mantiene completo el LOTO?;15/6/2026 06:05;No;LP;CENTRAL I;4;Sin clasificar
LP - CENTRAL I - Salida 2;118352;J-2202 T;La presion diferencial del filtro es menor a 500 g?;15/6/2026 00:52;No;LP;CENTRAL I;2;Bomba
LP - CENTRAL I - Salida 2;118352;J-2202 AT;La presion diferencial de filtro de aceite es menor a 500 g?;15/6/2026 00:52;No;LP;CENTRAL I;2;Bomba
LP - CENTRAL I - Salida 2;118352;J-2203 T;Tiene condicion de arranque?;15/6/2026 00:54;No;LP;CENTRAL I;2;Bomba
LP - CENTRAL I - Salida 2;118352;J-2203 AT;Tiene condicion de arranque?;15/6/2026 00:54;No;LP;CENTRAL I;2;Bomba
LP - CENTRAL I - Salida 2;118348;J-2202 T;La presion diferencial del filtro es menor a 500 g?;14/6/2026 20:51;No;LP;CENTRAL I;2;Bomba
LP - CENTRAL I - Salida 2;118348;J-2202 AT;La presion diferencial de filtro de aceite es menor a 500 g?;14/6/2026 20:52;No;LP;CENTRAL I;2;Bomba
LP - CENTRAL I - Salida 2;118348;J-2203 T;Tiene condicion de arranque?;14/6/2026 20:53;No;LP;CENTRAL I;2;Bomba
LP - CENTRAL I - Salida 2;118348;J-2203 AT;Tiene condicion de arranque?;14/6/2026 20:53;No;LP;CENTRAL I;2;Bomba
LP - BLENDING - Sala K13 Salida 0730;118396;J-2014 M;Se mantiene completo el LOTO?;15/6/2026 09:20;No;LP;BLENDING;13;Bomba
LP - BLENDING - Sala K13 Salida 0730;118396;J-2014 AM;Se mantiene completo el LOTO?;15/6/2026 09:21;No;LP;BLENDING;13;Bomba
LP - BLENDING - Sala K13 Salida 0730;118396;J-2025 MR;Se mantiene completo el LOTO?;15/6/2026 09:23;No;LP;BLENDING;13;Bomba
LP - Causticos Aminas ByC - Rutina N2;118365;JV-7701 B;Las correas se encuentran en buen estado?;15/6/2026 08:52;No;LP;Causticos Aminas ByC;2;Aero
LP - Causticos Aminas ByC - Rutina N2;118365;JV-7701 B;Hay ausencia de ruidos, vibraciones anormales y perdida de fluidos?;15/6/2026 08:52;No;LP;Causticos Aminas ByC;2;Aero
LP - Causticos Aminas ByC - Rutina N4;118372;CAUSTICO;Hay ausencia de perdidas en lineas?;15/6/2026 08:56;No;LP;Causticos Aminas ByC;4;Sin clasificar
LP - Causticos Aminas ByC - Rutina N4;118372;CAUSTICO;Hay ausencia de perdidas en equipos estaticos?;15/6/2026 08:56;No;LP;Causticos Aminas ByC;4;Sin clasificar
LP - Causticos Aminas ByC - Rutina N4;118372;CAUSTICO;Hay ausencia de perdidas en equipos rotantes?;15/6/2026 08:56;No;LP;Causticos Aminas ByC;4;Sin clasificar
LP - Causticos Aminas ByC - Rutina N4;118372;CAUSTICO;Hay ausencia de perdidas en linea de inyeccion de acido sulfurico?;15/6/2026 08:56;No;LP;Causticos Aminas ByC;4;Sin clasificar
LP - Causticos Aminas ByC - Rutina N4;118372;CAUSTICO;Se encuentra bloqueada la entrada de producto a TK 1601?;15/6/2026 08:56;No;LP;Causticos Aminas ByC;4;Sin clasificar
LP - Causticos Aminas ByC - Rutina N4;118372;CAUSTICO;Se encuentra bloqueada la entrada de producto a TK 1602?;15/6/2026 08:56;No;LP;Causticos Aminas ByC;4;Sin clasificar
LP - CENTRAL II - Salida 4;118382;L-A-2102;La temperatura del agua se encuentra entre los 105 y 115C?;15/6/2026 09:13;NO;LP;CENTRAL II;4;Sin clasificar
LP - CENTRAL I - Salida 1;118356;JV-2201 TR;La presion diferencial de filtro de aceite es menor a 500 g?;15/6/2026 06:10;No;LP;CENTRAL I;1;Aero
LP - CENTRAL I - Salida 1;118356;JV-2202 TR;La presion diferencial de filtro de aceite es menor a 500 g?;15/6/2026 06:13;No;LP;CENTRAL I;1;Aero
LP - CENTRAL I - Salida 1;118356;JC-2808 M;La presion diferencial de filtro de aceite es menor a 500 g?;15/6/2026 06:09;No;LP;CENTRAL I;1;Compresor
LP - CENTRAL I - Salida 1;118356;JC-2808 M;Hay ausencia de ruidos, vibraciones anormales y perdida de fluidos?;15/6/2026 06:10;No;LP;CENTRAL I;1;Compresor
LP - CENTRAL I - Salida 1;118356;JC-2808 T;La presion diferencial de filtro de aceite es menor a 500 g?;15/6/2026 06:09;No;LP;CENTRAL I;1;Compresor
LP - CENTRAL I - Salida 1;118356;JC-2808 Z;El nivel de gasoil en el reservorio esta por encima del 50%?;15/6/2026 06:08;No;LP;CENTRAL I;1;Compresor
LP - CENTRAL I - Salida 2;118358;J-2202 T;¿La presion diferencial del filtro es menor a 500 g?;15/6/2026 06:16;No;LP;CENTRAL I;2;Bomba
LP - CENTRAL I - Salida 2;118358;J-2202 AT;¿La presion diferencial de filtro de aceite es menor a 500 g?;15/6/2026 06:16;No;LP;CENTRAL I;2;Bomba
LP - CENTRAL I - Salida 2;118358;J-2203 T;¿Tiene condicion de arranque?;15/6/2026 06:17;No;LP;CENTRAL I;2;Bomba
LP - CENTRAL I - Salida 2;118358;J-2203 AT;¿Tiene condicion de arranque?;15/6/2026 06:17;No;LP;CENTRAL I;2;Bomba
LP - CENTRAL I - Salida 2;118362;H-2201 B;Hay ausencia de perdidas?;15/6/2026 08:42;No;LP;CENTRAL I;2;Sin clasificar
LP - CENTRAL I - Salida 2;118362;H-2201 C;Hay ausencia de perdidas?;15/6/2026 08:43;No;LP;CENTRAL I;2;Sin clasificar
LP - CENTRAL I - Salida 3;118347;J-2204 T;Tiene condicion de arranque?;14/6/2026 20:50;No;LP;CENTRAL I;3;Bomba
LP - CENTRAL I - Salida 3;118347;J-2204 AT;Tiene condicion de arranque?;14/6/2026 20:50;No;LP;CENTRAL I;3;Bomba
LP - CENTRAL I - Salida 3;118347;J-2206 TR;La presion diferencial del filtro es menor a 500 g?;14/6/2026 20:48;No;LP;CENTRAL I;3;Bomba
LP - CENTRAL I - Salida 3;118357;J-2204 T;Tiene condicion de arranque?;15/6/2026 06:14;No;LP;CENTRAL I;3;Bomba
LP - CENTRAL I - Salida 3;118357;J-2204 AT;Tiene condicion de arranque?;15/6/2026 06:15;No;LP;CENTRAL I;3;Bomba
LP - CENTRAL I - Salida 3;118357;J-2206 TR;La presion diferencial del filtro es menor a 500 g?;15/6/2026 06:13;No;LP;CENTRAL I;3;Bomba
LP - CENTRAL I - Salida 3;118357;J-2206 M;Hay ausencia de ruidos, vibraciones anormales y perdida de fluidos?;15/6/2026 06:14;No;LP;CENTRAL I;3;Bomba
LP - CENTRAL I - Salida 3;118351;J-2204 T;Tiene condicion de arranque?;15/6/2026 00:51;No;LP;CENTRAL I;3;Bomba
LP - CENTRAL I - Salida 3;118351;J-2204 AT;Tiene condicion de arranque?;15/6/2026 00:51;No;LP;CENTRAL I;3;Bomba
LP - CENTRAL I - Salida 3;118351;J-2206 TR;La presion diferencial del filtro es menor a 500 g?;15/6/2026 00:50;No;LP;CENTRAL I;3;Bomba
LP - CENTRAL I - Salida 3;118351;J-2206 M;Hay ausencia de ruidos, vibraciones anormales y perdida de fluidos?;15/6/2026 00:50;No;LP;CENTRAL I;3;Bomba
LP - CKA - FOGUISTA;118317;J-328 AMN;El visor de aceite de niebla esta vacio?;15/6/2026 08:22;No;LP;CKA;#¡NUM!;Bomba
LP - CKA - FOGUISTA;118317;J-328 AMN;La presion de fluido barrera esta por encima de 6 kg/cm2?;15/6/2026 08:22;No;LP;CKA;#¡NUM!;Bomba
LP - CKA - FOGUISTA;118317;J-328 BMN;La presion de fluido barrera esta por encima de 6 kg/cm2?;15/6/2026 08:22;No;LP;CKA;#¡NUM!;Bomba
LP - CKA - FOGUISTA;118317;J-371 AMN;Se mantiene completo el LOTO?;15/6/2026 08:25;No;LP;CKA;#¡NUM!;Bomba
LP - CKA - FOGUISTA;118317;J-327 AMN;Visualiza venteo de niebla?;15/6/2026 08:25;No;LP;CKA;#¡NUM!;Bomba
LP - CKA - FOGUISTA;118317;J-327 AMN;El visor de aceite de niebla esta vacio?;15/6/2026 08:25;No;LP;CKA;#¡NUM!;Bomba
LP - CKA - FOGUISTA;118317;J-327 BMN;Visualiza venteo de niebla?;15/6/2026 08:25;No;LP;CKA;#¡NUM!;Bomba
LP - CKA - FOGUISTA;118317;J-327 BMN;El visor de aceite de niebla esta vacio?;15/6/2026 08:25;No;LP;CKA;#¡NUM!;Bomba
LP - CKB - General;118345;J505 M;Se observan fugas por la tapa o tapon de la retencion?;15/6/2026 08:38;No;LP;CKB;#¡NUM!;Sin clasificar
LP - CKB - General;118345;J505 AM;Se observan fugas por la tapa o tapon de la retencion?;15/6/2026 08:38;No;LP;CKB;#¡NUM!;Sin clasificar
LP - CKA - CAMARISTA;118336;JV-C 311 AN1;El nivel de aceite es correcto?;15/6/2026 08:29;No;LP;CKA;#¡NUM!;Aero
LP - CKA - CAMARISTA;118336;JV-C 311 AN2;El nivel de aceite es correcto?;15/6/2026 08:32;No;LP;CKA;#¡NUM!;Aero
LP - CKA - CAMARISTA;118336;JV-C 311 BN1;El nivel de aceite es correcto?;15/6/2026 08:29;No;LP;CKA;#¡NUM!;Aero
LP - CKA - CAMARISTA;118336;JV-C 311 BN2;El nivel de aceite es correcto?;15/6/2026 08:32;No;LP;CKA;#¡NUM!;Aero
LP - CKA - CAMARISTA;118336;JV-C 311 CN1;El nivel de aceite es correcto?;15/6/2026 08:29;No;LP;CKA;#¡NUM!;Aero
LP - CKA - CAMARISTA;118336;JV-C 311 CN2;El nivel de aceite es correcto?;15/6/2026 08:32;No;LP;CKA;#¡NUM!;Aero
LP - CKA - CAMARISTA;118336;JV-C 311 DN1;El nivel de aceite es correcto?;15/6/2026 08:30;No;LP;CKA;#¡NUM!;Aero
LP - CKA - CAMARISTA;118336;JV-C 311 DN2;El nivel de aceite es correcto?;15/6/2026 08:31;No;LP;CKA;#¡NUM!;Aero
LP - CKA - CAMARISTA;118336;JV-C 311 EN2;El nivel de aceite es correcto?;15/6/2026 08:31;No;LP;CKA;#¡NUM!;Aero
LP - CKA - CAMARISTA;118336;JV-C 311 FN1;El nivel de aceite es correcto?;15/6/2026 08:30;No;LP;CKA;#¡NUM!;Aero
LP - CKA - CAMARISTA;118336;JV-C 311 FN2;El nivel de aceite es correcto?;15/6/2026 08:31;No;LP;CKA;#¡NUM!;Aero
LP - FCCB - GASCON R1 (07:30 Hs);118307;J-7151 M;Hay ausencia de perdida de fluidos?;15/6/2026 08:19;No;LP;FCCB;1;Bomba
LP - FCCB - GASCON R1 (07:30 Hs);118307;J-7153 AM;Hay ausencia de perdida de fluidos?;15/6/2026 08:21;No;LP;FCCB;1;Bomba
LP - FCCB - GASCON R1 (07:30 Hs);118307;J-7152 M;El decantador esta libre de agua?;15/6/2026 08:23;No;LP;FCCB;1;Bomba
LP - FCCB - GASCON R1 (07:30 Hs);118307;J-7301 M;Hay ausencia de perdida de fluidos?;15/6/2026 08:49;No;LP;FCCB;1;Bomba
LP - FCCB - REACCION R1 (07:30Hs);118384;HCV-7123;El vapor a las guias de la HCV-7123 esta abierto?;15/6/2026 09:17;No;LP;FCCB;1;Sin clasificar
LP - FCCB - REACCION R1 (07:30Hs);118384;HCV-7122;El vapor a las guias de la HCV-7122 esta abierto?;15/6/2026 09:17;No;LP;FCCB;1;Sin clasificar
LP - FCCB - REACCION R1 (07:30Hs);118384;HCV-7121;El vapor a las guias de la HCV-7121 esta abierto?;15/6/2026 09:18;No;LP;FCCB;1;Sin clasificar
LP - FCCB - REACCION R1 (07:30Hs);118384;HCV-7120;El vapor a las guias de la HCV-7120 esta abierto?;15/6/2026 09:18;No;LP;FCCB;1;Sin clasificar
LP - FCCB - REACCION R1 (07:30Hs);118384;HCV-7105;El vapor a las guias de la HCV-7105 esta abierto?;15/6/2026 09:21;No;LP;FCCB;1;Sin clasificar
LP - FCCB - REACCION R1 (07:30Hs);118384;HCV-7106;El vapor a las guias de la HCV-7106 esta abierto?;15/6/2026 09:25;No;LP;FCCB;1;Sin clasificar
LP - FCCB - REACCION R1 (07:30Hs);118384;HCV-7107;El vapor a las guias de la HCV-7107 esta abierto?;15/6/2026 09:23;No;LP;FCCB;1;Sin clasificar
LP - FCCB - REACCION R1 (07:30Hs);118384;HCV-7111;El vapor a la empaquetadura de la HCV-7111 esta abierto?;15/6/2026 09:25;No;LP;FCCB;1;Sin clasificar
LP - FCCB - REACCION R1 (07:30Hs);118384;HCV-7111;El vapor a las guias de la HCV-7111 esta abierto?;15/6/2026 09:25;No;LP;FCCB;1;Sin clasificar
LP - FCCB - REACCION R1 (07:30Hs);118404;SOPLANTE JC-7171;Hay ausencia de ruidos, vibraciones anormales y perdida de fluidos?;15/6/2026 09:24;No;LP;FCCB;1;Compresor
LP - FCCB - REACCION R1 (07:30Hs);118404;SOPLANTE JC-7171;El by pass de la trampa sup esta abierto?;15/6/2026 09:31;No;LP;FCCB;1;Compresor
LP - FCCB - REACCION R1 (07:30Hs);118404;SOPLANTE JC-7171;El by pass de la trampa inf esta abierto?;15/6/2026 09:31;No;LP;FCCB;1;Compresor
LP - FCCB - FRACC R1;118318;J-7109 AM;El flushing de GOP esta abierto al manometro?;15/6/2026 08:49;No;LP;FCCB;1;Bomba
LP - FCCB - FRACC R1;118318;J-7109 AM;Se encuentra en reserva la bomba auxiliar de aceite?;15/6/2026 08:50;No;LP;FCCB;1;Bomba
LP - FCCB - FRACC R1;118318;J-7108 T;Visualiza venteo de niebla?;15/6/2026 08:45;No;LP;FCCB;1;Bomba
LP - FCCB - FRACC R1;118318;J-7108 M;Visualiza venteo de niebla?;15/6/2026 08:42;No;LP;FCCB;1;Bomba
LP - FCCB - FRACC R1;118318;J-7108 M;Esta habilitado el flushing (GOP) a la bomba?;15/6/2026 08:44;No;LP;FCCB;1;Bomba
LP - FCCB - FRACC R1;118318;J-7107 M;Visualiza venteo de niebla?;15/6/2026 08:39;No;LP;FCCB;1;Bomba
LP - FCCB - FRACC R1;118318;J-7106 M;La refrigeracion de los sellos esta OK?;15/6/2026 08:31;No;LP;FCCB;1;Bomba
LP - FCCB - FRACC R1;118318;J-7106 M;Hay ausencia de ruidos, vibraciones anormales y perdida de fluidos?;15/6/2026 08:32;No;LP;FCCB;1;Bomba
LP - FCCB - FRACC R1;118318;J-7103 M;La asistencia de vapor esta habilitada?;15/6/2026 08:28;No;LP;FCCB;1;Bomba
LP - FCCB - FRACC R1;118318;J-7103 M;La refrigeracion de la bomba circula correctamente?;15/6/2026 08:28;No;LP;FCCB;1;Bomba
LP - FCCB - FRACC R1;118318;J-7103 AM;La refrigeracion de los sellos esta OK?;15/6/2026 08:28;No;LP;FCCB;1;Bomba
LP - FCCB - FRACC R1;118318;J-7103 AM;La asistencia de vapor esta habilitada?;15/6/2026 08:29;No;LP;FCCB;1;Bomba
LP - FCCB - FRACC R1;118318;J-7103 AM;La refrigeracion de la bomba circula correctamente?;15/6/2026 08:29;No;LP;FCCB;1;Bomba
LP - FCCB - FRACC R1;118318;J-7102 M;Hay ausencia de ruidos, vibraciones anormales y perdida de fluidos?;15/6/2026 08:26;No;LP;FCCB;1;Bomba
LP - FCCB - FRACC R1;118318;J-7102 AM;La refrigeracion de los sellos esta OK?;15/6/2026 08:27;No;LP;FCCB;1;Bomba
LP - FCCB - FRACC R1;118318;J-7101 AM;La refrigeracion de los sellos esta OK?;15/6/2026 08:25;No;LP;FCCB;1;Bomba
LP - FCCB - FRACC R1;118318;J-7112 M;El visor de aceite de niebla esta vacio?;15/6/2026 08:33;No;LP;FCCB;1;Bomba
LP - FCCB - FRACC R1;118318;J-7112 M;Esta habillitado el flushing (GOL) al sello?;15/6/2026 08:33;No;LP;FCCB;1;Bomba
LP - FCCB - FRACC R1;118318;J-7112 AM;Visualiza venteo de niebla?;15/6/2026 08:34;No;LP;FCCB;1;Bomba
LP - FCCB - FRACC R1;118318;J-7104 M;La refrigeracion de los sellos esta OK?;15/6/2026 08:35;No;LP;FCCB;1;Bomba
LP - FCCB - FRACC R1;118318;J-7120 M;esta en Automatico?;15/6/2026 08:36;No;LP;FCCB;1;Bomba
LP - FCCB - FRACC R1;118318;J-7120 AM;esta en Automatico?;15/6/2026 08:37;No;LP;FCCB;1;Bomba
LP - FCCB - FRACC R1;118318;J-7114 M;La refrigeracion de los sellos esta OK?;15/6/2026 08:37;No;LP;FCCB;1;Bomba
LP - FCCB - FRACC R1;118318;J-7114 M;Se observa correcta circulacion de fluidos (plan API)?;15/6/2026 08:37;No;LP;FCCB;1;Bomba
LP - FCCB - FRACC R1;118318;J-7114 AM;La refrigeracion de los sellos esta OK?;15/6/2026 08:38;No;LP;FCCB;1;Bomba
LP - FCCB - FRACC R1;118318;J-7114 AM;Se observa correcta circulacion de fluidos (plan API)?;15/6/2026 08:38;No;LP;FCCB;1;Bomba
LP - FCCB - FRACC R1;118318;J-7110 T;Se encuentra el calentamiento habilitado?;15/6/2026 08:21;No;LP;FCCB;1;Bomba
LP - HTGAFRACCIONAMIENTO - Rutina 2;118322;HORNO B 602;El exceso de o se encuentra entre 3,5-5,5%?;15/6/2026 08:25;No;LP;HTGAFRACCIONAMIENTO;2;Horno
LP - HTGAFRACCIONAMIENTO - Rutina 2;118322;HORNO B 602;El exceso de o se encuentra entre 3,5-5,5%?;15/6/2026 08:27;No;LP;HTGAFRACCIONAMIENTO;2;Horno
LP - HTGAFRACCIONAMIENTO - Rutina 2;118322;JV-602 A/B;[JV-602 A] La grasera est funcionando correctamente?;15/6/2026 08:23;No;LP;HTGAFRACCIONAMIENTO;2;Aero
LP - HTGAFRACCIONAMIENTO - Rutina 2;118322;JV-602 A/B;[JV-602 A] El nivel de la grasera es correcto?;15/6/2026 08:23;No;LP;HTGAFRACCIONAMIENTO;2;Aero
LP - HTGAFRACCIONAMIENTO - Rutina 2;118322;JV-602 A/B;[JV-602 B] La grasera est funcionando correctamente?;15/6/2026 08:24;No;LP;HTGAFRACCIONAMIENTO;2;Aero
LP - HTGAFRACCIONAMIENTO - Rutina 2;118322;JV-602 A/B;[JV-602 B] El nivel de la grasera es correcto?;15/6/2026 08:24;No;LP;HTGAFRACCIONAMIENTO;2;Aero
LP - HTGBHTNFCC - Rutina 1;118223;J-3202 A/B;[J-3202 B] ¿La refrigeración de los sellos está OK?;15/6/2026 01:55;No;LP;HTGBHTNFCC;1;Bomba
LP - HTGBHTNFCC - Rutina 1;118223;J-3202 A/B;[J-3202 B] ¿La refrigeración de la bomba circula correctamente?;15/6/2026 01:55;No;LP;HTGBHTNFCC;1;Bomba
LP - HTGBHTNFCC - Rutina 1;118304;J-3202 A/B;[J-3202 A] La refrigeracin de los sellos est OK?;15/6/2026 08:23;No;LP;HTGBHTNFCC;1;Bomba
LP - HTGBHTNFCC - Rutina 1;118304;J-3202 A/B;[J-3202 A] La refrigeracin de la bomba circula correctamente?;15/6/2026 08:23;No;LP;HTGBHTNFCC;1;Bomba
LP - HTGBHTNFCC - Rutina 1;118304;J-3202 A/B;[J-3202 B] El visor de aceite del motor se encuentra con nivel normal?;15/6/2026 08:25;No;LP;HTGBHTNFCC;1;Bomba
LP - HTGBHTNFCC - Rutina 1;118304;J-3206 A/B;[J-3206 B] La refrigeracin de los sellos est OK?;15/6/2026 08:15;No;LP;HTGBHTNFCC;1;Bomba
LP - HTGBHTNFCC - Rutina 1;118304;J-3206 A/B;[J-3206 B] La refrigeracin de la bomba circula correctamente?;15/6/2026 08:15;No;LP;HTGBHTNFCC;1;Bomba
LP - HTGBHTNFCC - Rutina 1;118304;JC-3101 A/B;[JC-3101 A] La presin de circuito de lubricacin es mayor a 4kg?;15/6/2026 08:36;No;LP;HTGBHTNFCC;1;Compresor
LP - HTGBHTNFCC - Rutina 1;118304;J-3104 A/B;[J-3104 B] El nivel de aceite es correcto?;15/6/2026 08:44;No;LP;HTGBHTNFCC;1;Bomba
LP - HTGAFRACCIONAMIENTO - Rutina 1;118310;JC-601 A/B;[JC-601 B] ¿La presión de circuito de lubricación es superior a 2,5kg?;15/6/2026 08:10;No;LP;HTGAFRACCIONAMIENTO;1;Compresor
LP - HTGAFRACCIONAMIENTO - Rutina 1;118310;JC-602 A/B;[JC-602 B] ¿Se encuentran fríos los venteos de empaquetadura?;15/6/2026 08:12;No;LP;HTGAFRACCIONAMIENTO;1;Compresor
LP - HTGAFRACCIONAMIENTO - Rutina 1;118354;J 7622 A/B;[J 7622 B] Est en Automtico?;15/6/2026 08:39;No;LP;HTGAFRACCIONAMIENTO;1;Sin clasificar
LP - HTGAFRACCIONAMIENTO - Rutina 1;118354;J 7612 A/B;[J 7612 A] La refrigeracin de los sellos est OK?;15/6/2026 08:48;No;LP;HTGAFRACCIONAMIENTO;1;Sin clasificar
LP - HTGAFRACCIONAMIENTO - Rutina 1;118354;J 7612 A/B;[J 7612 A] La refrigeracin de la bomba circula correctamente?;15/6/2026 08:48;No;LP;HTGAFRACCIONAMIENTO;1;Sin clasificar
LP - ISOHTNCA - R 2 (11 hs);118341;COMPRESORES HTNI;Hay ausencia de alarmas en el tablero?;15/6/2026 00:18;No;LP;ISOHTNCA;2;Compresor
LP - MEKREF - Rutina 1 Op Refrigeracion;118450;JQ-40416 M;Se encuentra el calentamiento habilitado?;15/6/2026 10:52;No;LP;MEKREF;1;Bomba
LP - MEKREF - Rutina 1 Op Refrigeracion;118450;JQ-40430 M;Se encuentra el calentamiento habilitado?;15/6/2026 10:53;No;LP;MEKREF;1;Bomba
LP - MEKREF - Rutina 1 Op Refrigeracion;118450;JQ-40430 M;Se observa correcta circulacion de fluidos?;15/6/2026 10:53;No;LP;MEKREF;1;Bomba
LP - MEKREF - Rutina 1 Op Refrigeracion;118450;JQ-40430 M;Esta en Automatico?;15/6/2026 10:53;No;LP;MEKREF;1;Bomba
LP - MEKREF- Rutina 4 Op Refrigeracin;115622;TRINCHERAS / CANAL DE MEDIA CAA;Hay ausencia de agua?;10/6/2026 00:36;NO;LP;MEKREF;4;Sin clasificar
LP - MEKREF- Rutina 4 Op Refrigeracin;115622;TRINCHERAS / CANAL DE MEDIA CAA;Hay ausencia de hidrocarburos?;10/6/2026 00:36;NO;LP;MEKREF;4;Sin clasificar
LP - MEKREF- Rutina 4 Op Refrigeracin;115622;DRENAJES;Es correcto el nivel de la camara?;10/6/2026 00:36;NO;LP;MEKREF;4;Sin clasificar
LP - MEKREF- Rutina 4 Op Refrigeracin;115622;DRENAJES;Hay ausencia de hidrocarburos?;10/6/2026 00:36;NO;LP;MEKREF;4;Sin clasificar
LP - ISOHTNCA - R 1 (07:30 hs);;F-1754;Esta abierta la H?;15/6/2026 08:10;No;LP;ISOHTNCA;1;Sin clasificar
LP - ISOHTNCA - R 1 (07:30 hs);;LUBRIMIST PENEX;La presion de envio es mayor a 40 mbar?;15/6/2026 08:11;No;LP;ISOHTNCA;1;Sin clasificar
LP - ISOHTNCA - R 1 (07:30 hs);;LUBRIMIST PENEX;La luz verde se encuentra encendida?;15/6/2026 08:11;No;LP;ISOHTNCA;1;Sin clasificar
LP - ISOHTNCA - R 1 (07:30 hs);;JM-1751 M1;La presion de fluido barrera esta por encima de 30 kg/cm2?;15/6/2026 08:16;No;LP;ISOHTNCA;1;Sin clasificar
LP - ISOHTNCA - R 1 (07:30 hs);;JM-1751 AM1;La presion de fluido barrera esta por encima de 30 kg/cm2?;15/6/2026 08:16;No;LP;ISOHTNCA;1;Sin clasificar
LP - ISOHTNCA - R 1 (07:30 hs);;JM-1751 M;Hay ausencia de perdida de fluidos?;15/6/2026 08:15;No;LP;ISOHTNCA;1;Sin clasificar
LP - ISOHTNCA - R 1 (07:30 hs);;J-1752 M;El nivel de fluido de barrera esta OK?;15/6/2026 08:18;No;LP;ISOHTNCA;1;Bomba
LP - ISOHTNCA - R 1 (07:30 hs);;J-1752 M;La presion de fluido barrera es 0 kg/cm2?;15/6/2026 08:18;No;LP;ISOHTNCA;1;Bomba
LP - ISOHTNCA - R 1 (07:30 hs);;J-1752 M;Hay ausencia de perdida de fluidos?;15/6/2026 08:18;No;LP;ISOHTNCA;1;Bomba
LP - ISOHTNCA - R 1 (07:30 hs);;J-1760 AM;Hay ausencia de ruidos, vibraciones anormales o perdida de fluidos?;15/6/2026 08:20;No;LP;ISOHTNCA;1;Bomba
LP - ISOHTNCA - R 1 (07:30 hs);;J-1704 AM;Hay ausencia de ruidos, vibraciones anormales o perdida de fluidos?;15/6/2026 08:23;No;LP;ISOHTNCA;1;Bomba
LP - MEKREF- Rutina 4 Op Refrigeracin;116173;TRINCHERAS / CANAL DE MEDIA CAA;Hay ausencia de agua?;10/6/2026 21:32;NO;LP;MEKREF;4;Sin clasificar
LP - MEKREF- Rutina 4 Op Refrigeracin;116173;TRINCHERAS / CANAL DE MEDIA CAA;Hay ausencia de hidrocarburos?;10/6/2026 21:32;NO;LP;MEKREF;4;Sin clasificar
LP - MEKREF- Rutina 4 Op Refrigeracin;116173;DRENAJES;Es correcto el nivel de la camara?;10/6/2026 21:32;NO;LP;MEKREF;4;Sin clasificar
LP - MEKREF- Rutina 4 Op Refrigeracin;116173;DRENAJES;Hay ausencia de hidrocarburos?;10/6/2026 21:32;NO;LP;MEKREF;4;Sin clasificar
LP - MEKREF - Rutina 3 Op Refrigeracion;118451;JR-40401 MR;Los ejes estan todos en servicio?;15/6/2026 10:55;No;LP;MEKREF;3;Sin clasificar
LP - MEKREF - Rutina 3 Op Refrigeracion;118451;JR-40402 MR;Los ejes estan todos en servicio?;15/6/2026 10:55;No;LP;MEKREF;3;Sin clasificar
LP - MEKREF - Rutina 3 Op Refrigeracion;118451;JR-40402 AMR;Los ejes estan todos en servicio?;15/6/2026 10:55;No;LP;MEKREF;3;Sin clasificar
LP - MEKREF - Rutina 3 Op Refrigeracion;118451;JR-40401 BMR;Los ejes estan todos en servicio?;15/6/2026 10:55;No;LP;MEKREF;3;Sin clasificar
LP - MEKREF - Rutina 3 Op Refrigeracion;118451;JR-40401 CMR;Los ejes estan todos en servicio?;15/6/2026 10:56;No;LP;MEKREF;3;Sin clasificar
LP - MEKREF - Rutina 3 Op Refrigeracion;118451;JR-40402 CMR;Los ejes estan todos en servicio?;15/6/2026 10:56;No;LP;MEKREF;3;Sin clasificar
LP - MEKREF - Rutina 3 Op Refrigeracion;118451;JR-40403 MR;Los ejes estan todos en servicio?;15/6/2026 10:57;No;LP;MEKREF;3;Sin clasificar
LP - MEKREF - Rutina 3 Op Refrigeracion;118451;JR-40404 MR;Los ejes estan todos en servicio?;15/6/2026 10:57;No;LP;MEKREF;3;Sin clasificar
LP - MEKREF - Rutina 3 Op Refrigeracion;118451;JR-40403 AMR;Los ejes estan todos en servicio?;15/6/2026 10:57;No;LP;MEKREF;3;Sin clasificar
LP - MEKREF - Rutina 3 Op Refrigeracion;118451;JR-40404 AMR;Los ejes estan todos en servicio?;15/6/2026 10:57;No;LP;MEKREF;3;Sin clasificar
LP - MEKREF - Rutina 3 Op Refrigeracion;118451;JR-40403 BMR;Los ejes estan todos en servicio?;15/6/2026 10:57;No;LP;MEKREF;3;Sin clasificar
LP - MEKREF - Rutina 3 Op Refrigeracion;118451;JR-40404 BMR;Los ejes estan todos en servicio?;15/6/2026 10:58;No;LP;MEKREF;3;Sin clasificar
LP - MEKREF - Rutina 3 Op Refrigeracion;118451;JR-40403 CMR;Los ejes estan todos en servicio?;15/6/2026 10:58;No;LP;MEKREF;3;Sin clasificar
LP - MEKREF - Rutina 3 Op Refrigeracion;118451;JR-40404 CMR;Los ejes estan todos en servicio?;15/6/2026 10:58;No;LP;MEKREF;3;Sin clasificar
LP MEK R3 Op Filtros 1;115572;JF-40402 MR;Se observa correcta iluminacion?;9/6/2026 21:28;No;None;None;#¡NUM!;Filtro
LP MEK R3 Op Filtros 1;115572;JF-40402 MR;El solvente frio esta habilitado?;9/6/2026 21:28;No;None;None;#¡NUM!;Filtro
LP MEK R3 Op Filtros 1;115572;JF-40404 MR;Se observa correcta iluminacion?;9/6/2026 21:28;No;None;None;#¡NUM!;Filtro
LP MEK R3 Op Filtros 1;115572;JF-40406 MR;Se observa correcta iluminacion?;9/6/2026 21:29;No;None;None;#¡NUM!;Filtro
LP MEK R3 Op Filtros 1;115572;JF-40410 MR;Se observa correcta iluminacion?;9/6/2026 21:30;No;None;None;#¡NUM!;Filtro
LP MEK R3 Op Filtros 1;115572;JF-40412 MR;Se observa correcta iluminacion?;9/6/2026 21:30;No;None;None;#¡NUM!;Filtro
LP MEK R3 Op Filtros 1;115572;JF-40412 MR;El solvente frio esta habilitado?;9/6/2026 21:30;No;None;None;#¡NUM!;Filtro
LP - PDA - Rutina 2 Operador PDA;118376;HORNO BA-201;El nivel del ha-201 se encuentra visible?;14/6/2026 21:56;No;LP;PDA;2;Horno
LP - PDA - Rutina 2 Operador PDA;118376;COMPRESOR JC-44201 MR;Hay ausencia de ruidos o vibraciones anormales?;14/6/2026 21:57;No;LP;PDA;2;Compresor
LP - PDA - Rutina 2 Operador PDA;118376;AEROENFRIADORES;JV-44230 M-Las correas se encuentran en buen estado?;14/6/2026 21:57;No;LP;PDA;2;Sin clasificar
LP - PDA - Rutina 2 Operador PDA;118412;COMPRESOR JC-44201 MR;Hay ausencia de ruidos o vibraciones anormales?;15/6/2026 09:29;No;LP;PDA;2;Compresor
LP - PDA - Rutina 2 Operador PDA;118412;AEROENFRIADORES;JV-44230 M-Las correas se encuentran en buen estado?;15/6/2026 09:29;No;LP;PDA;2;Sin clasificar
LP - PDA - Rutina 2 Operador PDA;118412;AEROENFRIADORES;JV-44230 AM-Se mantiene completo el LOTO?;15/6/2026 09:29;No;LP;PDA;2;Sin clasificar
LP - PDA - Rutina 3 Operador PDA;118377;PDA DRENAJES;¿Hay ausencia de hidrocarburos?;14/6/2026 21:58;No;LP;PDA;3;Sin clasificar
LP - PDA - Rutina 3 Operador PDA;118377;PDA TRINCHERA CALLE 10 E/ 29 Y 33;¿Hay ausencia de agua?;14/6/2026 21:58;No;LP;PDA;3;Sin clasificar
LP - PDA - Rutina 3 Operador PDA;118377;PDA TRINCHERA CALLE 10 E/ 29 Y 33;¿Hay ausencia de hidrocarburos?;14/6/2026 21:58;No;LP;PDA;3;Sin clasificar
LP - PDA - Rutina 3 Operador PDA;118377;PDA TRINCHERA CALLE 29;¿Hay ausencia de agua?;14/6/2026 21:59;No;LP;PDA;3;Sin clasificar
LP - PDA - Rutina 3 Operador PDA;118377;PDA TRINCHERA CALLE 29;¿Hay ausencia de hidrocarburos?;14/6/2026 21:59;No;LP;PDA;3;Sin clasificar
LP - PTAI - Salida 1;118446;J-2301 M;El visor de aceite esta vacio?;15/6/2026 10:43;No;LP;PTAI;1;Bomba
LP - PTAI - Salida 1;118446;J-2301 BM;El visor de aceite esta vacio?;15/6/2026 10:44;No;LP;PTAI;1;Bomba
LP - PTAI - Salida 1;118446;J-2301 CM;El visor de aceite esta vacio?;15/6/2026 10:44;No;LP;PTAI;1;Bomba
LP - PTAI - Salida 1;118446;J-2303 M;El visor de aceite de niebla esta vacio?;15/6/2026 10:45;No;LP;PTAI;1;Bomba
LP - PTAI - Salida 1;118446;J-28023 M;El visor de aceite de niebla esta vacio?;15/6/2026 10:48;No;LP;PTAI;1;Bomba
LP - PTAI - Salida 1;118446;J-28024 M;El visor de aceite de niebla esta vacio?;15/6/2026 10:49;No;LP;PTAI;1;Bomba
LP - PLATFORMING - R2 (11 hs);118338;HORNO B-1905;Se encuentran todos los pilotos encendidos?;14/6/2026 11:52;No;LP;PLATFORMING;2;Horno
LP - PLATFORMING - R1 (07:30 hs);118324;J-1906 M;Esta habilitado el venteo a RV del buffer?;15/6/2026 08:25;No;LP;PLATFORMING;1;Bomba
LP - PLATFORMING - R1 (07:30 hs);118324;J-1906 M;Esta correcto el nivel de aceite de buffer?;15/6/2026 08:25;No;LP;PLATFORMING;1;Bomba
LP - PLATFORMING - R1 (07:30 hs);118324;J-1906 AM;Esta habilitado el venteo a RV del buffer?;15/6/2026 08:25;No;LP;PLATFORMING;1;Bomba
LP - PLATFORMING - R1 (07:30 hs);118324;J-1906 AM;Esta correcto el nivel de aceite de buffer?;15/6/2026 08:25;No;LP;PLATFORMING;1;Bomba
LP - PLATFORMING - R1 (07:30 hs);118324;J-1907 M;Se encuentra el calentamiento habilitado?;15/6/2026 08:25;No;LP;PLATFORMING;1;Bomba
LP - PTAI - Salida 2;118457;J-28011;El visor de aceite de niebla esta vacio?;15/6/2026 11:10;No;LP;PTAI;2;Bomba
LP - PTAI - Salida 2;118457;J-28014;El visor de aceite de niebla esta vacio?;15/6/2026 11:10;No;LP;PTAI;2;Bomba
LP - PTAI - Salida 2;118453;J-28003 M;El visor de aceite de niebla esta vacio?;15/6/2026 11:04;No;LP;PTAI;2;Bomba
LP - PTAI - Salida 2;118453;J-28004 M;El visor de aceite de niebla esta vacio?;15/6/2026 11:04;No;LP;PTAI;2;Bomba
LP - PTAI - Salida 2;118453;J-28031 M;El visor de aceite de niebla esta vacio?;15/6/2026 11:05;No;LP;PTAI;2;Bomba
LP - PTAI - Salida 2;118453;J-28032 M;La aceitera esta con nivel?;15/6/2026 11:05;No;LP;PTAI;2;Bomba
LP - PTAI - Salida 4;118290;J-28079 M;El visor de aceite de niebla esta vacio?;15/6/2026 07:45;No;LP;PTAI;4;Bomba
LP - PTAI - Salida 4;118290;J-28079 AM;El visor de aceite de niebla esta vacio?;15/6/2026 07:45;No;LP;PTAI;4;Bomba
LP - PTAI - Salida 4;118290;J-28071 M;El visor de aceite de niebla esta vacio?;15/6/2026 07:46;No;LP;PTAI;4;Bomba
LP - PTAI - Salida 4;118290;J-28072 M;El visor de aceite de niebla esta vacio?;15/6/2026 07:46;No;LP;PTAI;4;Bomba
LP - PTAI - Salida 4;118290;J-28073 M;El visor de aceite de niebla esta vacio?;15/6/2026 07:46;No;LP;PTAI;4;Bomba
LP - PTAI - Salida 4;118290;J-28074 AM;La aceitera esta con nivel?;15/6/2026 07:46;No;LP;PTAI;4;Bomba
LP - PTAI - Salida 3;118455;J-28082 M;El visor de aceite de niebla esta vacio?;15/6/2026 11:06;No;LP;PTAI;3;Bomba
LP - PTAI - Salida 3;118455;J-28082 AM;El visor de aceite de niebla esta vacio?;15/6/2026 11:06;No;LP;PTAI;3;Bomba
LP - REDES - API OESTE ANTORCHA;116297;ENTRADA DE API;Hay ausencia de sobrenadante en la entrada?;11/6/2026 05:55;No;LP;REDES;#¡NUM!;Sin clasificar
LP - REDES - API OESTE ANTORCHA;116297;ENTRADA DE API;Hay ausencia de sobrenadante en la entrada?;11/6/2026 05:50;No;LP;REDES;#¡NUM!;Sin clasificar
LP - REDES - API OESTE ANTORCHA;116297;ENTRADA DE API;Hay ausencia de sobrenadante en la entrada?;11/6/2026 05:46;No;LP;REDES;#¡NUM!;Sin clasificar
LP - REDES - API OESTE ANTORCHA;116297;J-60215 M;La grasera esta funcionando correctamente?;11/6/2026 05:46;No;LP;REDES;#¡NUM!;Bomba
LP - REDES - API OESTE ANTORCHA;116297;J-60206 M;La grasera esta funcionando correctamente?;11/6/2026 05:47;No;LP;REDES;#¡NUM!;Bomba
LP - REDES - API OESTE ANTORCHA;116297;J-60207 M;La grasera esta funcionando correctamente?;11/6/2026 05:47;No;LP;REDES;#¡NUM!;Bomba
LP - REDES - BBA LIVIANO 0730;118417;SENTINAS;Hay ausencia de nivel de hidrocarburos?;15/6/2026 09:45;No;LP;REDES;0730;Sin clasificar
LP - REDES - OP K15 0530;116316;J-9002 M;El nivel de aceite esta OK?;11/6/2026 06:28;No;LP;REDES;15;Bomba
LP - REDES - OP K15 0530;116316;J-9002 AM;Pare remoto en servicio?;11/6/2026 06:28;No;LP;REDES;15;Bomba
LP - REDES - OP K15 0530;116316;J-2012;Pare remoto en servicio?;11/6/2026 06:28;No;LP;REDES;15;Bomba
LP - REDES - OP K15 0530;116316;J-2075 AM;El nivel de aceite esta OK?;11/6/2026 06:27;No;LP;REDES;15;Bomba
LP - REDES - OP K15 0530;116316;J-2031 A;Pare remoto en servicio?;11/6/2026 06:28;No;LP;REDES;15;Bomba
LP - REDES - OP K15 0530;116316;L-1057 / CALLE 102;La iluminacion es correcta?;11/6/2026 06:28;No;LP;REDES;15;Sin clasificar
LP - REDES - OP K15 0530;116316;L-1057 / CALLE 102;Los instrumentos funcionan?;11/6/2026 06:28;No;LP;REDES;15;Sin clasificar
LP - REDES - OP K15 0530;116316;L-1057 / CALLE 102;El delta de presion es correcto?;11/6/2026 06:28;No;LP;REDES;15;Sin clasificar
LP - REDES - OP K15 1130;114755;J-9002 M;Pare remoto en servicio?;8/6/2026 12:51;No;LP;REDES;15;Bomba
LP - REDES - OP K15 1130;114755;J-9002 AM;El nivel de aceite esta OK?;8/6/2026 12:51;No;LP;REDES;15;Bomba
LP - REDES - OP K15 1130;114755;J-2012;Pare remoto en servicio?;8/6/2026 12:51;No;LP;REDES;15;Bomba
LP - REDES - OP K15 1130;114755;J-2075 AM;El nivel de aceite esta OK?;8/6/2026 12:51;No;LP;REDES;15;Bomba
LP - REDES - OP K15 1130;114755;J-2031 A;Pare remoto en servicio?;8/6/2026 12:52;No;LP;REDES;15;Bomba
LP - REDES - OP K15 1130;114755;TK-5001;El tanque fue purgado en el turno?;8/6/2026 12:52;No;LP;REDES;15;Tanque
LP - REDES - OP K15 1130;114755;TK-5002;La iluminacion del tanque es correcta?;8/6/2026 12:53;No;LP;REDES;15;Tanque
LP - REDES - OP K15 1130;114755;TK-5004;El tanque fue purgado en el turno?;8/6/2026 12:53;No;LP;REDES;15;Tanque
LP - REDES - OP K15 1130;114755;TK-5005;El tanque fue purgado en el turno?;8/6/2026 12:53;No;LP;REDES;15;Tanque
LP - REDES - OP K15 1130;114755;TK-5006;La iluminacion del tanque es correcta?;8/6/2026 12:54;No;LP;REDES;15;Tanque
LP - REDES - OP K15 1130;114755;TK-5007;El tanque fue purgado en el turno?;8/6/2026 12:54;No;LP;REDES;15;Tanque
LP - REDES - OP K15 1130;114755;TK-5014;El pasto del recinto esta corto?;8/6/2026 12:55;No;LP;REDES;15;Tanque
LP - REDES - OP K15 1130;114755;TK-5014;El tanque fue purgado en el turno?;8/6/2026 12:55;No;LP;REDES;15;Tanque
LP - REDES - OP K15 1130;114755;TK-5013;El pasto del recinto esta corto?;8/6/2026 12:55;No;LP;REDES;15;Tanque
LP - REDES - OP K15 1130;114755;TK-5013;El tanque fue purgado en el turno?;8/6/2026 12:55;No;LP;REDES;15;Tanque
LP - REDES - OP K15 1130;114755;TK-5208;La iluminacion del tanque es correcta?;8/6/2026 12:55;No;LP;REDES;15;Tanque
LP - REDES - OP K15 1130;114755;TK-5011;La iluminacion del tanque es correcta?;8/6/2026 12:54;No;LP;REDES;15;Tanque
LP - REDES - OP K15 1130;114755;TK-5010;El tanque fue purgado en el turno?;8/6/2026 12:54;No;LP;REDES;15;Tanque
LP - REDES - OP K15 0730;118426;J-9002 M;Pare remoto en servicio?;15/6/2026 09:59;No;LP;REDES;15;Bomba
LP - REDES - OP K15 0730;118426;J-9002 AM;El nivel de aceite esta OK?;15/6/2026 09:59;No;LP;REDES;15;Bomba
LP - REDES - OP K15 0730;118426;J-2012;Pare remoto en servicio?;15/6/2026 09:59;No;LP;REDES;15;Bomba
LP - REDES - OP K15 0730;118426;J-2075 AM;El nivel de aceite esta OK?;15/6/2026 09:59;No;LP;REDES;15;Bomba
LP - REDES - OP K15 0730;118426;J-2031 A;Pare remoto en servicio?;15/6/2026 10:00;No;LP;REDES;15;Bomba
LP - REDES - Op U1100-1200;;JM-1201-B;Se mantiene completo el LOTO?;15/6/2026 08:14;No;LP;REDES;1100;Sin clasificar
LP - REDES - Op U1100-1200;;JL- 1203 AMR - B;Se mantiene completo el LOTO?;15/6/2026 08:11;No;LP;REDES;1100;Sin clasificar
LP - REDES - Op U1100-1200;;ISO 1;esta en automatico?;15/6/2026 08:19;No;LP;REDES;1100;Sin clasificar
LP - REDES - Op U1100-1200;;ISO 2;esta en automatico?;15/6/2026 08:20;No;LP;REDES;1100;Sin clasificar
LP - REDES - Op U1100-1200;;ISO 4;esta en automatico?;15/6/2026 08:23;No;LP;REDES;1100;Sin clasificar
LP - REDES - Op U1100-1200;;ISO 5;esta en automatico?;15/6/2026 08:22;No;LP;REDES;1100;Sin clasificar
LP - REDES - Op U1100-1200;;J-1220 BM;Se mantiene completo el LOTO?;15/6/2026 08:31;No;LP;REDES;1100;Bomba
LP - REDES - Op U1100-1200;;J-1220 CM;Se mantiene completo el LOTO?;15/6/2026 08:31;No;LP;REDES;1100;Bomba
LP - TOPPIV - Rutina 3;118442;JC-1803 M;El PH del circuito de agua se encuentra entre 6-8?;15/6/2026 10:26;No;LP;TOPPIV;3;Compresor
LP - TOPPIV - Rutina 3;118442;JC-1803 AM;El PH del circuito de agua se encuentra entre 6-8?;15/6/2026 10:26;No;LP;TOPPIV;3;Compresor
LP - TOPPIV - Rutina 3;118442;JC-1803 AM;El diferencial de presion en el filtro de agua al cono es menor a 0,500 Kg/Cm2?;15/6/2026 10:26;No;LP;TOPPIV;3;Compresor
LP - TOPPIV - Rutina 3;118442;JC-1803 AM;El diferencial de presion en el filtro de agua al sello es menor a 0,500 Kg/Cm2?;15/6/2026 10:27;No;LP;TOPPIV;3;Compresor
LP - TOPP C - Rutina 2;118459;JV-802;¿Se mantiene completo el LOTO?;15/6/2026 11:30;No;LP;TOPP C;2;Aero
LP - TOPP C - Rutina 2;118459;JV-805;¿Se mantiene completo el LOTO?;15/6/2026 11:31;No;LP;TOPP C;2;Aero
LP - TOPP C - Rutina 2;118459;JV-814;¿Se mantiene completo el LOTO?;15/6/2026 11:33;No;LP;TOPP C;2;Aero
LP - TOPP C - Rutina 2;118459;JV-815;¿Se mantiene completo el LOTO?;15/6/2026 11:31;No;LP;TOPP C;2;Aero
LP - TOPP C - Rutina 2;118459;JV-819;¿Se mantiene completo el LOTO?;15/6/2026 11:33;No;LP;TOPP C;2;Aero
LP - TOPP C - Rutina 2;118459;JV-820;¿Se mantiene completo el LOTO?;15/6/2026 11:33;No;LP;TOPP C;2;Aero
LP - TOPP C - Rutina 1;118313;J-805 AM;la refrigeracion a los sellos es menor a 60C?;15/6/2026 08:40;No;LP;TOPP C;1;Bomba
LP - TOPP C - Rutina 1;118313;J-804 M;la refrigeracion a los sellos es menor a 60C?;15/6/2026 08:40;No;LP;TOPP C;1;Bomba
PH - Platforming - RC A-300 Dosificaciones;118332;DOSIFICACIONES;Se realizo draguer de HCL? (SI/NO);15/6/2026 08:26;NO;PH;Platforming;#¡NUM!;Sin clasificar
PH - Platforming - RC A-300 Dosificaciones;118332;DOSIFICACIONES;Se realizo draguer de H2S ? (SI/NO);15/6/2026 08:26;NO;PH;Platforming;#¡NUM!;Sin clasificar
PH - Platforming - RC A-300 Dosificaciones;118468;DOSIFICACIONES;Se realizo draguer de HCL? (SI/NO);15/6/2026 12:02;NO;PH;Platforming;#¡NUM!;Sin clasificar
PH - Platforming - RC A-300 Dosificaciones;118468;DOSIFICACIONES;Se realizo draguer de H2S ? (SI/NO);15/6/2026 12:02;NO;PH;Platforming;#¡NUM!;Sin clasificar
LP - MEKHTA - Rutina 1 Op Recup HTA;118479;J-40432 M;Se encuentra el calentamiento habilitado?;15/6/2026 13:36;NO;LP;MEKHTA;1;Bomba
LP - MEKHTA - Rutina 1 Op Recup HTA;118479;J-40432 M;Se observa correcta circulacion de fluidos?;15/6/2026 13:36;NO;LP;MEKHTA;1;Bomba
LP - MEKHTA - Rutina 1 Op Recup HTA;118479;J-40420 M;Se encuentra el calentamiento habilitado?;15/6/2026 13:37;NO;LP;MEKHTA;1;Bomba
LP - MEKHTA - Rutina 1 Op Recup HTA;118479;J-40420 M;Se observa correcta circulacion de fluidos?;15/6/2026 13:37;NO;LP;MEKHTA;1;Bomba
LP - MEKHTA - Rutina 1 Op Recup HTA;118479;J-40482 T;Se observa correcta circulacion de fluidos?;15/6/2026 13:39;NO;LP;MEKHTA;1;Bomba
LP - MEKHTA - Rutina 1 Op Recup HTA;118479;J-40461 AM;Se encuentra el calentamiento habilitado?;15/6/2026 13:39;NO;LP;MEKHTA;1;Bomba
LP - MEKHTA - Rutina 1 Op Recup HTA;118479;J-40461 AM;Se observa correcta circulacion de fluidos?;15/6/2026 13:39;NO;LP;MEKHTA;1;Bomba
LP - MEKHTA - Rutina 1 Op Recup HTA;118479;J-40473 AM;Se encuentra el calentamiento habilitado?;15/6/2026 13:40;NO;LP;MEKHTA;1;Bomba
LP - MEKHTA - Rutina 1 Op Recup HTA;118479;J-40473 AM;Se observa correcta circulacion de fluidos?;15/6/2026 13:40;NO;LP;MEKHTA;1;Bomba
LP - MEKHTA - Rutina 1 Op Recup HTA;118479;J-40463 AM;La refrigeracion de la bomba circula correctamente?;15/6/2026 13:40;NO;LP;MEKHTA;1;Bomba
LP - MEKHTA - Rutina 1 Op Recup HTA;118479;J-40451 M;Se encuentra el calentamiento habilitado?;15/6/2026 13:41;NO;LP;MEKHTA;1;Bomba
LP - MEKHTA - Rutina 1 Op Recup HTA;118479;J-40451 M;Se observa correcta circulacion de fluidos?;15/6/2026 13:41;NO;LP;MEKHTA;1;Bomba
LP - MEKHTA - Rutina 1 Op Recup HTA;118479;J-40453 M;Se observa correcta circulacion de fluidos?;15/6/2026 13:42;NO;LP;MEKHTA;1;Bomba
LP - MEKHTA - Rutina 1 Op Recup HTA;118479;J-41601 T;Se observa correcta circulacion de fluidos?;15/6/2026 13:42;NO;LP;MEKHTA;1;Bomba
LP - MEKHTA - Rutina 1 Op Recup HTA;118479;J-41602 AM;Se observa correcta circulacion de fluidos?;15/6/2026 13:44;NO;LP;MEKHTA;1;Bomba
LP - MEKHTA - Rutina 1 Op Recup HTA;118479;J-41603 M;Se observa correcta circulacion de fluidos?;15/6/2026 13:44;NO;LP;MEKHTA;1;Bomba
LP - MEKHTA - Rutina 1 Op Recup HTA;118479;J-41604 M;Se observa correcta circulacion de fluidos?;15/6/2026 13:43;NO;LP;MEKHTA;1;Bomba
LP - PLATFORMING - R2 (11 hs);118445;HORNO B-1905;Se encuentran todos los pilotos encendidos?;15/6/2026 10:39;No;LP;PLATFORMING;2;Horno
PH - Refinacion - RE_A-1000 RC;118328;API;Barredor de fondo disponible? (SI/NO);15/6/2026 08:27;No;PH;Refinacion;#¡NUM!;Sin clasificar
PH - Refinacion - RE_A-1000 RC;118328;API;Barredor de superficie disponible? (SI/NO);15/6/2026 08:27;No;PH;Refinacion;#¡NUM!;Sin clasificar
LP - REDES - Op U1100-1200;;JM-1201-B;Se mantiene completo el LOTO?;15/6/2026 13:31;No;LP;REDES;1100;Sin clasificar
LP - REDES - Op U1100-1200;;JL- 1203 AMR - B;Se mantiene completo el LOTO?;15/6/2026 13:34;No;LP;REDES;1100;Sin clasificar
LP - REDES - Op U1100-1200;;ISO 1;esta en automatico?;15/6/2026 13:36;No;LP;REDES;1100;Sin clasificar
LP - REDES - Op U1100-1200;;ISO 2;esta en automatico?;15/6/2026 13:36;No;LP;REDES;1100;Sin clasificar
LP - REDES - Op U1100-1200;;ISO 4;esta en automatico?;15/6/2026 13:37;No;LP;REDES;1100;Sin clasificar
LP - REDES - Op U1100-1200;;ISO 5;esta en automatico?;15/6/2026 13:36;No;LP;REDES;1100;Sin clasificar
LP - REDES - Op U1100-1200;;J-1220 BM;Se mantiene completo el LOTO?;15/6/2026 13:38;No;LP;REDES;1100;Bomba
LP - REDES - Op U1100-1200;;J-1220 CM;Se mantiene completo el LOTO?;15/6/2026 13:38;No;LP;REDES;1100;Bomba
LP - REDES - Op U1100-1200;;VUELCO AL CANAL;Hay ausencia de espuma en salida de vuelco?;15/6/2026 13:39;No;LP;REDES;1100;Sin clasificar
PH - Refinacion - RE_A-600 RC;116289;CALDERA B-601;Extraccion (SI/NO);11/6/2026 04:31;NO;PH;Refinacion;#¡NUM!;Sin clasificar
PH - Refinacion - RE_A-600 RC;116289;CALDERA B-602;Extraccion (SI/NO);11/6/2026 04:30;NO;PH;Refinacion;#¡NUM!;Sin clasificar
LP - CKB - R3 Camarista;118496;JV-510 CM;El nivel de la grasera es correcto?;13/6/2026 13:42;No;LP;CKB;3;Aero
LP - CENTRAL I - Salida 4;118511;Q2201 A;La purga continua esta habilitada?;15/6/2026 15:16;No;LP;CENTRAL I;4;Sin clasificar
LP - CENTRAL I - Salida 4;118511;Q2202 B;La purga continua esta habilitada?;15/6/2026 15:18;No;LP;CENTRAL I;4;Sin clasificar
LP - CKB - R3 Op GASCON;118493;JV-501 GM;Se ausentan ruidos, vibraciones anormales y perdida de fluidos?;15/6/2026 14:28;No;LP;CKB;3;Aero
LP - CKB - R3 Op GASCON;118493;JV-501 JM;El nivel de la grasera es correcto?;15/6/2026 14:29;No;LP;CKB;3;Aero
LP - CKB - R3 Op GASCON;118493;JV-565 BM;La grasera esta funcionando correctamente?;15/6/2026 14:30;No;LP;CKB;3;Aero
LP - CKB - R3 Op GASCON;118493;JV-565 BM;El nivel de la grasera es correcto?;15/6/2026 14:30;No;LP;CKB;3;Aero
LP - CKB - R3 Op GASCON;118493;JV-551 AM;Se ausentan ruidos, vibraciones anormales y perdida de fluidos?;15/6/2026 14:31;No;LP;CKB;3;Aero
LP - FCCB - GASCON R4 (16:30 Hs);118526;J-7151 M;Hay ausencia de perdida de fluidos?;15/6/2026 16:27;No;LP;FCCB;4;Bomba
LP - FCCB - GASCON R4 (16:30 Hs);118526;J-7153 AM;Hay ausencia de perdida de fluidos?;15/6/2026 16:27;No;LP;FCCB;4;Bomba
LP - FCCB - GASCON R4 (16:30 Hs);118526;J-7152 M;El decantador esta libre de agua?;15/6/2026 16:28;No;LP;FCCB;4;Bomba
LP - FCCB - GASCON R4 (16:30 Hs);118526;J-7301 M;Se mantiene completo el LOTO?;15/6/2026 16:30;No;LP;FCCB;4;Bomba
LP - HTGBHTNFCC - Rutina 3;118509;HORNO B 3201;Quemador n6 se encuentran todos los pilotos encendidos?;15/6/2026 15:22;No;LP;HTGBHTNFCC;3;Horno
LP - HTGBHTNFCC - Rutina 3;118509;HORNO B 3201;Quemador n7 se encuentran todos los pilotos encendidos?;15/6/2026 15:22;No;LP;HTGBHTNFCC;3;Horno
LP - HTGBHTNFCC - Rutina 3;118509;TRINCHERAS calle 14 e/ 47 y 49 / calle 49 entre 14 y 30;[calle 14 e/ 47 y 49] Hay ausencia de agua?;15/6/2026 15:14;No;LP;HTGBHTNFCC;3;Sin clasificar
LP - HTGBHTNFCC - Rutina 3;118509;HORNO B-3102;Quemador n1 se encuentran todos los pilotos encendidos?;15/6/2026 15:14;No;LP;HTGBHTNFCC;3;Horno
LP - HTGBHTNFCC - Rutina 2;118475;JV-3102 A/B;[JV-3102 A] Las correas se encuentran en buen estado?;15/6/2026 12:30;No;LP;HTGBHTNFCC;2;Aero
LP - HTGBHTNFCC - Rutina 2;118475;JV-3102 A/B;[JV-3102 A] Hay ausencia de ruidos o vibraciones anormales?;15/6/2026 12:30;No;LP;HTGBHTNFCC;2;Aero
LP - HTGBHTNFCC - Rutina 2;118475;JV-3103 A/B;[JV-3103 B] Hay ausencia de ruidos o vibraciones anormales?;15/6/2026 12:30;No;LP;HTGBHTNFCC;2;Aero
LP - ISOHTNCA - R 2 (11 hs);118460;COMPRESORES HTNCA;Hay ausencia de alarmas en el tablero?;15/6/2026 11:45;No;LP;ISOHTNCA;2;Compresor
LP - ISOHTNCA - R 2 (11 hs);118460;JC-1103;Se mantiene completo el LOTO?;15/6/2026 11:47;No;LP;ISOHTNCA;2;Compresor
LP - ISOHTNCA - R 2 (11 hs);118460;JC-1102;Hay ausencia de ruidos, vibraciones anormales o perdida de fluidos?;15/6/2026 11:47;No;LP;ISOHTNCA;2;Compresor
LP - HTNCB - Rutina 1 (07:30 hs);;J-5612 B;Se observa pasaje en la descarga de la PSV?;15/6/2026 08:37;No;LP;HTNCB;1;Bomba
LP - HTNCB - Rutina 1 (07:30 hs);;J-5612 A;Se observa pasaje en la descarga de la PSV?;15/6/2026 08:37;No;LP;HTNCB;1;Bomba
LP - HTNCB - Rutina 1 (07:30 hs);;J-5608 A;La presion de buffer es menor a 6,8 BAR?;15/6/2026 08:48;No;LP;HTNCB;1;Bomba
LP - HTNCB - Rutina 1 (07:30 hs);;J-5605 B;La presion de buffer es menor a 4,6 BAR?;15/6/2026 08:44;No;LP;HTNCB;1;Bomba
LP - BLENDING - Sala K13 Salida 1130;118477;J-2014 M;Se mantiene completo el LOTO?;15/6/2026 12:46;No;LP;BLENDING;13;Bomba
LP - BLENDING - Sala K13 Salida 1130;118477;J-2014 AM;Se mantiene completo el LOTO?;15/6/2026 12:46;No;LP;BLENDING;13;Bomba
LP - BLENDING - Sala K13 Salida 1130;118477;J-2025 MR;Se mantiene completo el LOTO?;15/6/2026 12:48;No;LP;BLENDING;13;Bomba
LP - AA - Rutina 1;118529;J-1394 M;El visor de aceite de niebla esta vacio?;15/6/2026 16:57;No;LP;AA;1;Bomba
LP - AA - Rutina 1;118529;J-1394 M;la presion en el plan API se encuentra por encima de los 8 kg/cm2?;15/6/2026 16:57;No;LP;AA;1;Bomba
LP - AA - Rutina 1;118529;J-1394 AM;la presion en el plan API se encuentra por encima de los 8 kg/cm2?;15/6/2026 16:58;No;LP;AA;1;Bomba
LP - AA - Rutina 1;118529;J-1302 M;Se encuentra el calentamiento habilitado?;15/6/2026 16:54;No;LP;AA;1;Bomba
LP - AA - Rutina 1;118529;J-1303 M;la presion en el plan API se encuentra por encima de los 8 kg/cm2?;15/6/2026 16:53;No;LP;AA;1;Bomba
LP - AA - Rutina 1;118529;J-1303 AM;la presion en el plan API se encuentra por encima de los 8 kg/cm2?;15/6/2026 16:54;No;LP;AA;1;Bomba
LP - AA - Rutina 1;118529;J-1353 M;la presion en el plan API se encuentra por encima de los 8 kg/cm2?;15/6/2026 16:53;No;LP;AA;1;Bomba
LP MEK R1 Op Filtros 2;118504;J-40401 M;La presion de Nitrogeno es superior a 5 kg?;15/6/2026 15:05;No;None;None;#¡NUM!;Bomba
LP MEK R1 Op Filtros 2;118504;J-40409 M;Visualiza venteo de niebla?;15/6/2026 15:03;No;None;None;#¡NUM!;Bomba
LP MEK R1 Op Filtros 2;118504;J-40409 M;El decantador esta libre de agua?;15/6/2026 15:03;No;None;None;#¡NUM!;Bomba
LP MEK R1 Op Filtros 2;118504;J-40409 M;Se encuentra el calentamiento habilitado?;15/6/2026 15:03;No;None;None;#¡NUM!;Bomba
LP MEK R1 Op Filtros 2;118504;J-40409 M;El visor de aceite de niebla esta vacio?;15/6/2026 15:03;No;None;None;#¡NUM!;Bomba
LP MEK R1 Op Filtros 2;118504;J-40409 M;El nivel de fluido barrera esta OK?;15/6/2026 15:03;No;None;None;#¡NUM!;Bomba
LP MEK R1 Op Filtros 2;118504;J-40409 M;La presion de Nitrogeno es superior a 5 kg?;15/6/2026 15:03;No;None;None;#¡NUM!;Bomba
LP MEK R1 Op Filtros 2;118504;J-40409 M;La refrigeracion de los sellos esta OK?;15/6/2026 15:03;No;None;None;#¡NUM!;Bomba
LP MEK R1 Op Filtros 2;118504;J-40411 M;Se mantiene completo el LOTO?;15/6/2026 15:02;No;None;None;#¡NUM!;Bomba
LP - MEKREF- Rutina 4 Op Refrigeracin;118502;TRINCHERAS / CANAL DE MEDIA CAA;Hay ausencia de agua?;15/6/2026 11:03;NO;LP;MEKREF;4;Sin clasificar
LP - MEKREF- Rutina 4 Op Refrigeracin;118502;TRINCHERAS / CANAL DE MEDIA CAA;Hay ausencia de hidrocarburos?;15/6/2026 11:03;NO;LP;MEKREF;4;Sin clasificar
LP - MEKREF- Rutina 4 Op Refrigeracin;118502;DRENAJES;Es correcto el nivel de la camara?;15/6/2026 11:03;NO;LP;MEKREF;4;Sin clasificar
LP - MEKREF- Rutina 4 Op Refrigeracin;118502;DRENAJES;Hay ausencia de hidrocarburos?;15/6/2026 11:03;NO;LP;MEKREF;4;Sin clasificar
LP MEK R2 Op Filtros 2;118505;JF-40407 MR;Se mantiene completo el LOTO?;15/6/2026 15:07;No;None;None;#¡NUM!;Filtro
LP MEK R2 Op Filtros 2;118505;JF-40409 MR;El solvente frio esta habilitado?;15/6/2026 15:07;No;None;None;#¡NUM!;Filtro
LP MEK R2 Op Filtros 2;118505;JF-40411 MR;Se mantiene completo el LOTO?;15/6/2026 15:07;No;None;None;#¡NUM!;Filtro
LP - PTAI - Salida 2;118487;J-28011;¿El visor de aceite de niebla esta vacio?;15/6/2026 14:14;No;LP;PTAI;2;Bomba
LP - PTAI - Salida 2;118487;J-28014;¿El visor de aceite de niebla esta vacio?;15/6/2026 14:14;No;LP;PTAI;2;Bomba
LP - PTAI - Salida 2;118489;J-28003 M;El visor de aceite de niebla esta vacio?;15/6/2026 14:21;No;LP;PTAI;2;Bomba
LP - PTAI - Salida 2;118489;J-28004 M;El visor de aceite de niebla esta vacio?;15/6/2026 14:20;No;LP;PTAI;2;Bomba
LP - PTAI - Salida 2;118489;J-28005 M;La aceitera esta con nivel?;15/6/2026 14:20;No;LP;PTAI;2;Bomba
LP - PTAI - Salida 2;118489;J-28031 M;El visor de aceite de niebla esta vacio?;15/6/2026 14:19;No;LP;PTAI;2;Bomba
LP - PTAI - Salida 2;118489;J-28032 M;La aceitera esta con nivel?;15/6/2026 14:20;No;LP;PTAI;2;Bomba
LP - PTAI - Salida 1;118498;J-2301 M;El visor de aceite esta vacio?;15/6/2026 14:42;No;LP;PTAI;1;Bomba
LP - PTAI - Salida 1;118498;J-2301 BM;El visor de aceite esta vacio?;15/6/2026 14:41;No;LP;PTAI;1;Bomba
LP - PTAI - Salida 1;118498;J-2301 CM;El visor de aceite esta vacio?;15/6/2026 14:41;No;LP;PTAI;1;Bomba
LP - PTAI - Salida 1;118498;J-28023 M;El visor de aceite de niebla esta vacio?;15/6/2026 14:36;No;LP;PTAI;1;Bomba
LP - PTAI - Salida 1;118498;J-28024 M;El visor de aceite de niebla esta vacio?;15/6/2026 14:36;No;LP;PTAI;1;Bomba
LP - BLENDING - Sala K13 Salida 0530;115731;J-2014 M;Se mantiene completo el LOTO?;10/6/2026 06:14;No;LP;BLENDING;13;Bomba
LP - BLENDING - Sala K13 Salida 0530;115731;J-2014 AM;Se mantiene completo el LOTO?;10/6/2026 06:14;No;LP;BLENDING;13;Bomba
LP - BLENDING - Sala K13 Salida 0530;115731;J-2025 MR;Se mantiene completo el LOTO?;10/6/2026 06:16;No;LP;BLENDING;13;Bomba
LP - MEKHTA - Rutina 3 Op Recup HTA;118483;HORNO BA461;El exceso de O se encuentra entre 3,5-5,5%? 2;15/6/2026 13:46;No;LP;MEKHTA;3;Horno
LP - PTAI - Salida 3;118488;J-28082 M;El visor de aceite de niebla esta vacio?;15/6/2026 14:18;No;LP;PTAI;3;Bomba
LP - PTAI - Salida 3;118488;J-28082 AM;El visor de aceite de niebla esta vacio?;15/6/2026 14:19;No;LP;PTAI;3;Bomba
LP - PTAI - Salida 4;118458;J-28079 AM;El visor de aceite de niebla esta vacio?;15/6/2026 11:14;No;LP;PTAI;4;Bomba
LP - PTAI - Salida 4;118458;J-28071 M;El visor de aceite de niebla esta vacio?;15/6/2026 11:15;No;LP;PTAI;4;Bomba
LP - PTAI - Salida 4;118458;J-28072 M;El visor de aceite de niebla esta vacio?;15/6/2026 11:15;No;LP;PTAI;4;Bomba
LP - PTAI - Salida 4;118458;J-28073 M;El visor de aceite de niebla esta vacio?;15/6/2026 11:15;No;LP;PTAI;4;Bomba
LP - PTAI - Salida 4;118458;J-28074 AM;La aceitera esta con nivel?;15/6/2026 11:16;No;LP;PTAI;4;Bomba
LP - BLENDING - Sala K13 Salida 1730;118530;J-2014 M;Se mantiene completo el LOTO?;15/6/2026 17:43;No;LP;BLENDING;13;Bomba
LP - BLENDING - Sala K13 Salida 1730;118530;J-2014 AM;Se mantiene completo el LOTO?;15/6/2026 17:43;No;LP;BLENDING;13;Bomba
LP - BLENDING - Sala K13 Salida 1730;118530;J-2025 MR;Se mantiene completo el LOTO?;15/6/2026 17:45;No;LP;BLENDING;13;Bomba
LP - PTAI - Salida 4;118503;J-28079 AM;La aceitera esta con nivel?;15/6/2026 15:02;No;LP;PTAI;4;Bomba
LP - PTAI - Salida 4;118503;J-28072 M;El visor de aceite de niebla esta vacio?;15/6/2026 15:01;No;LP;PTAI;4;Bomba
LP - PTAI - Salida 4;118503;J-28073 M;El visor de aceite de niebla esta vacio?;15/6/2026 15:01;No;LP;PTAI;4;Bomba
LP - PTAI - Salida 4;118545;J-28079 AM;El visor de aceite de niebla esta vacio?;15/6/2026 17:50;No;LP;PTAI;4;Bomba
LP - PTAI - Salida 4;118545;J-28071 M;El visor de aceite de niebla esta vacio?;15/6/2026 17:48;No;LP;PTAI;4;Bomba
LP - PTAI - Salida 4;118545;J-28072 M;El visor de aceite de niebla esta vacio?;15/6/2026 17:48;No;LP;PTAI;4;Bomba
LP - PTAI - Salida 4;118545;J-28073 M;El visor de aceite de niebla esta vacio?;15/6/2026 17:48;No;LP;PTAI;4;Bomba
LP - REDES - BBA FO Salida 1130;118512;TK-6512;La iluminacion del tanque es correcta?;15/6/2026 15:43;No;LP;REDES;1130;Tanque
LP - REDES - BBA FO Salida 1130;118512;TK-6512;El tanque fue purgado en el turno?;15/6/2026 15:43;No;LP;REDES;1130;Tanque
LP - REDES - BBA FO Salida 1130;118512;TK-6508;La iluminacion del tanque es correcta?;15/6/2026 15:44;No;LP;REDES;1130;Tanque
LP - REDES - BBA FO Salida 1130;118512;TK-6509;El tanque fue purgado en el turno?;15/6/2026 15:45;No;LP;REDES;1130;Tanque
LP - REDES - OP K15 1730;118538;J-9002 M;Pare remoto en servicio?;15/6/2026 17:26;No;LP;REDES;15;Bomba
LP - REDES - OP K15 1730;118538;J-9002 AM;El nivel de aceite esta OK?;15/6/2026 17:26;No;LP;REDES;15;Bomba
LP - REDES - OP K15 1730;118538;J-2012;Pare remoto en servicio?;15/6/2026 17:26;No;LP;REDES;15;Bomba
LP - REDES - OP K15 1730;118538;J-2075 AM;El nivel de aceite esta OK?;15/6/2026 17:26;No;LP;REDES;15;Bomba
LP - REDES - OP K15 1730;118538;J-2031 A;Pare remoto en servicio?;15/6/2026 17:27;No;LP;REDES;15;Bomba
LP - REDES - OP K15 1730;118538;L-1057 / CALLE 102;La iluminacion es correcta?;15/6/2026 17:27;No;LP;REDES;15;Sin clasificar
LP - REDES - OP K15 1730;118538;L-1057 / CALLE 102;Los instrumentos funcionan?;15/6/2026 17:27;No;LP;REDES;15;Sin clasificar
LP - REDES - OP K15 1730;118538;L-1057 / CALLE 102;El delta de presion es correcto?;15/6/2026 17:27;No;LP;REDES;15;Sin clasificar
LP - PTAI - Salida 3;118548;J-28082 AM;El visor de aceite de niebla esta vacio?;15/6/2026 17:55;No;LP;PTAI;3;Bomba
LP - PTAI - Salida 2;118547;J-28011;¿El visor de aceite de niebla esta vacio?;15/6/2026 17:52;No;LP;PTAI;2;Bomba
LP - PTAI - Salida 2;118547;J-28014;¿El visor de aceite de niebla esta vacio?;15/6/2026 17:52;No;LP;PTAI;2;Bomba
LP - PTAI - Salida 2;118550;J-28003 M;El visor de aceite de niebla esta vacio?;15/6/2026 17:57;No;LP;PTAI;2;Bomba
LP - PTAI - Salida 2;118550;J-28004 M;El visor de aceite de niebla esta vacio?;15/6/2026 17:57;No;LP;PTAI;2;Bomba
LP - PTAI - Salida 2;118550;J-28005 M;La aceitera esta con nivel?;15/6/2026 17:57;No;LP;PTAI;2;Bomba
LP - PTAI - Salida 2;118550;J-28007 M;El visor de aceite de niebla esta vacio?;15/6/2026 17:56;No;LP;PTAI;2;Bomba
LP - PTAI - Salida 2;118550;J-28031 M;El visor de aceite de niebla esta vacio?;15/6/2026 17:56;No;LP;PTAI;2;Bomba
LP - PTAI - Salida 2;118550;J-28032 M;La aceitera esta con nivel?;15/6/2026 17:56;No;LP;PTAI;2;Bomba
LP - CKB - R1 Op GASCON;118490;J503M;La refrigeracion de los sellos esta OK?;15/6/2026 15:33;No;LP;CKB;1;Sin clasificar
LP - CKB - R1 Op GASCON;118490;J503M;La refrigeracion de la bomba circula correctamente?;15/6/2026 15:33;No;LP;CKB;1;Sin clasificar
LP - CKB - R1 Op GASCON;118490;J503T;La refrigeracion de los sellos esta OK?;15/6/2026 15:33;No;LP;CKB;1;Sin clasificar
LP - CKB - R1 Op GASCON;118490;J503T;La refrigeracion de la bomba circula correctamente?;15/6/2026 15:33;No;LP;CKB;1;Sin clasificar
LP - CKB - R1 Op GASCON;118490;J521;La refrigeracion de los sellos esta OK?;15/6/2026 15:34;No;LP;CKB;1;Sin clasificar
LP - CKB - R1 Op GASCON;118490;J521;La refrigeracion de la bomba circula correctamente?;15/6/2026 15:34;No;LP;CKB;1;Sin clasificar
LP - CKB - R1 Op GASCON;118490;J516;La refrigeracion de los sellos esta OK?;15/6/2026 15:44;No;LP;CKB;1;Sin clasificar
LP - CKB - R1 Op GASCON;118490;J516;La refrigeracion de la bomba circula correctamente?;15/6/2026 15:44;No;LP;CKB;1;Sin clasificar
LP - CKB - R1 Op GASCON;118490;J552M;La refrigeracion de los sellos esta OK?;15/6/2026 15:34;No;LP;CKB;1;Sin clasificar
LP - CKB - R1 Op GASCON;118490;J552M;La refrigeracion de la bomba circula correctamente?;15/6/2026 15:34;No;LP;CKB;1;Sin clasificar
LP - CKB - R1 Op GASCON;118490;J552AM;La refrigeracion de los sellos esta OK?;15/6/2026 15:35;No;LP;CKB;1;Sin clasificar
LP - CKB - R1 Op GASCON;118490;J552AM;La refrigeracion de la bomba circula correctamente?;15/6/2026 15:35;No;LP;CKB;1;Sin clasificar
LP - CKB - R1 Op GASCON;118490;J554M;El visor de aceite de niebla esta vacio?;15/6/2026 15:35;No;LP;CKB;1;Sin clasificar
LP - CKB - R1 Op GASCON;118490;J554M;La refrigeracion de los sellos esta OK?;15/6/2026 15:35;No;LP;CKB;1;Sin clasificar
LP - CKB - R1 Op GASCON;118490;J554M;La refrigeracion de la bomba circula correctamente?;15/6/2026 15:35;No;LP;CKB;1;Sin clasificar
LP - CKB - R1 Op GASCON;118490;J554AM;El visor de aceite de niebla esta vacio?;15/6/2026 15:36;No;LP;CKB;1;Sin clasificar
LP - CKB - R1 Op GASCON;118490;J554AM;La refrigeracion de los sellos esta OK?;15/6/2026 15:36;No;LP;CKB;1;Sin clasificar
LP - CKB - R1 Op GASCON;118490;J554AM;La refrigeracion de la bomba circula correctamente?;15/6/2026 15:36;No;LP;CKB;1;Sin clasificar
LP - CKB - R1 Op GASCON;118490;J555M;La refrigeracion de los sellos esta OK?;15/6/2026 15:38;No;LP;CKB;1;Sin clasificar
LP - CKB - R1 Op GASCON;118490;J555M;La refrigeracion de la bomba circula correctamente?;15/6/2026 15:38;No;LP;CKB;1;Sin clasificar
LP - CKB - R1 Op GASCON;118490;J555AM;La refrigeracion de los sellos esta OK?;15/6/2026 15:38;No;LP;CKB;1;Sin clasificar
LP - CKB - R1 Op GASCON;118490;J555AM;La refrigeracion de la bomba circula correctamente?;15/6/2026 15:38;No;LP;CKB;1;Sin clasificar
LP - REDES - API OESTE ANTORCHA;118380;J-60501 M;El nivel de aceite es correcto?;15/6/2026 09:21;No;LP;REDES;#¡NUM!;Bomba
LP - REDES - API OESTE ANTORCHA;118380;J-60502 M;El nivel de aceite es correcto?;15/6/2026 09:21;No;LP;REDES;#¡NUM!;Bomba
LP - REDES - API OESTE ANTORCHA;118380;J-60509 M;El nivel de aceite es correcto?;15/6/2026 09:22;No;LP;REDES;#¡NUM!;Bomba
LP - REDES - API OESTE ANTORCHA;118380;ENTRADA DE API;Hay ausencia de sobrenadante en la entrada?;15/6/2026 09:13;No;LP;REDES;#¡NUM!;Sin clasificar
LP - REDES - API OESTE ANTORCHA;118380;ENTRADA DE API;Hay ausencia de sobrenadante en la entrada?;15/6/2026 09:08;No;LP;REDES;#¡NUM!;Sin clasificar
LP - REDES - API OESTE ANTORCHA;118380;J-60215 M;La grasera esta funcionando correctamente?;15/6/2026 09:08;No;LP;REDES;#¡NUM!;Bomba
LP - REDES - API OESTE ANTORCHA;118380;J-60206 M;La grasera esta funcionando correctamente?;15/6/2026 09:09;No;LP;REDES;#¡NUM!;Bomba
LP - REDES - API OESTE ANTORCHA;118380;J-60207 M;La grasera esta funcionando correctamente?;15/6/2026 09:08;No;LP;REDES;#¡NUM!;Bomba
LP - REDES - Rutina TH;118286;J-22303 TR;El aspecto del aceite esta correcto?;15/6/2026 09:03;No;LP;REDES;#¡NUM!;Bomba
LP - REDES - Rutina TH;118286;LUBRIMIST;la luz verde se encuentra encendida?;15/6/2026 09:03;No;LP;REDES;#¡NUM!;Sin clasificar
LP - TOPP C - Rutina 4;118528;CENTRALINA SELLOS DOBLES;JQ801AM esta disponible?;15/6/2026 16:49;No;LP;TOPP C;4;Sin clasificar
LP - TOPP C - Rutina 4;118528;SENTINA COQUE A VIEJO;La J-370M se encuentra disponible?;15/6/2026 16:49;No;LP;TOPP C;4;Sin clasificar
LP - TOPP C - Rutina 5 Merichem;118506;J-863 M;Se mantiene completo el LOTO?;15/6/2026 15:08;No;LP;TOPP C;5;Bomba
PH - Platforming - RC A-300 Dosificaciones;118539;DOSIFICACIONES;Se realizo draguer de HCL? (SI/NO);15/6/2026 17:34;NO;PH;Platforming;#¡NUM!;Sin clasificar
PH - Platforming - RC A-300 Dosificaciones;118539;DOSIFICACIONES;Se realizo draguer de H2S ? (SI/NO);15/6/2026 17:35;NO;PH;Platforming;#¡NUM!;Sin clasificar
PH - Refinacion - RE_A-10000_RC;118514;A-10000;Australiano con barros? (SI/NO);15/6/2026 08:39;No;PH;Refinacion;#¡NUM!;Sin clasificar
PH - Refinacion - RE_A-600 RC;118516;CALDERA B-601;Extraccion (SI/NO);15/6/2026 16:00;NO;PH;Refinacion;#¡NUM!;Sin clasificar
PH - Refinacion - RE_A-600 RC;118516;CALDERA B-602;Extraccion (SI/NO);15/6/2026 16:01;NO;PH;Refinacion;#¡NUM!;Sin clasificar
LP - FURFURAL - Rutina 1;118559;J-45311 P;Se mantiene completo el LOTO?;15/6/2026 09:53;No;LP;FURFURAL;1;Bomba
LP - FURFURAL - Rutina 2;118560;HORNO BA301;El exceso de Oxigeno se encuentra entre 3,5 - 5,5%;15/6/2026 09:54;NO;LP;FURFURAL;2;Horno
LP - FURFURAL - Rutina 2;118560;HORNO BA302;El exceso de O se encuentra entre 3,5-5,5%?;15/6/2026 09:54;NO;LP;FURFURAL;2;Horno
LP - FCCB - FRACC R4;114913;J-7107 AM;Esta habillitado el flushing (GOL) al sello?;8/6/2026 20:42;No;LP;FCCB;4;Bomba
LP - FCCB - FRACC R4;114913;J-7104 M;La refrigeracion de los sellos esta OK?;8/6/2026 20:37;No;LP;FCCB;4;Bomba
LP - FCCB - FRACC R4;114913;J-7120 M;esta en Automatico?;8/6/2026 20:38;No;LP;FCCB;4;Bomba
LP - FCCB - FRACC R4;114913;J-7120 AM;esta en Automatico?;8/6/2026 20:39;No;LP;FCCB;4;Bomba
LP - FCCB - FRACC R4;114913;J-7110 T;Se encuentra el calentamiento habilitado?;8/6/2026 20:27;No;LP;FCCB;4;Bomba
LP - FURFURAL - Rutina 2;118564;HORNO BA301;El exceso de Oxigeno se encuentra entre 3,5 - 5,5%;15/6/2026 19:12;NO;LP;FURFURAL;2;Horno
LP - FURFURAL - Rutina 2;118564;HORNO BA302;El exceso de O se encuentra entre 3,5-5,5%?;15/6/2026 19:12;NO;LP;FURFURAL;2;Horno
LP - FURFURAL - Rutina 3;118561;JV-45310 AM;El nivel de la grasera es correcto?;15/6/2026 09:58;No;LP;FURFURAL;3;Aero
LP - PTAI - Salida 2;117838;J-28010;¿El visor de aceite de niebla esta vacio?;14/6/2026 07:19;No;LP;PTAI;2;Bomba
LP - PTAI - Salida 2;117838;J-28011;¿El visor de aceite de niebla esta vacio?;14/6/2026 07:19;No;LP;PTAI;2;Bomba
LP - PTAI - Salida 2;117838;J-28013;¿El decantador esta libre de agua?;14/6/2026 07:18;No;LP;PTAI;2;Bomba
LP - PTAI - Salida 2;117838;J-28013;¿La aceitera esta con nivel?;14/6/2026 07:19;No;LP;PTAI;2;Bomba
LP - PTAI - Salida 2;117838;J-28013;¿La refrigeracion de la bomba circula correctamente?;14/6/2026 07:19;No;LP;PTAI;2;Bomba
LP - PTAI - Salida 2;117838;J-28014;¿El decantador esta libre de agua?;14/6/2026 07:19;No;LP;PTAI;2;Bomba
LP - PTAI - Salida 2;117838;J-28014;¿La aceitera esta con nivel?;14/6/2026 07:19;No;LP;PTAI;2;Bomba
LP - PTAI - Salida 2;117838;J-28014;¿La refrigeracion de la bomba circula correctamente?;14/6/2026 07:19;No;LP;PTAI;2;Bomba
LP - PTAI - Salida 1;118566;J-2301 M;El visor de aceite esta vacio?;15/6/2026 19:15;No;LP;PTAI;1;Bomba
LP - PTAI - Salida 1;118566;J-2301 BM;El visor de aceite esta vacio?;15/6/2026 19:15;No;LP;PTAI;1;Bomba
LP - PTAI - Salida 1;118566;J-2301 CM;El visor de aceite esta vacio?;15/6/2026 19:15;No;LP;PTAI;1;Bomba
LP - PTAI - Salida 1;118566;J-2302 AM;Hay ausencia de ruidos, vibraciones anormales y perdida de fluidos?;15/6/2026 19:16;No;LP;PTAI;1;Bomba
LP - PTAI - Salida 1;118566;J-2303 M;El visor de aceite de niebla esta vacio?;15/6/2026 19:15;No;LP;PTAI;1;Bomba
LP - PTAI - Salida 1;118566;J-2303 AM;El visor de aceite de niebla esta vacio?;15/6/2026 19:15;No;LP;PTAI;1;Bomba
LP - PTAI - Salida 1;118566;J-28023 M;El visor de aceite de niebla esta vacio?;15/6/2026 19:20;No;LP;PTAI;1;Bomba
LP - PTAI - Salida 1;118566;J-28024 M;El visor de aceite de niebla esta vacio?;15/6/2026 19:20;No;LP;PTAI;1;Bomba
LP - PTAI - Salida 1;118566;J-2306 M;El decantador esta libre de agua?;15/6/2026 19:15;No;LP;PTAI;1;Bomba
LP - PTAI - Salida 1;118566;J-2306 M;La aceitera esta con nivel?;15/6/2026 19:15;No;LP;PTAI;1;Bomba
LP - PTAI - Salida 1;118566;J-2306 AM;El decantador esta libre de agua?;15/6/2026 19:15;No;LP;PTAI;1;Bomba
LP - PTAI - Salida 1;118566;J-2306 AM;La aceitera esta con nivel?;15/6/2026 19:15;No;LP;PTAI;1;Bomba
LP - PTAI - Salida 2;118570;J-28003 M;¿El visor de aceite de niebla esta vacio?;15/6/2026 19:23;No;LP;PTAI;2;Bomba
LP - PTAI - Salida 2;118570;J-28004 M;¿El visor de aceite de niebla esta vacio?;15/6/2026 19:23;No;LP;PTAI;2;Bomba
LP - PTAI - Salida 2;118570;J-28005 M;¿La aceitera esta con nivel?;15/6/2026 19:23;No;LP;PTAI;2;Bomba
LP - PTAI - Salida 2;118570;J-28006 M;¿El visor de aceite de niebla esta vacio?;15/6/2026 19:23;No;LP;PTAI;2;Bomba
LP - PTAI - Salida 2;118570;J-28007 M;¿El decantador esta libre de agua?;15/6/2026 19:24;No;LP;PTAI;2;Bomba
LP - PTAI - Salida 2;118570;J-28007 M;¿La aceitera esta con nivel?;15/6/2026 19:24;No;LP;PTAI;2;Bomba
LP - PTAI - Salida 2;118570;J-28007 M;¿La refrigeracion de la bomba circula correctamente?;15/6/2026 19:24;No;LP;PTAI;2;Bomba
LP - PTAI - Salida 2;118570;J-28007 M;¿Hay ausencia de ruidos, vibraciones anormales y perdida de fluidos?;15/6/2026 19:24;No;LP;PTAI;2;Bomba
LP - PTAI - Salida 2;118570;J-28031 M;¿El visor de aceite de niebla esta vacio?;15/6/2026 19:24;No;LP;PTAI;2;Bomba
LP - PTAI - Salida 2;118570;J-28032 M;¿El decantador esta libre de agua?;15/6/2026 19:24;No;LP;PTAI;2;Bomba
LP - PTAI - Salida 2;118570;J-28032 M;¿La aceitera esta con nivel?;15/6/2026 19:24;No;LP;PTAI;2;Bomba
LP - PTAI - Salida 2;118570;J-28032 M;¿La refrigeracion de la bomba circula correctamente?;15/6/2026 19:24;No;LP;PTAI;2;Bomba
LP - FCCB - FRACC R4;118571;J-7109 AM;El flushing de GOP esta abierto al manometro?;15/6/2026 16:37;No;LP;FCCB;4;Bomba
LP - FCCB - FRACC R4;118571;J-7109 AM;Se encuentra en reserva la bomba auxiliar de aceite?;15/6/2026 16:37;No;LP;FCCB;4;Bomba
LP - FCCB - FRACC R4;118571;J-7112 M;El visor de aceite de niebla esta vacio?;15/6/2026 16:28;No;LP;FCCB;4;Bomba
LP - FCCB - FRACC R4;118571;J-7120 M;esta en Automatico?;15/6/2026 16:31;No;LP;FCCB;4;Bomba
LP - PTAI - Salida 3;118572;J-28082 M;El visor de aceite de niebla esta vacio?;15/6/2026 19:24;No;LP;PTAI;3;Bomba
LP - PTAI - Salida 3;118572;J-28082 AM;El visor de aceite de niebla esta vacio?;15/6/2026 19:24;No;LP;PTAI;3;Bomba
LP - PTAI - Salida 2;118574;J-28010;El visor de aceite de niebla esta vacio?;15/6/2026 19:27;No;LP;PTAI;2;Bomba
LP - PTAI - Salida 2;118574;J-28011;El visor de aceite de niebla esta vacio?;15/6/2026 19:27;No;LP;PTAI;2;Bomba
LP - PTAI - Salida 2;118574;J-28014;El decantador esta libre de agua?;15/6/2026 19:27;No;LP;PTAI;2;Bomba
LP - PTAI - Salida 2;118574;J-28014;La aceitera esta con nivel?;15/6/2026 19:27;No;LP;PTAI;2;Bomba
LP - PTAI - Salida 2;118574;J-28014;La refrigeracion de la bomba circula correctamente?;15/6/2026 19:27;No;LP;PTAI;2;Bomba
LP - FCCB - FRACC R5;118577;J-7109 AM;El flushing de GOP esta abierto al manometro?;15/6/2026 19:55;No;LP;FCCB;5;Bomba
LP - FCCB - FRACC R5;118577;J-7109 AM;Se encuentra en reserva la bomba auxiliar de aceite?;15/6/2026 19:56;No;LP;FCCB;5;Bomba
LP - FCCB - FRACC R5;118577;J-7108 M;Esta habilitado el flushing (GOP) a la bomba?;15/6/2026 19:53;No;LP;FCCB;5;Bomba
LP - FCCB - FRACC R5;118577;J-7107 AM;Esta habillitado el flushing (GOL) al sello?;15/6/2026 19:52;No;LP;FCCB;5;Bomba
LP - FCCB - FRACC R5;118577;J-7103 M;La asistencia de vapor esta habilitada?;15/6/2026 19:42;No;LP;FCCB;5;Bomba
LP - FCCB - FRACC R5;118577;J-7103 AM;La asistencia de vapor esta habilitada?;15/6/2026 19:42;No;LP;FCCB;5;Bomba
LP - FCCB - FRACC R5;118577;J-7112 M;Esta habillitado el flushing (GOL) al sello?;15/6/2026 19:44;No;LP;FCCB;5;Bomba
LP - FCCB - FRACC R5;118577;J-7104 M;La refrigeracion de los sellos esta OK?;15/6/2026 19:47;No;LP;FCCB;5;Bomba
LP - FCCB - FRACC R5;118577;J-7120 M;esta en Automatico?;15/6/2026 19:48;No;LP;FCCB;5;Bomba
LP - FCCB - FRACC R5;118577;J-7120 AM;esta en Automatico?;15/6/2026 19:49;No;LP;FCCB;5;Bomba
LP - PLATFORMING - R2 (11 hs);117540;HORNO B-1905;Se encuentran todos los pilotos encendidos?;13/6/2026 11:14;No;LP;PLATFORMING;2;Horno
LP - ISOHTNCA - R 4 (05:30 hs);117805;LUBRIMIST PENEX;La luz verde se encuentra encendida?;14/6/2026 05:43;No;LP;ISOHTNCA;4;Sin clasificar
LP - ISOHTNCA - R 4 (05:30 hs);117805;J-1760 M;Se observa correcta circulacion de fluidos (plan API)?;14/6/2026 05:48;No;LP;ISOHTNCA;4;Bomba
LP - ISOHTNCA - R 4 (05:30 hs);117805;J-1760 AM;Se observa correcta circulacion de fluidos (plan API)?;14/6/2026 05:47;No;LP;ISOHTNCA;4;Bomba
LP - CENTRAL II - Salida 1;118631;J-2106 AT;El visor de aceite de niebla esta vacio?;15/6/2026 20:15;No;LP;CENTRAL II;1;Bomba
LP - CENTRAL II - Salida 1;118631;J-2106 AT;La presion diferencial del filtro es menor a 500 g?;15/6/2026 20:15;No;LP;CENTRAL II;1;Bomba
LP - CENTRAL II - Salida 1;118631;J-2106 AM;El visor de aceite de niebla esta vacio?;15/6/2026 20:12;No;LP;CENTRAL II;1;Bomba
LP - CENTRAL II - Salida 1;118631;J-2106 DM;El visor de aceite de niebla esta vacio?;15/6/2026 20:16;No;LP;CENTRAL II;1;Bomba
LP - CENTRAL II - Salida 1;118631;JV-2127 TR;La Presion diferencial de filtro de aceite es menor a 500 g?;15/6/2026 20:10;No;LP;CENTRAL II;1;Aero
LP - CENTRAL II - Salida 1;118631;TRINCHERAS;Hay ausencia de agua?;15/6/2026 20:17;No;LP;CENTRAL II;1;Sin clasificar
LP - AA - Rutina 1;118654;J-1304 AM;Se mantiene completo el LOTO?;15/6/2026 20:29;No;LP;AA;1;Bomba
LP - AA - Rutina 1;118654;J-1302 M;Se encuentra el calentamiento habilitado?;15/6/2026 20:28;No;LP;AA;1;Bomba
LP - AA - Rutina 1;118654;J-1303 M;la presion en el plan API se encuentra por encima de los 8 kg/cm2?;15/6/2026 20:27;No;LP;AA;1;Bomba
LP - AA - Rutina 1;118654;J-1303 AM;la presion en el plan API se encuentra por encima de los 8 kg/cm2?;15/6/2026 20:28;No;LP;AA;1;Bomba
LP - AA - Rutina 1;118654;J-1353 M;la presion en el plan API se encuentra por encima de los 8 kg/cm2?;15/6/2026 20:26;No;LP;AA;1;Bomba
LP - AA - Rutina 3;118657;CORRIENTE ALTOS FENOLES;Hay ausencia de HC?;15/6/2026 20:32;NO;LP;AA;3;Sin clasificar
LP - AA - Rutina 3;118657;CORRIENTE BAJOS FENOLES;Hay ausencia de HC?;15/6/2026 20:34;NO;LP;AA;3;Sin clasificar
LP - AA - Rutina 3;118657;TRINCHERAS CALLE 14 e/ 47 y 49;Hay ausencia de agua?;15/6/2026 20:35;NO;LP;AA;3;Sin clasificar
LP - AA - Rutina 4;118658;RECINTO DE TANQUE 1300;Hay ausencia de MALEZA?;15/6/2026 20:37;No;LP;AA;4;Tanque
LP - AA - Rutina 4;118658;RESCINTO DE TANQUE 1301;Hay ausencia de Maleza?;15/6/2026 20:39;No;LP;AA;4;Tanque
LP - AA - Rutina 4;118658;RESCINTO DE TANQUE 1301;Se encuentran las camaras/rejillas destapadas y en condiciones?;15/6/2026 20:39;No;LP;AA;4;Tanque
LP - BLENDING - Op Sala LUB 0530;115077;ILUMINACION;La iluminacion es correcta?;9/6/2026 01:17;No;LP;BLENDING;0530;Sin clasificar
LP - BLENDING - Op Sala LUB 0530;115077;ILUMINACION;La iluminacion es correcta?;9/6/2026 01:17;No;LP;BLENDING;0530;Sin clasificar
LP - BLENDING - Sala K13 Salida 1930;118665;J-2014 M;Se mantiene completo el LOTO?;15/6/2026 20:47;No;LP;BLENDING;13;Bomba
LP - BLENDING - Sala K13 Salida 1930;118665;J-2014 AM;Se mantiene completo el LOTO?;15/6/2026 20:48;No;LP;BLENDING;13;Bomba
LP - BLENDING - Sala K13 Salida 1930;118665;J-2025 MR;Se mantiene completo el LOTO?;15/6/2026 20:47;No;LP;BLENDING;13;Bomba
LP - BLENDING - Sala K13 Salida 1930;118665;CALLE 39 ENTRE 14 Y 2;valvula esta cerrada?;15/6/2026 21:03;No;LP;BLENDING;13;Sin clasificar
LP - BLENDING - Sala K13 Salida 1930;118665;SENDA DE ESFERAS;valvula esta cerrada?;15/6/2026 21:04;No;LP;BLENDING;13;Sin clasificar
LP - CENTRAL II - Salida 4;118661;Q-2127;Se encuentran todos los pilotos encendidos?;15/6/2026 20:40;NO;LP;CENTRAL II;4;Sin clasificar
LP - CENTRAL II - Salida 4;118661;RUEDA LJUNGSTROM;El diferencial de filtro de la bomba de aceite es menor a 1 kg?;15/6/2026 20:40;NO;LP;CENTRAL II;4;Sin clasificar
LP - CENTRAL II - Salida 4;118661;RUEDA LJUNGSTROM;El nivel optico de domo es coincidente con la seal de sala?;15/6/2026 20:40;NO;LP;CENTRAL II;4;Sin clasificar
LP - CENTRAL II - Salida 4;118661;L-A-2103;El nivel optico es correcto?;15/6/2026 20:41;NO;LP;CENTRAL II;4;Sin clasificar
LP - Central II - Salida 2;118655;J-2709 M;El visor de aceite de niebla esta vacio?;15/6/2026 20:28;No;LP;Central II;2;Bomba
LP - Central II - Salida 2;118655;J-2709 AM;El visor de aceite de niebla esta vacio?;15/6/2026 20:28;No;LP;Central II;2;Bomba
LP - Central II - Salida 2;118655;J-2706 AM;El visor de aceite de niebla esta vacio?;15/6/2026 20:27;No;LP;Central II;2;Bomba
LP - Central II - Salida 2;118655;J-2706 BM;El visor de aceite de niebla esta vacio?;15/6/2026 20:27;No;LP;Central II;2;Bomba
LP CENTRAL II Salida 3;118649;J-2109 TR;El visor de aceite de niebla esta vacio?;15/6/2026 20:24;No;LP;CENTRAL II;3;Bomba
LP CENTRAL II Salida 3;118649;J-2109 TR;La presion diferencial del filtro es menor a 500 g?;15/6/2026 20:24;No;LP;CENTRAL II;3;Bomba
LP CENTRAL II Salida 3;118649;J-2109 M;El visor de aceite de niebla esta vacio?;15/6/2026 20:24;No;LP;CENTRAL II;3;Bomba
LP CENTRAL II Salida 3;118649;J-2109 AM;El visor de aceite de niebla esta vacio?;15/6/2026 20:24;No;LP;CENTRAL II;3;Bomba
LP CENTRAL II Salida 3;118649;J-2109 BM;El visor de aceite de niebla esta vacio?;15/6/2026 20:24;No;LP;CENTRAL II;3;Bomba
LP CENTRAL II Salida 3;118649;J-2109 CM;El visor de aceite de niebla esta vacio?;15/6/2026 20:24;No;LP;CENTRAL II;3;Bomba
LP CENTRAL II Salida 3;118649;JC-2702 M;La presion diferencial de filtro de aceite es menor a 500g?;15/6/2026 20:25;No;LP;CENTRAL II;3;Compresor
LP CENTRAL II Salida 3;118649;JC-2703 M;La presion diferencial de filtro de aceite es menor a 500g?;15/6/2026 20:25;No;LP;CENTRAL II;3;Compresor
LP CENTRAL II Salida 3;118649;JC-2704 M;La presion diferencial de filtro de aceite es menor a 500g?;15/6/2026 20:25;No;LP;CENTRAL II;3;Compresor
LP CENTRAL II Salida 3;118649;JC-2705 T;La presion diferencial de filtro de aceite es menor a 500g?;15/6/2026 20:26;No;LP;CENTRAL II;3;Compresor
LP - CKA - COMPRESORISTA;;J-306 BTN;Esta en Automatico?;15/6/2026 20:25;No;LP;CKA;#¡NUM!;Bomba
LP - CKA - COMPRESORISTA;;J-304 AMN;Hay ausencia de ruidos, vibraciones anormales y perdida de fluidos?;15/6/2026 20:38;No;LP;CKA;#¡NUM!;Bomba
LP - CKA - COMPRESORISTA;;J-358 BMN;Esta en Automatico?;15/6/2026 20:32;No;LP;CKA;#¡NUM!;Bomba
LP - CKA - COMPRESORISTA;;J-311 AMN;La presion de fluido barrera esta en 0 kg/cm2?;15/6/2026 20:27;No;LP;CKA;#¡NUM!;Bomba
LP - CKA - COMPRESORISTA;;J-315 BMN;La presion de fluido barrera esta en 0 kg/cm2?;15/6/2026 20:27;No;LP;CKA;#¡NUM!;Bomba
LP - PDA - Rutina 2 Operador PDA;118637;HORNO BA-201;El nivel del ha-201 se encuentra visible?;15/6/2026 20:14;No;LP;PDA;2;Horno
LP - PDA - Rutina 2 Operador PDA;118637;COMPRESOR JC-44201 MR;Hay ausencia de ruidos o vibraciones anormales?;15/6/2026 20:14;No;LP;PDA;2;Compresor
LP - PDA - Rutina 2 Operador PDA;118637;AEROENFRIADORES;JV-44230 M-Las correas se encuentran en buen estado?;15/6/2026 20:14;No;LP;PDA;2;Sin clasificar
LP - PDA - Rutina 2 Operador PDA;118637;AEROENFRIADORES;JV-44230 CM-Se mantiene completo el LOTO?;15/6/2026 20:15;No;LP;PDA;2;Sin clasificar
LP - PDA - Rutina 3 Operador PDA;118639;PDA DRENAJES;Hay ausencia de hidrocarburos?;15/6/2026 20:15;No;LP;PDA;3;Sin clasificar
LP - REDES - BBA FO Salida 1730;117997;J-61043;La asistencia de vapor esta habilitada?;14/6/2026 17:52;No;LP;REDES;1730;Bomba
LP - REDES - BBA FO Salida 1730;117997;J-61048 M;El nivel de aceite esta OK?;14/6/2026 17:52;No;LP;REDES;1730;Bomba
LP - REDES - BBA FO Salida 1730;117997;EA-100;El equipo se lavo en este turno a contra corriente?;14/6/2026 17:47;No;LP;REDES;1730;Sin clasificar
LP - REDES - API OESTE ANTORCHA;118674;J-60501 M;El prensa esta en condiciones?;15/6/2026 21:20;No;LP;REDES;#¡NUM!;Bomba
LP - REDES - API OESTE ANTORCHA;118674;J-61613 M;Se mantiene completo el LOTO?;15/6/2026 21:30;No;LP;REDES;#¡NUM!;Bomba
LP - REDES - API OESTE ANTORCHA;118674;J-61613 AM;Se mantiene completo el LOTO?;15/6/2026 21:31;No;LP;REDES;#¡NUM!;Bomba
LP - REDES - API OESTE ANTORCHA;118674;J-61614 M;Se mantiene completo el LOTO?;15/6/2026 21:31;No;LP;REDES;#¡NUM!;Bomba
LP - REDES - API OESTE ANTORCHA;118674;J-61614 AM;Se mantiene completo el LOTO?;15/6/2026 21:31;No;LP;REDES;#¡NUM!;Bomba
LP - REDES - API OESTE ANTORCHA;118674;JC-61600;Se mantiene completo el LOTO?;15/6/2026 21:32;No;LP;REDES;#¡NUM!;Compresor
LP - REDES - API OESTE ANTORCHA;118674;JC-61601;Se mantiene completo el LOTO?;15/6/2026 21:32;No;LP;REDES;#¡NUM!;Compresor
LP - REDES - Rutina TH;117974;J-22602 TR;el equipo se encuentra rotando?;14/6/2026 16:06;No;LP;REDES;#¡NUM!;Bomba
LP - REDES - Rutina TH;117974;JQ-22301 M;esta en automatico?;14/6/2026 16:22;No;LP;REDES;#¡NUM!;Bomba
LP - REDES - Rutina TH;117974;J-22303 TR;El aspecto del aceite esta correcto?;14/6/2026 16:24;No;LP;REDES;#¡NUM!;Bomba
LP - REDES - Rutina TH;117974;JQ-22303 M;Esta en automatico?;14/6/2026 16:24;No;LP;REDES;#¡NUM!;Bomba
LP - REDES - Rutina TH;117974;JQ-22304 M;esta en automatico?;14/6/2026 16:25;No;LP;REDES;#¡NUM!;Bomba
LP - REDES - Rutina TH;118620;J-22602 TR;el equipo se encuentra rotando?;15/6/2026 20:05;No;LP;REDES;#¡NUM!;Bomba
LP - TOPP C - Rutina 4;118664;HORNO BA 801;Se encuentran todos los pilotos encendidos?;15/6/2026 20:42;No;LP;TOPP C;4;Horno
LP - TOPP C - Rutina 4;118664;HORNO BA 801;Exceso de Oxigeno;15/6/2026 20:42;No;LP;TOPP C;4;Horno
LP - TOPP C - Rutina 4;118664;SENTINA COQUE A VIEJO;La J-370M se encuentra disponible?;15/6/2026 20:41;No;LP;TOPP C;4;Sin clasificar
LP - TOPP C - Rutina 5 Merichem;118647;J-861 M;Se mantiene completo el LOTO?;15/6/2026 20:24;No;LP;TOPP C;5;Bomba
LP - TOPP C - Rutina 5 Merichem;118647;J-863 M;Se mantiene completo el LOTO?;15/6/2026 20:24;No;LP;TOPP C;5;Bomba
LP - TOPP C - Rutina 5 Merichem;118647;J-865 M;Se mantiene completo el LOTO?;15/6/2026 20:24;No;LP;TOPP C;5;Bomba
LP - TOPP D - Rutina 1 Op B;118682;J-1865 M;La presion de fluido barrera esta por debajo de 0,200 kg/cm2?;15/6/2026 21:47;No;LP;TOPP D;1;Bomba
LP - Vaco LUB - Rutina 1 Operador;118626;J-43102 M;El visor de aceite de niebla esta vacio?;15/6/2026 20:09;No;LP;Vaco LUB;1;Bomba
LP - Vaco LUB - Rutina 1 Operador;118626;J-43102 T;Visualiza venteo de niebla?;15/6/2026 20:08;No;LP;Vaco LUB;1;Bomba
LP - Vaco LUB - Rutina 1 Operador;118626;J-43103 M;El visor de aceite de niebla esta vacio?;15/6/2026 20:07;No;LP;Vaco LUB;1;Bomba
LP - Vaco LUB - Rutina 1 Operador;118626;J-43103 AM;El visor de aceite de niebla esta vacio?;15/6/2026 20:08;No;LP;Vaco LUB;1;Bomba
LP - Vaco LUB - Rutina 1 Operador;118626;J-43103 AM;Se observa correcta circulacion de fluidos?;15/6/2026 20:08;No;LP;Vaco LUB;1;Bomba
LP - Vaco LUB - Rutina 1 Operador;118626;J-44113 M;El visor de aceite de niebla esta vacio?;15/6/2026 20:08;No;LP;Vaco LUB;1;Bomba
LP - Vaco LUB - Rutina 1 Operador;118626;J-44113 AM;El visor de aceite de niebla esta vacio?;15/6/2026 20:09;No;LP;Vaco LUB;1;Bomba
LP - Vaco LUB - Rutina 1 Operador;118626;J-44112 M;El visor de aceite de niebla esta vacio?;15/6/2026 20:09;No;LP;Vaco LUB;1;Bomba
LP - Vaco LUB - Rutina 1 Operador;118626;J-44112 AM;El visor de aceite de niebla esta vacio?;15/6/2026 20:09;No;LP;Vaco LUB;1;Bomba
LP - Vaco LUB - Rutina 1 Operador;118626;J-43101 M;El visor de aceite de niebla esta vacio?;15/6/2026 20:09;No;LP;Vaco LUB;1;Bomba
LP - Vaco LUB - Rutina 1 Operador;118626;J-43101 T;El visor de aceite de niebla esta vacio?;15/6/2026 20:10;No;LP;Vaco LUB;1;Bomba
LP - Vaco LUB - Rutina 1 Operador;118626;J-43108 MR;El visor de aceite de niebla esta vacio?;15/6/2026 20:10;No;LP;Vaco LUB;1;Bomba
LP - Vaco LUB - Rutina 1 Operador;118626;J-43108 T;El visor de aceite de niebla esta vacio?;15/6/2026 20:10;No;LP;Vaco LUB;1;Bomba
LP - Vaco LUB - Rutina 1 Operador;118626;J-43109 M;El visor de aceite de niebla esta vacio?;15/6/2026 20:10;No;LP;Vaco LUB;1;Bomba
LP - Vaco LUB - Rutina 1 Operador;118626;J-43109 AM;El visor de aceite de niebla esta vacio?;15/6/2026 20:11;No;LP;Vaco LUB;1;Bomba
LP - Vaco LUB - Rutina 1 Operador;118626;J-43104 M;El visor de aceite de niebla esta vacio?;15/6/2026 20:11;No;LP;Vaco LUB;1;Bomba
LP - Vaco LUB - Rutina 1 Operador;118626;J-43104 AM;El visor de aceite de niebla esta vacio?;15/6/2026 20:11;No;LP;Vaco LUB;1;Bomba
LP - Vaco LUB - Rutina 1 Operador;118626;J-43105 M;El visor de aceite de niebla esta vacio?;15/6/2026 20:11;No;LP;Vaco LUB;1;Bomba
LP - Vaco LUB - Rutina 1 Operador;118626;J-43106 AM;El visor de aceite de niebla esta vacio?;15/6/2026 20:12;No;LP;Vaco LUB;1;Bomba
LP - Vaco LUB - Rutina 1 Operador;118626;J-43107 M;El visor de aceite de niebla esta vacio?;15/6/2026 20:12;No;LP;Vaco LUB;1;Bomba
LP - Vaco LUB - Rutina 1 Operador;118626;J-43107 M;Se observa correcta circulacion de fluidos?;15/6/2026 20:12;No;LP;Vaco LUB;1;Bomba
LP - Vaco LUB - Rutina 1 Operador;118626;J-43110 M;El visor de aceite de niebla esta vacio?;15/6/2026 20:05;No;LP;Vaco LUB;1;Bomba
LP - Vaco LUB - Rutina 1 Operador;118626;J-43111 M;El visor de aceite de niebla esta vacio?;15/6/2026 20:06;No;LP;Vaco LUB;1;Bomba
LP - Vaco LUB - Rutina 1 Operador;118626;J-43111 AM;El visor de aceite de niebla esta vacio?;15/6/2026 20:06;No;LP;Vaco LUB;1;Bomba
LP - Vaco LUB - Rutina 1 Operador;118626;J-43114 M;El visor de aceite de niebla esta vacio?;15/6/2026 20:06;No;LP;Vaco LUB;1;Bomba
LP - Vaco LUB - Rutina 1 Operador;118626;J-43114 AM;El visor de aceite de niebla esta vacio?;15/6/2026 20:06;No;LP;Vaco LUB;1;Bomba
LP - Vaco LUB - Rutina 2 Operador;118638;QUEMADOR 1;Se encuentran todos los pilotos encendidos?;15/6/2026 20:12;No;LP;Vaco LUB;2;Sin clasificar
LP - Vaco LUB - Rutina 2 Operador;118638;QUEMADOR 2;Se encuentran todos los pilotos encendidos?;15/6/2026 20:12;No;LP;Vaco LUB;2;Sin clasificar
LP - Vaco LUB - Rutina 2 Operador;118638;QUEMADOR 3;Se encuentran todos los pilotos encendidos?;15/6/2026 20:12;No;LP;Vaco LUB;2;Sin clasificar
LP - Vaco LUB - Rutina 2 Operador;118638;QUEMADOR 4;Se encuentran todos los pilotos encendidos?;15/6/2026 20:12;No;LP;Vaco LUB;2;Sin clasificar
LP - Vaco LUB - Rutina 2 Operador;118638;QUEMADOR 5;Se encuentran todos los pilotos encendidos?;15/6/2026 20:13;No;LP;Vaco LUB;2;Sin clasificar
LP - Vaco LUB - Rutina 2 Operador;118638;QUEMADOR 6;Se encuentran todos los pilotos encendidos?;15/6/2026 20:13;No;LP;Vaco LUB;2;Sin clasificar
LP - Vaco LUB - Rutina 2 Operador;118638;QUEMADOR 7;Se encuentran todos los pilotos encendidos?;15/6/2026 20:13;No;LP;Vaco LUB;2;Sin clasificar
LP - Vaco LUB - Rutina 2 Operador;118638;QUEMADOR 8;Se encuentran todos los pilotos encendidos?;15/6/2026 20:13;No;LP;Vaco LUB;2;Sin clasificar
LP - VBCLAUS - Rutina 4;118612;VACIO B CANAL DE PUMP OUT;Hay ausencia de agua?;14/6/2026 16:33;NO;LP;VBCLAUS;4;Sin clasificar
PH - Refinacion - RE_A-10000_RC;118676;A-10000;Sedimentador con barros? (SI/NO);15/6/2026 21:04;No;PH;Refinacion;#¡NUM!;Sin clasificar
PH - Refinacion - RE_A-10000_RC;118676;A-10000;Australiano con barros? (SI/NO);15/6/2026 21:04;No;PH;Refinacion;#¡NUM!;Sin clasificar
LP - HTNCB - Rutina 1 (19:30 hs);;J-5601 B;esta habilitado el venteo a pump out del buffer?;15/6/2026 20:05;No;LP;HTNCB;1;Bomba
LP - HTNCB - Rutina 1 (19:30 hs);;J-5601 A;esta habilitado el venteo a pump out del buffer?;15/6/2026 20:06;No;LP;HTNCB;1;Bomba
LP - HTNCB - Rutina 1 (19:30 hs);;J-5612 B;Se observa pasaje en la descarga de la PSV?;15/6/2026 20:02;No;LP;HTNCB;1;Bomba
LP - HTNCB - Rutina 1 (19:30 hs);;J-5612 A;Se observa pasaje en la descarga de la PSV?;15/6/2026 20:01;No;LP;HTNCB;1;Bomba
LP - HTNCB - Rutina 1 (19:30 hs);;J-5608 B;esta habilitado el venteo a pump out del buffer?;15/6/2026 20:22;No;LP;HTNCB;1;Bomba
LP - HTNCB - Rutina 1 (19:30 hs);;J-5608 A;esta habilitado el venteo a pump out del buffer?;15/6/2026 20:22;No;LP;HTNCB;1;Bomba
LP - HTNCB - Rutina 1 (19:30 hs);;J-5608 A;La presion de buffer es menor a 6,8 BAR?;15/6/2026 20:22;No;LP;HTNCB;1;Bomba
LP - HTNCB - Rutina 1 (19:30 hs);;J-5607 B;esta habilitado el venteo a pump out del buffer?;15/6/2026 20:21;No;LP;HTNCB;1;Bomba
LP - HTNCB - Rutina 1 (19:30 hs);;J-5607 A;esta habilitado el venteo a pump out del buffer?;15/6/2026 20:20;No;LP;HTNCB;1;Bomba
LP - HTNCB - Rutina 1 (19:30 hs);;J-5605 B;esta habilitado el venteo a pump out del buffer?;15/6/2026 20:19;No;LP;HTNCB;1;Bomba
LP - HTNCB - Rutina 1 (19:30 hs);;J-5605 A;esta habilitado el venteo a pump out del buffer?;15/6/2026 20:19;No;LP;HTNCB;1;Bomba
LP - HTNCB - Rutina 1 (19:30 hs);;J-5606 B;esta habilitado el venteo a pump out del buffer?;15/6/2026 20:18;No;LP;HTNCB;1;Bomba
LP - HTNCB - Rutina 1 (19:30 hs);;J-5606 A;esta habilitado el venteo a pump out del buffer?;15/6/2026 20:17;No;LP;HTNCB;1;Bomba
LP - HTNCB - Rutina 1 (19:30 hs);;J-5603 B;esta habilitado el venteo a pump out del buffer?;15/6/2026 20:16;No;LP;HTNCB;1;Bomba
LP - HTNCB - Rutina 1 (19:30 hs);;J-5603 A;esta habilitado el venteo a pump out del buffer?;15/6/2026 20:16;No;LP;HTNCB;1;Bomba
LP - HTNCB - Rutina 1 (19:30 hs);;J-5602 B;esta habilitado el venteo a pump out del buffer?;15/6/2026 20:15;No;LP;HTNCB;1;Bomba
LP - HTNCB - Rutina 1 (19:30 hs);;J-5602 A;esta habilitado el venteo a pump out del buffer?;15/6/2026 20:15;No;LP;HTNCB;1;Bomba
LP - HTNCB - Rutina 1 (19:30 hs);;J-5620 A;Hay ausencia de perdida de fluidos?;15/6/2026 20:23;No;LP;HTNCB;1;Bomba
LP - ISOHTNCA - R 1 (19:30 hs);;F-1753;Esta abierta la H?;15/6/2026 20:31;No;LP;ISOHTNCA;1;Sin clasificar
LP - ISOHTNCA - R 1 (19:30 hs);;LUBRIMIST PENEX;La luz verde se encuentra encendida?;15/6/2026 20:31;No;LP;ISOHTNCA;1;Sin clasificar
LP - ISOHTNCA - R 1 (19:30 hs);;J-1760 M;Se observa correcta circulacion de fluidos (plan API)?;15/6/2026 20:38;No;LP;ISOHTNCA;1;Bomba
LP - ISOHTNCA - R 1 (19:30 hs);;J-1760 M;Se observa correcta circulacion de fluidos (plan API)?;15/6/2026 20:39;No;LP;ISOHTNCA;1;Bomba
LP - ISOHTNCA - R 1 (19:30 hs);;J-1760 AM;Se observa correcta circulacion de fluidos (plan API)?;15/6/2026 20:38;No;LP;ISOHTNCA;1;Bomba
LP - ISOHTNCA - R 1 (19:30 hs);;J-1701 M;Se observa correcta circulacion de fluidos (plan API)?;15/6/2026 20:42;No;LP;ISOHTNCA;1;Bomba
LP - ISOHTNCA - R 1 (19:30 hs);;J-1701 AM;Se observa correcta circulacion de fluidos (plan API)?;15/6/2026 20:42;No;LP;ISOHTNCA;1;Bomba
LP - ISOHTNCA - R 1 (19:30 hs);;J-1104 M;Hay ausencia de ruidos, vibraciones anormales o perdida de fluidos?;15/6/2026 20:21;No;LP;ISOHTNCA;1;Bomba
LP - ISOHTNCA - R 1 (19:30 hs);;J-1104 AM;Se mantiene completo el LOTO?;15/6/2026 20:24;No;LP;ISOHTNCA;1;Bomba
PH - Refinacion - RE_A-1000 RC;118650;API;Barredor de fondo disponible? (SI/NO);15/6/2026 20:21;No;PH;Refinacion;#¡NUM!;Sin clasificar
PH - Refinacion - RE_A-1000 RC;118650;API;Barredor de superficie disponible? (SI/NO);15/6/2026 20:21;No;PH;Refinacion;#¡NUM!;Sin clasificar
PH - Refinacion - RE_A-1000 RC;118650;DAF-1000;Barredor superficial disponible?;15/6/2026 20:24;No;PH;Refinacion;#¡NUM!;Sin clasificar
PH - Refinacion - RE_A-600 RC;118625;CALDERA B-601;Extraccion (SI/NO);15/6/2026 20:15;NO;PH;Refinacion;#¡NUM!;Sin clasificar
PH - Refinacion - RE_A-600 RC;118625;CALDERA B-602;Extraccion (SI/NO);15/6/2026 20:16;NO;PH;Refinacion;#¡NUM!;Sin clasificar
LP - PLATFORMING - R1 (19:30 hs);118614;J-1936 M;Esta en Automatico?;15/6/2026 19:55;No;LP;PLATFORMING;1;Bomba
QUIM - MTBE - Rutina Operador;118567;;Reprocesar O2100?;15/6/2026 19:52;No;QUIM;MTBE;#¡NUM!;Sin clasificar
QUIM - MTBE - Rutina Operador;118567;;Reprocesar O3650/51?;15/6/2026 19:52;No;QUIM;MTBE;#¡NUM!;Sin clasificar
QUIM - PAO - Servicios;117983;J2755 A;Ruidos?;14/6/2026 16:39;No;QUIM;PAO;#¡NUM!;Sin clasificar
QUIM - PAO - Servicios;118681;SERVICIOS;Transferir desde P2043 a O2381C;15/6/2026 21:38;No;QUIM;PAO;#¡NUM!;Sin clasificar
QUIM - PAO - Servicios;118681;SERVICIOS;Lavar linea desde J2041;15/6/2026 21:38;No;QUIM;PAO;#¡NUM!;Sin clasificar
LP - REDES - BBA FO Salida 1930;118629;J-61043;La asistencia de vapor esta habilitada?;15/6/2026 20:10;No;LP;REDES;1930;Bomba
LP - REDES - BBA FO Salida 1930;118629;J-61048 M;El nivel de aceite esta OK?;15/6/2026 20:10;No;LP;REDES;1930;Bomba
QUIM - MTBE - Rutina Operador;118714;;Habilitar FN2118 a P2002?;15/6/2026 23:07;No;QUIM;MTBE;#¡NUM!;Sin clasificar
QUIM - MTBE - Rutina Operador;118714;;Reprocesar O2100?;15/6/2026 23:36;No;QUIM;MTBE;#¡NUM!;Sin clasificar
QUIM - MTBE - Rutina Operador;118714;;Reprocesar O3650/51?;15/6/2026 23:36;No;QUIM;MTBE;#¡NUM!;Sin clasificar
QUIM - S100 - Recorrida de Planta;118521;RECORRIDA DE PLANTA;PUEDE AFIRMAR QUE NO HAY BY PASSES ABIERTOS?;15/6/2026 16:11;NO;QUIM;S100;#¡NUM!;Sin clasificar
QUIM - S100 - Recorrida de Planta;118521;RECORRIDA DE PLANTA;PUEDE ASEGURAR QUE NO HAYA PERDIDAS DE VAPOR?;15/6/2026 16:11;NO;QUIM;S100;#¡NUM!;Sin clasificar
QUIM - S100 - Recorrida de Planta;118666;RECORRIDA DE PLANTA;PUEDE AFIRMAR QUE NO HAY BY PASSES ABIERTOS?;15/6/2026 20:42;NO;QUIM;S100;#¡NUM!;Sin clasificar
QUIM - S100 - Recorrida de Planta;118666;RECORRIDA DE PLANTA;PUEDE ASEGURAR QUE NO HAYA PERDIDAS DE VAPOR?;15/6/2026 20:42;NO;QUIM;S100;#¡NUM!;Sin clasificar
QUIM - S100 - Recorrida de Planta;118666;RECORRIDA DE PLANTA;LOS VENTEOS A ANTORCHA SE ENCUENTRAN CERRADOS?;15/6/2026 20:42;NO;QUIM;S100;#¡NUM!;Sin clasificar
QUIM - S100 - HORNOS;118662;QUEMADOR N 3;Se encuentran todos los pilotos encendidos?;15/6/2026 20:41;NO;QUIM;S100;#¡NUM!;Sin clasificar
QUIM - S900 - Aero;118353;MM-902;MM-902-B ¿PUEDE RECONOCER RUIDOS EXTRAÑOS?;15/6/2026 08:39;No;QUIM;S900;#¡NUM!;Sin clasificar
QUIM - S900 - Aero;118353;MM-902;MM-902-B ¿HAY PÉRDIDAS?;15/6/2026 08:39;No;QUIM;S900;#¡NUM!;Sin clasificar
QUIM - S900 - Aero;118353;MM-902;MM-902-B ¿HAY FALTANTES?;15/6/2026 08:39;No;QUIM;S900;#¡NUM!;Sin clasificar
QUIM - S900 - Aero;118353;MM-902;MM-902-C ¿PUEDE RECONOCER RUIDOS EXTRAÑOS?;15/6/2026 08:39;No;QUIM;S900;#¡NUM!;Sin clasificar
QUIM - S900 - Aero;118353;MM-902;MM-902-C ¿HAY PÉRDIDAS?;15/6/2026 08:39;No;QUIM;S900;#¡NUM!;Sin clasificar
QUIM - S900 - Aero;118353;MM-902;MM-902-C ¿HAY FALTANTES?;15/6/2026 08:39;No;QUIM;S900;#¡NUM!;Sin clasificar
QUIM - S900 - Aero;118353;MM-902;MM-902-D ¿PUEDE RECONOCER RUIDOS EXTRAÑOS?;15/6/2026 08:39;No;QUIM;S900;#¡NUM!;Sin clasificar
QUIM - S900 - Aero;118353;MM-902;MM-902-D ¿HAY PÉRDIDAS?;15/6/2026 08:39;No;QUIM;S900;#¡NUM!;Sin clasificar
QUIM - S900 - Aero;118353;MM-902;MM-902-D ¿HAY FALTANTES?;15/6/2026 08:39;No;QUIM;S900;#¡NUM!;Sin clasificar
QUIM - S900 - Aero;118353;MM-902;MM-902-F ¿PUEDE RECONOCER RUIDOS EXTRAÑOS?;15/6/2026 08:39;No;QUIM;S900;#¡NUM!;Sin clasificar
QUIM - S900 - Aero;118353;MM-902;MM-902-F ¿HAY PÉRDIDAS?;15/6/2026 08:39;No;QUIM;S900;#¡NUM!;Sin clasificar
QUIM - S900 - Aero;118353;MM-902;MM-902-F ¿HAY FALTANTES?;15/6/2026 08:39;No;QUIM;S900;#¡NUM!;Sin clasificar
QUIM - S900 - Aero;118353;MM-902;MM-902-G ¿PUEDE RECONOCER RUIDOS EXTRAÑOS?;15/6/2026 08:40;No;QUIM;S900;#¡NUM!;Sin clasificar
QUIM - S900 - Aero;118353;MM-902;MM-902-G ¿HAY PÉRDIDAS?;15/6/2026 08:40;No;QUIM;S900;#¡NUM!;Sin clasificar
QUIM - S900 - Aero;118353;MM-902;MM-902-G ¿HAY FALTANTES?;15/6/2026 08:40;No;QUIM;S900;#¡NUM!;Sin clasificar
QUIM - S900 - Aero;118353;MM-902;MM-902-H ¿PUEDE RECONOCER RUIDOS EXTRAÑOS?;15/6/2026 08:40;No;QUIM;S900;#¡NUM!;Sin clasificar
QUIM - S900 - Aero;118353;MM-902;MM-902-H ¿HAY PÉRDIDAS?;15/6/2026 08:40;No;QUIM;S900;#¡NUM!;Sin clasificar
QUIM - S900 - Aero;118353;MM-902;MM-902-H ¿HAY FALTANTES?;15/6/2026 08:40;No;QUIM;S900;#¡NUM!;Sin clasificar
QUIM - S900 - Aero;118353;MM-902;MM-902-I ¿PUEDE RECONOCER RUIDOS EXTRAÑOS?;15/6/2026 08:40;No;QUIM;S900;#¡NUM!;Sin clasificar
QUIM - S900 - Aero;118353;MM-902;MM-902-I ¿HAY PÉRDIDAS?;15/6/2026 08:40;No;QUIM;S900;#¡NUM!;Sin clasificar
QUIM - S900 - Aero;118353;MM-902;MM-902-I ¿HAY FALTANTES?;15/6/2026 08:40;No;QUIM;S900;#¡NUM!;Sin clasificar
QUIM - S900 - Aero;118353;MM-902;MM-902-J ¿PUEDE RECONOCER RUIDOS EXTRAÑOS?;15/6/2026 08:40;No;QUIM;S900;#¡NUM!;Sin clasificar
QUIM - S900 - Aero;118353;MM-902;MM-902-J ¿HAY PÉRDIDAS?;15/6/2026 08:40;No;QUIM;S900;#¡NUM!;Sin clasificar
QUIM - S900 - Aero;118353;MM-902;MM-902-J ¿HAY FALTANTES?;15/6/2026 08:40;No;QUIM;S900;#¡NUM!;Sin clasificar
QUIM - S900 - Aero;118353;MM-902;MM-902-L ¿PUEDE RECONOCER RUIDOS EXTRAÑOS?;15/6/2026 08:40;No;QUIM;S900;#¡NUM!;Sin clasificar
QUIM - S900 - Aero;118353;MM-902;MM-902-L ¿HAY PÉRDIDAS?;15/6/2026 08:40;No;QUIM;S900;#¡NUM!;Sin clasificar
QUIM - S900 - Aero;118353;MM-902;MM-902-L ¿HAY FALTANTES?;15/6/2026 08:40;No;QUIM;S900;#¡NUM!;Sin clasificar
QUIM - S900 - Aero;118353;MM-904;MM-904-A ¿PUEDE RECONOCER RUIDOS EXTRAÑOS?;15/6/2026 08:40;No;QUIM;S900;#¡NUM!;Sin clasificar
QUIM - S900 - Aero;118353;MM-904;MM-904-A ¿HAY PÉRDIDAS?;15/6/2026 08:40;No;QUIM;S900;#¡NUM!;Sin clasificar
QUIM - S900 - Aero;118353;MM-904;MM-904-A ¿HAY FALTANTES?;15/6/2026 08:40;No;QUIM;S900;#¡NUM!;Sin clasificar
QUIM - S900 - Aero;118353;MM-904;MM-904-B ¿PUEDE RECONOCER RUIDOS EXTRAÑOS?;15/6/2026 08:40;No;QUIM;S900;#¡NUM!;Sin clasificar
QUIM - S900 - Aero;118353;MM-904;MM-904-B ¿HAY PÉRDIDAS?;15/6/2026 08:40;No;QUIM;S900;#¡NUM!;Sin clasificar
QUIM - S900 - Aero;118353;MM-904;MM-904-B ¿HAY FALTANTES?;15/6/2026 08:40;No;QUIM;S900;#¡NUM!;Sin clasificar
QUIM - S900 - Aero;118353;MM-906;MM-906-A ¿PUEDE RECONOCER RUIDOS EXTRAÑOS?;15/6/2026 08:38;No;QUIM;S900;#¡NUM!;Sin clasificar
QUIM - S900 - Aero;118353;MM-906;MM-906-A ¿HAY PÉRDIDAS?;15/6/2026 08:38;No;QUIM;S900;#¡NUM!;Sin clasificar
QUIM - S900 - Aero;118353;MM-906;MM-906-A ¿HAY FALTANTES?;15/6/2026 08:38;No;QUIM;S900;#¡NUM!;Sin clasificar
QUIM - S900 - Aero;118353;MM-906;MM-906-B ¿PUEDE RECONOCER RUIDOS EXTRAÑOS?;15/6/2026 08:38;No;QUIM;S900;#¡NUM!;Sin clasificar
QUIM - S900 - Aero;118353;MM-906;MM-906-B ¿HAY PÉRDIDAS?;15/6/2026 08:38;No;QUIM;S900;#¡NUM!;Sin clasificar
QUIM - S900 - Aero;118353;MM-906;MM-906-B ¿HAY FALTANTES?;15/6/2026 08:38;No;QUIM;S900;#¡NUM!;Sin clasificar
QUIM - S900 - Aero;118527;MM-902;MM-902-B PUEDE RECONOCER RUIDOS EXTRAOS?;15/6/2026 16:23;No;QUIM;S900;#¡NUM!;Sin clasificar
QUIM - S900 - Aero;118527;MM-902;MM-902-B HAY PRDIDAS?;15/6/2026 16:23;No;QUIM;S900;#¡NUM!;Sin clasificar
QUIM - S900 - Aero;118527;MM-902;MM-902-B HAY FALTANTES?;15/6/2026 16:23;No;QUIM;S900;#¡NUM!;Sin clasificar
QUIM - S900 - Aero;118527;MM-902;MM-902-C PUEDE RECONOCER RUIDOS EXTRAOS?;15/6/2026 16:24;No;QUIM;S900;#¡NUM!;Sin clasificar
QUIM - S900 - Aero;118527;MM-902;MM-902-C HAY PRDIDAS?;15/6/2026 16:24;No;QUIM;S900;#¡NUM!;Sin clasificar
QUIM - S900 - Aero;118527;MM-902;MM-902-C HAY FALTANTES?;15/6/2026 16:24;No;QUIM;S900;#¡NUM!;Sin clasificar
QUIM - S900 - Aero;118527;MM-902;MM-902-D HAY PRDIDAS?;15/6/2026 16:24;No;QUIM;S900;#¡NUM!;Sin clasificar
QUIM - S900 - Aero;118527;MM-902;MM-902-D HAY FALTANTES?;15/6/2026 16:24;No;QUIM;S900;#¡NUM!;Sin clasificar
QUIM - S900 - Aero;118527;MM-902;MM-902-F PUEDE RECONOCER RUIDOS EXTRAOS?;15/6/2026 16:24;No;QUIM;S900;#¡NUM!;Sin clasificar
QUIM - S900 - Aero;118527;MM-902;MM-902-F HAY PRDIDAS?;15/6/2026 16:24;No;QUIM;S900;#¡NUM!;Sin clasificar
QUIM - S900 - Aero;118527;MM-902;MM-902-F HAY FALTANTES?;15/6/2026 16:24;No;QUIM;S900;#¡NUM!;Sin clasificar
QUIM - S900 - Aero;118527;MM-902;MM-902-G PUEDE RECONOCER RUIDOS EXTRAOS?;15/6/2026 16:24;No;QUIM;S900;#¡NUM!;Sin clasificar
QUIM - S900 - Aero;118527;MM-902;MM-902-G HAY PRDIDAS?;15/6/2026 16:24;No;QUIM;S900;#¡NUM!;Sin clasificar
QUIM - S900 - Aero;118527;MM-902;MM-902-G HAY FALTANTES?;15/6/2026 16:24;No;QUIM;S900;#¡NUM!;Sin clasificar
QUIM - S900 - Aero;118527;MM-902;MM-902-H PUEDE RECONOCER RUIDOS EXTRAOS?;15/6/2026 16:24;No;QUIM;S900;#¡NUM!;Sin clasificar
QUIM - S900 - Aero;118527;MM-902;MM-902-H HAY PRDIDAS?;15/6/2026 16:24;No;QUIM;S900;#¡NUM!;Sin clasificar
QUIM - S900 - Aero;118527;MM-902;MM-902-H HAY FALTANTES?;15/6/2026 16:24;No;QUIM;S900;#¡NUM!;Sin clasificar
QUIM - S900 - Aero;118527;MM-902;MM-902-I PUEDE RECONOCER RUIDOS EXTRAOS?;15/6/2026 16:24;No;QUIM;S900;#¡NUM!;Sin clasificar
QUIM - S900 - Aero;118527;MM-902;MM-902-I HAY PRDIDAS?;15/6/2026 16:24;No;QUIM;S900;#¡NUM!;Sin clasificar
QUIM - S900 - Aero;118527;MM-902;MM-902-I HAY FALTANTES?;15/6/2026 16:24;No;QUIM;S900;#¡NUM!;Sin clasificar
QUIM - S900 - Aero;118527;MM-902;MM-902-J PUEDE RECONOCER RUIDOS EXTRAOS?;15/6/2026 16:24;No;QUIM;S900;#¡NUM!;Sin clasificar
QUIM - S900 - Aero;118527;MM-902;MM-902-J HAY PRDIDAS?;15/6/2026 16:24;No;QUIM;S900;#¡NUM!;Sin clasificar
QUIM - S900 - Aero;118527;MM-902;MM-902-J HAY FALTANTES?;15/6/2026 16:24;No;QUIM;S900;#¡NUM!;Sin clasificar
QUIM - S900 - Aero;118527;MM-902;MM-902-L PUEDE RECONOCER RUIDOS EXTRAOS?;15/6/2026 16:25;No;QUIM;S900;#¡NUM!;Sin clasificar
QUIM - S900 - Aero;118527;MM-902;MM-902-L HAY PRDIDAS?;15/6/2026 16:25;No;QUIM;S900;#¡NUM!;Sin clasificar
QUIM - S900 - Aero;118527;MM-902;MM-902-L HAY FALTANTES?;15/6/2026 16:25;No;QUIM;S900;#¡NUM!;Sin clasificar
QUIM - S900 - Aero;118527;MM-904;MM-904-A HAY PRDIDAS?;15/6/2026 16:25;No;QUIM;S900;#¡NUM!;Sin clasificar
QUIM - S900 - Aero;118527;MM-904;MM-904-A HAY FALTANTES?;15/6/2026 16:25;No;QUIM;S900;#¡NUM!;Sin clasificar
QUIM - S900 - Aero;118527;MM-904;MM-904-B PUEDE RECONOCER RUIDOS EXTRAOS?;15/6/2026 16:25;No;QUIM;S900;#¡NUM!;Sin clasificar
QUIM - S900 - Aero;118527;MM-904;MM-904-B HAY PRDIDAS?;15/6/2026 16:25;No;QUIM;S900;#¡NUM!;Sin clasificar
QUIM - S900 - Aero;118527;MM-904;MM-904-B HAY FALTANTES?;15/6/2026 16:25;No;QUIM;S900;#¡NUM!;Sin clasificar
QUIM - S900 - Aero;118527;MM-906;MM-906-A PUEDE RECONOCER RUIDOS EXTRAOS?;15/6/2026 16:23;No;QUIM;S900;#¡NUM!;Sin clasificar
QUIM - S900 - Aero;118527;MM-906;MM-906-A HAY PRDIDAS?;15/6/2026 16:23;No;QUIM;S900;#¡NUM!;Sin clasificar
QUIM - S900 - Aero;118527;MM-906;MM-906-A HAY FALTANTES?;15/6/2026 16:23;No;QUIM;S900;#¡NUM!;Sin clasificar
QUIM - S900 - Aero;118527;MM-906;MM-906-B PUEDE RECONOCER RUIDOS EXTRAOS?;15/6/2026 16:23;No;QUIM;S900;#¡NUM!;Sin clasificar
QUIM - S900 - Aero;118527;MM-906;MM-906-B HAY PRDIDAS?;15/6/2026 16:23;No;QUIM;S900;#¡NUM!;Sin clasificar
QUIM - S900 - Aero;118527;MM-906;MM-906-B HAY FALTANTES?;15/6/2026 16:23;No;QUIM;S900;#¡NUM!;Sin clasificar
QUIM - S100 - Rotantes;118524;J-105 A;¿Esta colocada la chapa a pump out?;15/6/2026 16:17;NO;QUIM;S100;#¡NUM!;Bomba
QUIM - S100 - Rotantes;118524;J-105 B;¿Esta colocada la chapa a pump out?;15/6/2026 16:18;NO;QUIM;S100;#¡NUM!;Bomba
QUIM - S100 - Rotantes;118524;J-124 A;¿Esta colocada la chapa a pump out?;15/6/2026 16:16;NO;QUIM;S100;#¡NUM!;Bomba
QUIM - S100 - Rotantes;118524;J-124 B;¿Esta colocada la chapa a pump out?;15/6/2026 16:16;NO;QUIM;S100;#¡NUM!;Bomba
QUIM - S100 - Rotantes;118524;J-174 A;¿Esta colocada la chapa a pump out?;15/6/2026 16:15;NO;QUIM;S100;#¡NUM!;Bomba
QUIM - S100 - Rotantes;118524;J-174 B;¿Esta colocada la chapa a pump out?;15/6/2026 16:16;NO;QUIM;S100;#¡NUM!;Bomba
QUIM - S100 - Rotantes;118656;BM-121 (VENT L121) A;¿El fuelle se encuentra en buen estado?;15/6/2026 20:33;NO;QUIM;S100;#¡NUM!;Sin clasificar
QUIM - S100 - Rotantes;118656;J-122 A;¿Visualiza venteo de niebla?;15/6/2026 20:29;NO;QUIM;S100;#¡NUM!;Bomba
QUIM - S100 - Rotantes;118656;J-122 B;¿Visualiza venteo de niebla?;15/6/2026 20:29;NO;QUIM;S100;#¡NUM!;Bomba
QUIM - S100 - Rotantes;118656;J-105 A;¿Esta colocada la chapa a pump out?;15/6/2026 20:32;NO;QUIM;S100;#¡NUM!;Bomba
QUIM - S100 - Rotantes;118656;J-105 B;¿Esta colocada la chapa a pump out?;15/6/2026 20:33;NO;QUIM;S100;#¡NUM!;Bomba
QUIM - S100 - Rotantes;118656;J-124 A;¿Esta colocada la chapa a pump out?;15/6/2026 20:32;NO;QUIM;S100;#¡NUM!;Bomba
QUIM - S100 - Rotantes;118656;J-124 B;¿Esta colocada la chapa a pump out?;15/6/2026 20:32;NO;QUIM;S100;#¡NUM!;Bomba
QUIM - S100 - Rotantes;118656;J-159 A;¿Esta colocada la chapa a pump out?;15/6/2026 20:29;NO;QUIM;S100;#¡NUM!;Bomba
QUIM - S100 - Rotantes;118656;J-174 A;¿Esta colocada la chapa a pump out?;15/6/2026 20:31;NO;QUIM;S100;#¡NUM!;Bomba
QUIM - S100 - Rotantes;118656;J-174 B;¿Esta colocada la chapa a pump out?;15/6/2026 20:31;NO;QUIM;S100;#¡NUM!;Bomba
QUIM - S100 - Rotantes;118656;J-121 D;¿Esta colocada la chapa a pump out?;15/6/2026 20:31;NO;QUIM;S100;#¡NUM!;Bomba
QUIM - S900 - Bombas;118329;J-901-A;Existen perdidas de aceite?;15/6/2026 08:24;No;QUIM;S900;#¡NUM!;Bomba
QUIM - S900 - Bombas;118329;J-901-B;Existen perdidas de aceite?;15/6/2026 08:24;No;QUIM;S900;#¡NUM!;Bomba
QUIM - S900 - Bombas;118329;J-903-A;Presenta perdidas a atmosfera?;15/6/2026 08:26;No;QUIM;S900;#¡NUM!;Bomba
QUIM - S900 - Bombas;118329;J-903-B;Presenta perdidas a atmosfera?;15/6/2026 08:27;No;QUIM;S900;#¡NUM!;Bomba
QUIM - S900 - Bombas;118329;J-921-A;Presenta perdidas a atmosfera?;15/6/2026 08:28;No;QUIM;S900;#¡NUM!;Bomba
QUIM - S900 - Bombas;118329;J-921-B;Presenta perdidas a atmosfera?;15/6/2026 08:29;No;QUIM;S900;#¡NUM!;Bomba
QUIM - S900 - Bombas;118329;J-906-A;Presenta perdidas a atmosfera?;15/6/2026 08:28;No;QUIM;S900;#¡NUM!;Bomba
QUIM - S900 - Bombas;118329;J-906-B;Presenta perdidas a atmosfera?;15/6/2026 08:28;No;QUIM;S900;#¡NUM!;Bomba
QUIM - S900 - Bombas;118329;J-927;Existen perdidas de aceite?;15/6/2026 08:25;No;QUIM;S900;#¡NUM!;Bomba
QUIM - S900 - Bombas;118329;J-933-A;Todas las purgas se encuentran bloqueadas?;15/6/2026 08:25;No;QUIM;S900;#¡NUM!;Bomba
QUIM - S900 - Bombas;118329;J-933-B;Presenta perdidas a atmosfera?;15/6/2026 08:25;No;QUIM;S900;#¡NUM!;Bomba
QUIM - S900 - Bombas;118329;J-934-B;Presenta perdidas a atmosfera?;15/6/2026 08:26;No;QUIM;S900;#¡NUM!;Bomba
QUIM - S900 - Bombas;118329;J-934-B;Se encuentra en automatico?;15/6/2026 08:26;No;QUIM;S900;#¡NUM!;Bomba
QUIM - S900 - Bombas;118329;J-931-A;Presenta perdidas a atmosfera?;15/6/2026 08:23;No;QUIM;S900;#¡NUM!;Bomba
QUIM - S900 - Bombas;118329;J-931-B;Tubing de lubricacion por niebla cegado?;15/6/2026 08:23;No;QUIM;S900;#¡NUM!;Bomba
QUIM - S900 - Bombas;118329;B-921;Presenta perdidas a atmosfera?;15/6/2026 08:28;No;QUIM;S900;#¡NUM!;Sin clasificar
QUIM - S900 - Bombas;118329;B-922;La ventilacion del motor se encuentra libre de obstrucciones?;15/6/2026 08:32;No;QUIM;S900;#¡NUM!;Sin clasificar
QUIM - S900 - Bombas;118329;B-922;Presenta perdidas a atmosfera?;15/6/2026 08:32;No;QUIM;S900;#¡NUM!;Sin clasificar
QUIM - S900 - Bombas;118329;B-923;Presenta perdidas a atmosfera?;15/6/2026 08:34;No;QUIM;S900;#¡NUM!;Sin clasificar
QUIM - S900 - Bombas;118329;B-924;Presenta perdidas a atmosfera?;15/6/2026 08:35;No;QUIM;S900;#¡NUM!;Sin clasificar
QUIM - S900 - Bombas;118519;J-901-A;Existen perdidas de aceite?;15/6/2026 16:09;No;QUIM;S900;#¡NUM!;Bomba
QUIM - S900 - Bombas;118519;J-901-B;Existen perdidas de aceite?;15/6/2026 16:09;No;QUIM;S900;#¡NUM!;Bomba
QUIM - S900 - Bombas;118519;J-903-A;Presenta perdidas a atmosfera?;15/6/2026 16:11;No;QUIM;S900;#¡NUM!;Bomba
QUIM - S900 - Bombas;118519;J-903-B;Presenta perdidas a atmosfera?;15/6/2026 16:11;No;QUIM;S900;#¡NUM!;Bomba
QUIM - S900 - Bombas;118519;J-921-A;Presenta perdidas a atmosfera?;15/6/2026 16:13;No;QUIM;S900;#¡NUM!;Bomba
QUIM - S900 - Bombas;118519;J-921-B;Presenta perdidas a atmosfera?;15/6/2026 16:13;No;QUIM;S900;#¡NUM!;Bomba
QUIM - S900 - Bombas;118519;J-906-A;Presenta perdidas a atmosfera?;15/6/2026 16:12;No;QUIM;S900;#¡NUM!;Bomba
QUIM - S900 - Bombas;118519;J-906-B;Presenta perdidas a atmosfera?;15/6/2026 16:13;No;QUIM;S900;#¡NUM!;Bomba
QUIM - S900 - Bombas;118519;J-933-B;Presenta perdidas a atmosfera?;15/6/2026 16:10;No;QUIM;S900;#¡NUM!;Bomba
QUIM - S900 - Bombas;118519;J-934-B;Presenta perdidas a atmosfera?;15/6/2026 16:11;No;QUIM;S900;#¡NUM!;Bomba
QUIM - S900 - Bombas;118519;J-934-B;Se encuentra en automatico?;15/6/2026 16:11;No;QUIM;S900;#¡NUM!;Bomba
QUIM - S900 - Bombas;118519;B-921;Presenta perdidas a atmosfera?;15/6/2026 16:12;No;QUIM;S900;#¡NUM!;Sin clasificar
QUIM - S900 - Bombas;118519;B-923;Presenta perdidas a atmosfera?;15/6/2026 16:16;No;QUIM;S900;#¡NUM!;Sin clasificar
QUIM - S900 - Bombas;118519;B-924;Presenta perdidas a atmosfera?;15/6/2026 16:14;No;QUIM;S900;#¡NUM!;Sin clasificar
QUIM - S900 - Recorrida Planta;118361;RECORRIDA DE PLANTA;ES CORRECTO EL ORDEN Y LA LIMPIEZA?;15/6/2026 08:41;No;QUIM;S900;#¡NUM!;Sin clasificar
QUIM - S900 - Recorrida Planta;118361;RECORRIDA DE PLANTA;ES CORRECTA LA ILUMINACION?;15/6/2026 08:41;No;QUIM;S900;#¡NUM!;Sin clasificar
QUIM - S900 - Recorrida Planta;118361;RECORRIDA DE PLANTA;SE REALIZO EL PURGADO DE GREEN OIL EN GAS DE SELLO A V-902 LP?;15/6/2026 08:41;No;QUIM;S900;#¡NUM!;Sin clasificar
QUIM - S900 - Recorrida Planta;118361;RECORRIDA DE PLANTA;SE REALIZO EL PURGADO DE GREEN OIL EN GAS DE SELLO A V-902 HP?;15/6/2026 08:42;No;QUIM;S900;#¡NUM!;Sin clasificar
QUIM - S900 - Recorrida Planta;118361;RECORRIDA DE PLANTA;SE REALIZO EL PURGADO DE GREEN OIL EN O-905?;15/6/2026 08:42;No;QUIM;S900;#¡NUM!;Sin clasificar
QUIM - S900 - Recorrida Planta;118361;RECORRIDA DE PLANTA;SE REALIZO EL PURGADO DE GREEN OIL EN SALIDA PSA?;15/6/2026 08:42;No;QUIM;S900;#¡NUM!;Sin clasificar
QUIM - S900 - Recorrida Planta;118361;RECORRIDA DE PLANTA;HAY PRDIDAS DE VAPOR/CONDENSADO?;15/6/2026 08:42;No;QUIM;S900;#¡NUM!;Sin clasificar
QUIM - S900 - Recorrida Planta;118361;RECORRIDA DE PLANTA;HAY PRDIDAS DE HC?;15/6/2026 08:42;No;QUIM;S900;#¡NUM!;Sin clasificar
QUIM - S900 - Recorrida Planta;118361;RECORRIDA DE PLANTA;HAY EQUIPOS ABIERTOS?;15/6/2026 08:42;No;QUIM;S900;#¡NUM!;Sin clasificar
QUIM - S900 - Recorrida Planta;118361;RECORRIDA DE PLANTA;HAY VENTEOS A ANTORCHA ABIERTOS?;15/6/2026 08:42;No;QUIM;S900;#¡NUM!;Sin clasificar
QUIM - S900 - Recorrida Planta;118361;RECORRIDA DE PLANTA;ES CORRECTO EL ESTADO DE LOS TOMA MUESTRAS?;15/6/2026 08:42;No;QUIM;S900;#¡NUM!;Sin clasificar
LP - CENTRAL II - Salida 1;118725;J-2106 AT;El visor de aceite de niebla esta vacio?;16/6/2026 00:14;No;LP;CENTRAL II;1;Bomba
LP - CENTRAL II - Salida 1;118725;J-2106 AT;La presion diferencial del filtro es menor a 500 g?;16/6/2026 00:14;No;LP;CENTRAL II;1;Bomba
LP - CENTRAL II - Salida 1;118725;J-2106 AM;El visor de aceite de niebla esta vacio?;16/6/2026 00:14;No;LP;CENTRAL II;1;Bomba
LP - CENTRAL II - Salida 1;118725;J-2106 DM;El visor de aceite de niebla esta vacio?;16/6/2026 00:15;No;LP;CENTRAL II;1;Bomba
LP - CENTRAL II - Salida 1;118725;JV-2127 TR;La Presion diferencial de filtro de aceite es menor a 500 g?;16/6/2026 00:13;No;LP;CENTRAL II;1;Aero
LP - CENTRAL II - Salida 1;118725;TRINCHERAS;Hay ausencia de agua?;16/6/2026 00:15;No;LP;CENTRAL II;1;Sin clasificar
LP - Central II - Salida 2;118731;J-2709 M;El visor de aceite de niebla esta vacio?;16/6/2026 00:21;No;LP;Central II;2;Bomba
LP - Central II - Salida 2;118731;J-2709 AM;El visor de aceite de niebla esta vacio?;16/6/2026 00:21;No;LP;Central II;2;Bomba
LP - Central II - Salida 2;118731;J-2706 AM;El visor de aceite de niebla esta vacio?;16/6/2026 00:21;No;LP;Central II;2;Bomba
LP - Central II - Salida 2;118731;J-2706 BM;El visor de aceite de niebla esta vacio?;16/6/2026 00:21;No;LP;Central II;2;Bomba
LP CENTRAL II Salida 3;118726;J-2109 TR;El visor de aceite de niebla esta vacio?;16/6/2026 00:17;No;LP;CENTRAL II;3;Bomba
LP CENTRAL II Salida 3;118726;J-2109 TR;La presion diferencial del filtro es menor a 500 g?;16/6/2026 00:17;No;LP;CENTRAL II;3;Bomba
LP CENTRAL II Salida 3;118726;J-2109 M;El visor de aceite de niebla esta vacio?;16/6/2026 00:17;No;LP;CENTRAL II;3;Bomba
LP CENTRAL II Salida 3;118726;J-2109 AM;El visor de aceite de niebla esta vacio?;16/6/2026 00:17;No;LP;CENTRAL II;3;Bomba
LP CENTRAL II Salida 3;118726;J-2109 BM;El visor de aceite de niebla esta vacio?;16/6/2026 00:18;No;LP;CENTRAL II;3;Bomba
LP CENTRAL II Salida 3;118726;J-2109 CM;El visor de aceite de niebla esta vacio?;16/6/2026 00:18;No;LP;CENTRAL II;3;Bomba
LP CENTRAL II Salida 3;118726;JC-2702 M;La presion diferencial de filtro de aceite es menor a 500g?;16/6/2026 00:18;No;LP;CENTRAL II;3;Compresor
LP CENTRAL II Salida 3;118726;JC-2703 M;La presion diferencial de filtro de aceite es menor a 500g?;16/6/2026 00:18;No;LP;CENTRAL II;3;Compresor
LP CENTRAL II Salida 3;118726;JC-2704 M;La presion diferencial de filtro de aceite es menor a 500g?;16/6/2026 00:19;No;LP;CENTRAL II;3;Compresor
LP CENTRAL II Salida 3;118726;JC-2705 T;La presion diferencial de filtro de aceite es menor a 500g?;16/6/2026 00:19;No;LP;CENTRAL II;3;Compresor
LP MEK R1 Op Filtros 1;118741;J-404010 M;Se observa correcta circulacion de fluidos?;14/6/2026 19:26;No;None;None;#¡NUM!;Bomba
LP MEK R1 Op Filtros 1;118741;J-40412 M;Se observa correcta circulacion de fluidos?;14/6/2026 19:26;No;None;None;#¡NUM!;Bomba
LP MEK R1 Op Filtros 2;118744;J-40401 M;La presion de Nitrogeno es superior a 5 kg?;16/6/2026 00:25;No;None;None;#¡NUM!;Bomba
LP – MEK – R3 Op Filtros 1;118728;JF-40406 MR;¿Se observa correcta iluminacion?;13/6/2026 21:13;No;None;None;#¡NUM!;Filtro
LP – MEK – R3 Op Filtros 1;118728;JF-40410 MR;¿Se observa correcta iluminacion?;13/6/2026 21:13;No;None;None;#¡NUM!;Filtro
LP – MEK – R3 Op Filtros 1;118728;JF-40410 MR;¿El solvente frio esta habilitado?;13/6/2026 21:13;No;None;None;#¡NUM!;Filtro
LP – MEK – R3 Op Filtros 1;118728;JF-40412 MR;¿El solvente frio esta habilitado?;13/6/2026 21:13;No;None;None;#¡NUM!;Filtro
LP MEK R3 Op Filtros 1;118739;JF-40406 MR;La distancia de la cuchilla y el filtro esta correcta?;14/6/2026 19:18;No;None;None;#¡NUM!;Filtro
LP MEK R3 Op Filtros 1;118739;JF-40406 MR;Se observa correcta iluminacion?;14/6/2026 19:18;No;None;None;#¡NUM!;Filtro
LP MEK R3 Op Filtros 1;118739;JF-40410 MR;Se observa correcta iluminacion?;14/6/2026 19:17;No;None;None;#¡NUM!;Filtro
LP MEK R3 Op Filtros 1;118739;JF-40410 MR;El solvente frio esta habilitado?;14/6/2026 19:17;No;None;None;#¡NUM!;Filtro
LP MEK R3 Op Filtros 1;118739;JF-40412 MR;Se observa correcta iluminacion?;14/6/2026 19:17;No;None;None;#¡NUM!;Filtro
LP MEK R3 Op Filtros 1;118739;JF-40412 MR;El solvente frio esta habilitado?;14/6/2026 19:17;No;None;None;#¡NUM!;Filtro
LP MEK R2 Op Filtros 2;118742;JF-40407 MR;El solvente frio esta habilitado?;16/6/2026 00:21;No;None;None;#¡NUM!;Filtro
LP MEK R2 Op Filtros 2;118742;JF-40409 MR;Se observa correcta iluminacion?;16/6/2026 00:20;No;None;None;#¡NUM!;Filtro
LP MEK R2 Op Filtros 2;118742;JF-40409 MR;El solvente frio esta habilitado?;16/6/2026 00:21;No;None;None;#¡NUM!;Filtro
LP MEK R2 Op Filtros 2;118742;JF-40411 MR;Se observa correcta iluminacion?;16/6/2026 00:20;No;None;None;#¡NUM!;Filtro
LP MEK R2 Op Filtros 2;118742;JF-40411 MR;El solvente frio esta habilitado?;16/6/2026 00:20;No;None;None;#¡NUM!;Filtro
LP - BLENDING - Sala K13 Salida 2330;118753;TK-6821;La iluminacion del tanque es correcta?;16/6/2026 01:09;No;LP;BLENDING;13;Tanque
LP - BLENDING - Sala K13 Salida 2330;118753;TK-6822;La iluminacion del tanque es correcta?;16/6/2026 01:10;No;LP;BLENDING;13;Tanque
LC - FCC - B601;118278;;B601_QUEM1;15/6/2026 06:52;No;LC;FCC;601;Sin clasificar
LC - FCC - B601;118278;;B601_QUEM3;15/6/2026 06:52;No;LC;FCC;601;Sin clasificar
LC - FCC - B601;118278;;B601_QUEM4;15/6/2026 06:52;No;LC;FCC;601;Sin clasificar
LC - FCC - B601;118278;;B601_QUEM11;15/6/2026 06:52;No;LC;FCC;601;Sin clasificar
LP - REDES - OP K15 1930;118692;J-9002 M;Pare remoto en servicio?;15/6/2026 22:22;No;LP;REDES;15;Bomba
LP - REDES - OP K15 1930;118692;J-2031 B;El nivel de aceite esta OK?;15/6/2026 22:55;No;LP;REDES;15;Bomba
LP - REDES - OP K15 1930;118692;J-2031 B;Hay ausencia de perdida de fluidos?;15/6/2026 22:55;No;LP;REDES;15;Bomba
LP - TOPP D - Rutina 2 Op B;118685;DESALADOR FA-1801 A;Se realizo el barrido de fondo?;15/6/2026 21:50;No;LP;TOPP D;2;Sin clasificar
QUIM - PAO - SSAA Efluentes;118004;;Enviar purga de barros a piletas de secado;14/6/2026 18:05;No;QUIM;PAO;#¡NUM!;Sin clasificar
QUIM - PAO - SSAA Efluentes;118004;;Transferir P3201A a P2066;14/6/2026 18:05;No;QUIM;PAO;#¡NUM!;Sin clasificar
QUIM - PAO - SSAA Efluentes;118004;;Recirculado de barro se realizo (poner en marcha J3207 una vez por turno);14/6/2026 18:05;No;QUIM;PAO;#¡NUM!;Sin clasificar
LP - ISOHTNCA - R 2 (23 hs);118696;COMPRESORES HTNCA;Hay ausencia de alarmas en el tablero?;15/6/2026 22:43;No;LP;ISOHTNCA;2;Compresor
LP - PLATFORMING - R2 (23 hs);118697;HORNO B-1905;Se encuentran todos los pilotos encendidos?;15/6/2026 22:52;No;LP;PLATFORMING;2;Horno
LP - TOPPIV - Rutina 4;115103;DRENAJES;Hay ausencia de hidrocarburos?;9/6/2026 03:44;NO;LP;TOPPIV;4;Sin clasificar
LP - TOPPIV - Rutina 1;118761;J-1403 M;Se mantiene completo el LOTO?;16/6/2026 02:38;No;LP;TOPPIV;1;Bomba
LP - TOPPIV - Rutina 1;118761;J-1404 T;La presion de fluido barrera esta por encima de 10 kg/cm2?;16/6/2026 02:40;No;LP;TOPPIV;1;Bomba
LP - TOPPIV - Rutina 1;118761;J-1404 AT;La presion de fluido barrera esta por encima de 10 kg/cm2?;16/6/2026 02:40;No;LP;TOPPIV;1;Bomba
LP - TOPPIV - Rutina 3;118763;JC-1803 M;El caudal del fluido barrera (flotametro) es mayor a 0,4 m3/H?;16/6/2026 02:46;No;LP;TOPPIV;3;Compresor
LP - TOPPIV - Rutina 3;118763;JC-1803 AM;El diferencial de presion en el filtro de agua al cono es menor a 0,500 Kg/Cm2?;16/6/2026 02:46;No;LP;TOPPIV;3;Compresor
LP - TOPPIV - Rutina 3;118763;JC-1803 AM;El caudal de agua al sello es menor a 60 m3/H?;16/6/2026 02:46;No;LP;TOPPIV;3;Compresor
LP - TOPPIV - Rutina 3;118763;JC-1803 AM;El diferencial de presion en el filtro de agua al sello es menor a 0,500 Kg/Cm2?;16/6/2026 02:46;No;LP;TOPPIV;3;Compresor
LP - TOPPIV - Rutina 3;118763;JC-1803 AM;El caudal del fluido barrera (flotametro) es mayor a 0,4 m3/H?;16/6/2026 02:46;No;LP;TOPPIV;3;Compresor
LP - CENTRAL II - Salida 4;118738;Q-2127;Se encuentran todos los pilotos encendidos?;16/6/2026 00:24;NO;LP;CENTRAL II;4;Sin clasificar
LP - CENTRAL II - Salida 4;118738;RUEDA LJUNGSTROM;El diferencial de filtro de la bomba de aceite es menor a 1 kg?;16/6/2026 00:24;NO;LP;CENTRAL II;4;Sin clasificar
LP - CENTRAL II - Salida 4;118738;RUEDA LJUNGSTROM;El nivel optico de domo es coincidente con la seal de sala?;16/6/2026 00:24;NO;LP;CENTRAL II;4;Sin clasificar
LP - CENTRAL II - Salida 4;118738;L-A-2103;El nivel optico es correcto?;16/6/2026 00:24;NO;LP;CENTRAL II;4;Sin clasificar
LP - CENTRAL II - Salida 1;118766;J-2106 AT;El visor de aceite de niebla esta vacio?;16/6/2026 03:08;No;LP;CENTRAL II;1;Bomba
LP - CENTRAL II - Salida 1;118766;J-2106 AT;La presion diferencial del filtro es menor a 500 g?;16/6/2026 03:08;No;LP;CENTRAL II;1;Bomba
LP - CENTRAL II - Salida 1;118766;J-2106 AM;El visor de aceite de niebla esta vacio?;16/6/2026 03:07;No;LP;CENTRAL II;1;Bomba
LP - CENTRAL II - Salida 1;118766;J-2106 DM;El visor de aceite de niebla esta vacio?;16/6/2026 03:08;No;LP;CENTRAL II;1;Bomba
LP - CENTRAL II - Salida 1;118766;JV-2127 TR;La Presion diferencial de filtro de aceite es menor a 500 g?;16/6/2026 03:07;No;LP;CENTRAL II;1;Aero
LP - CENTRAL II - Salida 1;118766;TRINCHERAS;Hay ausencia de agua?;16/6/2026 03:08;No;LP;CENTRAL II;1;Sin clasificar
LP - Central II - Salida 2;118768;J-2709 M;El visor de aceite de niebla esta vacio?;16/6/2026 03:18;No;LP;Central II;2;Bomba
LP - Central II - Salida 2;118768;J-2709 AM;El visor de aceite de niebla esta vacio?;16/6/2026 03:19;No;LP;Central II;2;Bomba
LP - Central II - Salida 2;118768;J-2706 AM;El visor de aceite de niebla esta vacio?;16/6/2026 03:18;No;LP;Central II;2;Bomba
LP - Central II - Salida 2;118768;J-2706 BM;El visor de aceite de niebla esta vacio?;16/6/2026 03:18;No;LP;Central II;2;Bomba
LP CENTRAL II Salida 3;118767;J-2109 TR;El visor de aceite de niebla esta vacio?;16/6/2026 03:09;No;LP;CENTRAL II;3;Bomba
LP CENTRAL II Salida 3;118767;J-2109 TR;La presion diferencial del filtro es menor a 500 g?;16/6/2026 03:09;No;LP;CENTRAL II;3;Bomba
LP CENTRAL II Salida 3;118767;J-2109 M;El visor de aceite de niebla esta vacio?;16/6/2026 03:09;No;LP;CENTRAL II;3;Bomba
LP CENTRAL II Salida 3;118767;J-2109 AM;El visor de aceite de niebla esta vacio?;16/6/2026 03:09;No;LP;CENTRAL II;3;Bomba
LP CENTRAL II Salida 3;118767;J-2109 BM;El visor de aceite de niebla esta vacio?;16/6/2026 03:09;No;LP;CENTRAL II;3;Bomba
LP CENTRAL II Salida 3;118767;J-2109 CM;El visor de aceite de niebla esta vacio?;16/6/2026 03:10;No;LP;CENTRAL II;3;Bomba
LP CENTRAL II Salida 3;118767;JC-2702 M;La presion diferencial de filtro de aceite es menor a 500g?;16/6/2026 03:10;No;LP;CENTRAL II;3;Compresor
LP CENTRAL II Salida 3;118767;JC-2703 M;La presion diferencial de filtro de aceite es menor a 500g?;16/6/2026 03:10;No;LP;CENTRAL II;3;Compresor
LP CENTRAL II Salida 3;118767;JC-2704 M;La presion diferencial de filtro de aceite es menor a 500g?;16/6/2026 03:11;No;LP;CENTRAL II;3;Compresor
LP CENTRAL II Salida 3;118767;JC-2705 T;La presion diferencial de filtro de aceite es menor a 500g?;16/6/2026 03:11;No;LP;CENTRAL II;3;Compresor
LP - FCCB - FRACC R4;118769;J-7109 AM;El flushing de GOP esta abierto al manometro?;15/6/2026 19:57;No;LP;FCCB;4;Bomba
LP - FCCB - FRACC R4;118769;J-7109 AM;Se encuentra en reserva la bomba auxiliar de aceite?;15/6/2026 19:57;No;LP;FCCB;4;Bomba
LP - AA - Rutina 2;118771;C-1355 B;Hay ausencia de perdidas de producto?;16/6/2026 03:53;NO;LP;AA;2;Sin clasificar
LP - AA - Rutina 2;118771;C-1355 C;Hay ausencia de perdidas de producto?;16/6/2026 03:54;NO;LP;AA;2;Sin clasificar
LP - CENTRAL I - Salida 4;118778;Q2201 A;La purga continua esta habilitada?;16/6/2026 04:17;No;LP;CENTRAL I;4;Sin clasificar
LP - CENTRAL I - Salida 4;118778;Q2202 B;La purga continua esta habilitada?;16/6/2026 04:16;No;LP;CENTRAL I;4;Sin clasificar
LP - CENTRAL I - Salida 4;118778;Q2204 D;Se mantiene completo el LOTO?;16/6/2026 04:15;No;LP;CENTRAL I;4;Sin clasificar
LP - REDES - Rutina TH;118717;J-22602 TR;el equipo se encuentra rotando?;15/6/2026 23:38;No;LP;REDES;#¡NUM!;Bomba
LP - REDES - Rutina TH;118717;JQ-22301 M;esta en automatico?;15/6/2026 23:43;No;LP;REDES;#¡NUM!;Bomba
LP - REDES - Rutina TH;118717;J-22303 TR;El aspecto del aceite esta correcto?;15/6/2026 23:44;No;LP;REDES;#¡NUM!;Bomba
LP - REDES - Rutina TH;118717;JQ-22303 M;Esta en automatico?;15/6/2026 23:45;No;LP;REDES;#¡NUM!;Bomba
LP - REDES - Rutina TH;118717;JQ-22304 M;esta en automatico?;15/6/2026 23:46;No;LP;REDES;#¡NUM!;Bomba
QUIM - PAO - Servicios;118683;J2755 A;Ruidos?;15/6/2026 21:39;No;QUIM;PAO;#¡NUM!;Sin clasificar
QUIM - PAO - Servicios;118683;J2755 B;Ruidos?;15/6/2026 21:39;No;QUIM;PAO;#¡NUM!;Sin clasificar
LP - REDES - Rutina TH;118781;J-22602 TR;el equipo se encuentra rotando?;16/6/2026 05:36;No;LP;REDES;#¡NUM!;Bomba
LP - REDES - Rutina TH;118781;JQ-22301 M;esta en automatico?;16/6/2026 05:08;No;LP;REDES;#¡NUM!;Bomba
LP - REDES - Rutina TH;118781;J-22303 TR;El aspecto del aceite esta correcto?;16/6/2026 05:09;No;LP;REDES;#¡NUM!;Bomba
LP - REDES - Rutina TH;118781;JQ-22303 M;Esta en automatico?;16/6/2026 05:10;No;LP;REDES;#¡NUM!;Bomba
LP - REDES - Rutina TH;118781;JQ-22304 M;esta en automatico?;16/6/2026 05:11;No;LP;REDES;#¡NUM!;Bomba
LP - CENTRAL II - Salida 4;118770;Q-2127;Se encuentran todos los pilotos encendidos?;16/6/2026 03:20;NO;LP;CENTRAL II;4;Sin clasificar
LP - CENTRAL II - Salida 4;118770;RUEDA LJUNGSTROM;El diferencial de filtro de la bomba de aceite es menor a 1 kg?;16/6/2026 03:20;NO;LP;CENTRAL II;4;Sin clasificar
LP - CENTRAL II - Salida 4;118770;RUEDA LJUNGSTROM;El nivel optico de domo es coincidente con la seal de sala?;16/6/2026 03:20;NO;LP;CENTRAL II;4;Sin clasificar
LP - CENTRAL II - Salida 4;118770;L-A-2103;El nivel optico es correcto?;16/6/2026 03:20;NO;LP;CENTRAL II;4;Sin clasificar
QUIM - PAO - Servicios;118786;SERVICIOS;Transferir desde P2043 a O2381C;16/6/2026 05:42;No;QUIM;PAO;#¡NUM!;Sin clasificar
QUIM - PAO - Servicios;118786;SERVICIOS;Lavar linea desde J2041;16/6/2026 05:42;No;QUIM;PAO;#¡NUM!;Sin clasificar
QUIM - PAO - SSAA Efluentes;118734;;Pescar producto organico;16/6/2026 00:22;No;QUIM;PAO;#¡NUM!;Sin clasificar
QUIM - PAO - SSAA Efluentes;118734;;Enviar producto organica a slop via J3202;16/6/2026 00:22;No;QUIM;PAO;#¡NUM!;Sin clasificar
QUIM - PAO - SSAA Efluentes;118734;;Enviar purga de barros a piletas de secado;16/6/2026 00:24;No;QUIM;PAO;#¡NUM!;Sin clasificar
QUIM - PAO - SSAA Efluentes;118734;;Transferir P3201A a P2066;16/6/2026 00:24;No;QUIM;PAO;#¡NUM!;Sin clasificar
QUIM - PAO - SSAA Efluentes;118734;;Recirculado de barro se realizo (poner en marcha J3207 una vez por turno);16/6/2026 00:24;No;QUIM;PAO;#¡NUM!;Sin clasificar
LP - CENTRAL II - Salida 1;118791;J-2106 AT;El visor de aceite de niebla esta vacio?;16/6/2026 06:01;No;LP;CENTRAL II;1;Bomba
LP - CENTRAL II - Salida 1;118791;J-2106 AT;La presion diferencial del filtro es menor a 500 g?;16/6/2026 06:01;No;LP;CENTRAL II;1;Bomba
LP - CENTRAL II - Salida 1;118791;J-2106 AM;El visor de aceite de niebla esta vacio?;16/6/2026 06:01;No;LP;CENTRAL II;1;Bomba
LP - CENTRAL II - Salida 1;118791;J-2106 DM;El visor de aceite de niebla esta vacio?;16/6/2026 06:02;No;LP;CENTRAL II;1;Bomba
LP - CENTRAL II - Salida 1;118791;JV-2127 TR;La Presion diferencial de filtro de aceite es menor a 500 g?;16/6/2026 06:02;No;LP;CENTRAL II;1;Aero
LP - CENTRAL II - Salida 1;118791;TRINCHERAS;Hay ausencia de agua?;16/6/2026 06:03;No;LP;CENTRAL II;1;Sin clasificar
LP - Central II - Salida 2;118794;J-2709 M;El visor de aceite de niebla esta vacio?;16/6/2026 06:07;No;LP;Central II;2;Bomba
LP - Central II - Salida 2;118794;J-2709 AM;El visor de aceite de niebla esta vacio?;16/6/2026 06:07;No;LP;Central II;2;Bomba
LP - Central II - Salida 2;118794;J-2706 AM;El visor de aceite de niebla esta vacio?;16/6/2026 06:07;No;LP;Central II;2;Bomba
LP - Central II - Salida 2;118794;J-2706 BM;El visor de aceite de niebla esta vacio?;16/6/2026 06:07;No;LP;Central II;2;Bomba
LP CENTRAL II Salida 3;118792;J-2109 TR;El visor de aceite de niebla esta vacio?;16/6/2026 06:03;No;LP;CENTRAL II;3;Bomba
LP CENTRAL II Salida 3;118792;J-2109 TR;La presion diferencial del filtro es menor a 500 g?;16/6/2026 06:03;No;LP;CENTRAL II;3;Bomba
LP CENTRAL II Salida 3;118792;J-2109 M;El visor de aceite de niebla esta vacio?;16/6/2026 06:03;No;LP;CENTRAL II;3;Bomba
LP CENTRAL II Salida 3;118792;J-2109 AM;El visor de aceite de niebla esta vacio?;16/6/2026 06:03;No;LP;CENTRAL II;3;Bomba
LP CENTRAL II Salida 3;118792;J-2109 BM;El visor de aceite de niebla esta vacio?;16/6/2026 06:04;No;LP;CENTRAL II;3;Bomba
LP CENTRAL II Salida 3;118792;J-2109 CM;El visor de aceite de niebla esta vacio?;16/6/2026 06:04;No;LP;CENTRAL II;3;Bomba
LP CENTRAL II Salida 3;118792;JC-2702 M;La presion diferencial de filtro de aceite es menor a 500g?;16/6/2026 06:04;No;LP;CENTRAL II;3;Compresor
LP CENTRAL II Salida 3;118792;JC-2703 M;La presion diferencial de filtro de aceite es menor a 500g?;16/6/2026 06:04;No;LP;CENTRAL II;3;Compresor
LP CENTRAL II Salida 3;118792;JC-2704 M;La presion diferencial de filtro de aceite es menor a 500g?;16/6/2026 06:05;No;LP;CENTRAL II;3;Compresor
LP CENTRAL II Salida 3;118792;JC-2705 T;La presion diferencial de filtro de aceite es menor a 500g?;16/6/2026 06:05;No;LP;CENTRAL II;3;Compresor
LP - PTAI - Salida 4;118575;J-28078 M;El decantador esta libre de agua?;15/6/2026 19:32;No;LP;PTAI;4;Bomba
LP - PTAI - Salida 4;118575;J-28078 M;La aceitera esta con nivel?;15/6/2026 19:32;No;LP;PTAI;4;Bomba
LP - PTAI - Salida 4;118575;J-28078 M;La refrigeracion de la bomba circula correctamente?;15/6/2026 19:32;No;LP;PTAI;4;Bomba
LP - PTAI - Salida 4;118575;J-28078 AM;El decantador esta libre de agua?;15/6/2026 19:31;No;LP;PTAI;4;Bomba
LP - PTAI - Salida 4;118575;J-28078 AM;La aceitera esta con nivel?;15/6/2026 19:31;No;LP;PTAI;4;Bomba
LP - PTAI - Salida 4;118575;J-28078 AM;La refrigeracion de la bomba circula correctamente?;15/6/2026 19:31;No;LP;PTAI;4;Bomba
LP - PTAI - Salida 4;118575;J-28078 AM;Hay ausencia de perdida de fluidos?;15/6/2026 19:31;No;LP;PTAI;4;Bomba
LP - PTAI - Salida 4;118575;J-28079 M;El visor de aceite de niebla esta vacio?;15/6/2026 19:31;No;LP;PTAI;4;Bomba
LP - PTAI - Salida 4;118575;J-28079 AM;El visor de aceite de niebla esta vacio?;15/6/2026 19:32;No;LP;PTAI;4;Bomba
LP - PTAI - Salida 4;118575;J-28071 M;El visor de aceite de niebla esta vacio?;15/6/2026 19:32;No;LP;PTAI;4;Bomba
LP - PTAI - Salida 4;118575;J-28072 M;El visor de aceite de niebla esta vacio?;15/6/2026 19:32;No;LP;PTAI;4;Bomba
LP - PTAI - Salida 4;118575;J-28073 M;Visualiza venteo de niebla?;15/6/2026 19:32;No;LP;PTAI;4;Bomba
LP - PTAI - Salida 4;118575;J-28073 M;El decantador esta libre de agua?;15/6/2026 19:32;No;LP;PTAI;4;Bomba
LP - PTAI - Salida 4;118575;J-28073 M;La aceitera esta con nivel?;15/6/2026 19:32;No;LP;PTAI;4;Bomba
LP - PTAI - Salida 4;118575;J-28073 M;La refrigeracion de la bomba circula correctamente?;15/6/2026 19:32;No;LP;PTAI;4;Bomba
LP - PTAI - Salida 4;118575;J-28074 M;El decantador esta libre de agua?;15/6/2026 19:33;No;LP;PTAI;4;Bomba
LP - PTAI - Salida 4;118575;J-28074 M;La aceitera esta con nivel?;15/6/2026 19:33;No;LP;PTAI;4;Bomba
LP - PTAI - Salida 4;118575;J-28074 M;La refrigeracion de la bomba circula correctamente?;15/6/2026 19:33;No;LP;PTAI;4;Bomba
LP - PTAI - Salida 4;118575;J-28074 AM;El decantador esta libre de agua?;15/6/2026 19:33;No;LP;PTAI;4;Bomba
LP - PTAI - Salida 4;118575;J-28074 AM;La aceitera esta con nivel?;15/6/2026 19:33;No;LP;PTAI;4;Bomba
LP - PTAI - Salida 4;118575;J-28074 AM;La refrigeracion de la bomba circula correctamente?;15/6/2026 19:33;No;LP;PTAI;4;Bomba
LP - PTAI - Salida 3;118799;J-28082 M;El visor de aceite de niebla esta vacio?;16/6/2026 06:24;No;LP;PTAI;3;Bomba
LP - PTAI - Salida 3;118799;J-28082 AM;El visor de aceite de niebla esta vacio?;16/6/2026 06:24;No;LP;PTAI;3;Bomba
LP - PTAI - Salida 1;118801;J-2301 M;El visor de aceite esta vacio?;16/6/2026 06:29;No;LP;PTAI;1;Bomba
LP - PTAI - Salida 1;118801;J-2301 BM;El visor de aceite esta vacio?;16/6/2026 06:29;No;LP;PTAI;1;Bomba
LP - PTAI - Salida 1;118801;J-2301 CM;El visor de aceite esta vacio?;16/6/2026 06:29;No;LP;PTAI;1;Bomba
LP - PTAI - Salida 1;118801;J-2302 AM;Hay ausencia de ruidos, vibraciones anormales y perdida de fluidos?;16/6/2026 06:28;No;LP;PTAI;1;Bomba
LP - PTAI - Salida 1;118801;J-2303 M;El visor de aceite de niebla esta vacio?;16/6/2026 06:30;No;LP;PTAI;1;Bomba
LP - PTAI - Salida 1;118801;J-2303 AM;El visor de aceite de niebla esta vacio?;16/6/2026 06:30;No;LP;PTAI;1;Bomba
LP - PTAI - Salida 1;118801;J-28023 M;El visor de aceite de niebla esta vacio?;16/6/2026 06:32;No;LP;PTAI;1;Bomba
LP - PTAI - Salida 1;118801;J-28024 M;El visor de aceite de niebla esta vacio?;16/6/2026 06:32;No;LP;PTAI;1;Bomba
LP - PTAI - Salida 1;118801;J-2306 M;El decantador esta libre de agua?;16/6/2026 06:30;No;LP;PTAI;1;Bomba
LP - PTAI - Salida 1;118801;J-2306 M;La aceitera esta con nivel?;16/6/2026 06:30;No;LP;PTAI;1;Bomba
LP - PTAI - Salida 1;118801;J-2306 AM;El decantador esta libre de agua?;16/6/2026 06:30;No;LP;PTAI;1;Bomba
LP - PTAI - Salida 1;118801;J-2306 AM;La aceitera esta con nivel?;16/6/2026 06:30;No;LP;PTAI;1;Bomba
LP - PTAI - Salida 2;118800;J-28003 M;El decantador esta libre de agua?;16/6/2026 06:25;No;LP;PTAI;2;Bomba
LP - PTAI - Salida 2;118800;J-28003 M;La aceitera esta con nivel?;16/6/2026 06:25;No;LP;PTAI;2;Bomba
LP - PTAI - Salida 2;118800;J-28003 M;La refrigeracion de la bomba circula correctamente?;16/6/2026 06:25;No;LP;PTAI;2;Bomba
LP - PTAI - Salida 2;118800;J-28004 M;El visor de aceite de niebla esta vacio?;16/6/2026 06:25;No;LP;PTAI;2;Bomba
LP - PTAI - Salida 2;118800;J-28005 M;La aceitera esta con nivel?;16/6/2026 06:25;No;LP;PTAI;2;Bomba
LP - PTAI - Salida 2;118800;J-28006 M;El decantador esta libre de agua?;16/6/2026 06:24;No;LP;PTAI;2;Bomba
LP - PTAI - Salida 2;118800;J-28006 M;La aceitera esta con nivel?;16/6/2026 06:24;No;LP;PTAI;2;Bomba
LP - PTAI - Salida 2;118800;J-28006 M;La refrigeracion de la bomba circula correctamente?;16/6/2026 06:24;No;LP;PTAI;2;Bomba
LP - PTAI - Salida 2;118800;J-28007 M;El decantador esta libre de agua?;16/6/2026 06:24;No;LP;PTAI;2;Bomba
LP - PTAI - Salida 2;118800;J-28007 M;La aceitera esta con nivel?;16/6/2026 06:24;No;LP;PTAI;2;Bomba
LP - PTAI - Salida 2;118800;J-28007 M;La refrigeracion de la bomba circula correctamente?;16/6/2026 06:24;No;LP;PTAI;2;Bomba
LP - PTAI - Salida 2;118800;J-28007 M;Hay ausencia de ruidos, vibraciones anormales y perdida de fluidos?;16/6/2026 06:24;No;LP;PTAI;2;Bomba
LP - PTAI - Salida 2;118800;J-28070 M;El decantador esta libre de agua?;16/6/2026 06:25;No;LP;PTAI;2;Bomba
LP - PTAI - Salida 2;118800;J-28070 M;La aceitera esta con nivel?;16/6/2026 06:25;No;LP;PTAI;2;Bomba
LP - PTAI - Salida 2;118800;J-28070 M;La refrigeracion de la bomba circula correctamente?;16/6/2026 06:25;No;LP;PTAI;2;Bomba
LP - PTAI - Salida 2;118800;J-28031 M;El visor de aceite de niebla esta vacio?;16/6/2026 06:24;No;LP;PTAI;2;Bomba
LP - PTAI - Salida 2;118800;J-28032 M;El decantador esta libre de agua?;16/6/2026 06:24;No;LP;PTAI;2;Bomba
LP - PTAI - Salida 2;118800;J-28032 M;La aceitera esta con nivel?;16/6/2026 06:24;No;LP;PTAI;2;Bomba
LP - PTAI - Salida 2;118800;J-28032 M;La refrigeracion de la bomba circula correctamente?;16/6/2026 06:24;No;LP;PTAI;2;Bomba
LP - REDES - BBA FO Salida 2330;118718;TK-6512;La iluminacion del tanque es correcta?;15/6/2026 23:37;No;LP;REDES;2330;Tanque
LP - REDES - BBA FO Salida 2330;118718;TK-6512;El pasto del recinto esta corto?;15/6/2026 23:37;No;LP;REDES;2330;Tanque
LP - REDES - BBA FO Salida 2330;118718;TK-6512;El tanque fue purgado en el turno?;15/6/2026 23:37;No;LP;REDES;2330;Tanque
LP - REDES - BBA FO Salida 2330;118718;TK-6508;La iluminacion del tanque es correcta?;15/6/2026 23:38;No;LP;REDES;2330;Tanque
LP - REDES - BBA FO Salida 2330;118718;TK-6509;El tanque fue purgado en el turno?;15/6/2026 23:38;No;LP;REDES;2330;Tanque
LP - REDES - OP K15 0530;118802;J-9002 M;Pare remoto en servicio?;16/6/2026 06:29;No;LP;REDES;15;Bomba
LP - REDES - OP K15 0530;118802;J-2031 B;El nivel de aceite esta OK?;16/6/2026 06:31;No;LP;REDES;15;Bomba
LP - REDES - OP K15 0530;118802;J-2031 B;Hay ausencia de perdida de fluidos?;16/6/2026 06:31;No;LP;REDES;15;Bomba
LP - REDES - OP K15 0530;118802;L-1057 / CALLE 102;La iluminacion es correcta?;16/6/2026 06:32;No;LP;REDES;15;Sin clasificar
LP - PTAI - Salida 1;118552;J-2301 M;El visor de aceite esta vacio?;15/6/2026 18:11;No;LP;PTAI;1;Bomba
LP - PTAI - Salida 1;118552;J-2301 BM;El visor de aceite esta vacio?;15/6/2026 18:10;No;LP;PTAI;1;Bomba
LP - PTAI - Salida 1;118552;J-2301 CM;El visor de aceite esta vacio?;15/6/2026 18:10;No;LP;PTAI;1;Bomba
LP - PTAI - Salida 1;118552;J-2303 M;El visor de aceite de niebla esta vacio?;15/6/2026 18:11;No;LP;PTAI;1;Bomba
LP - PTAI - Salida 1;118552;J-2303 AM;El visor de aceite de niebla esta vacio?;15/6/2026 18:11;No;LP;PTAI;1;Bomba
LP - PTAI - Salida 1;118552;J-28023 M;El visor de aceite de niebla esta vacio?;15/6/2026 18:04;No;LP;PTAI;1;Bomba
LP - PTAI - Salida 1;118552;J-28024 M;El visor de aceite de niebla esta vacio?;15/6/2026 18:04;No;LP;PTAI;1;Bomba
LP - PTAI - Salida 2;118805;J-28010;El visor de aceite de niebla esta vacio?;16/6/2026 06:45;No;LP;PTAI;2;Bomba
LP - PTAI - Salida 2;118805;J-28011;El visor de aceite de niebla esta vacio?;16/6/2026 06:45;No;LP;PTAI;2;Bomba
LP - PTAI - Salida 2;118805;J-28014;El decantador esta libre de agua?;16/6/2026 06:44;No;LP;PTAI;2;Bomba
LP - PTAI - Salida 2;118805;J-28014;La aceitera esta con nivel?;16/6/2026 06:44;No;LP;PTAI;2;Bomba
LP - PTAI - Salida 2;118805;J-28014;La refrigeracion de la bomba circula correctamente?;16/6/2026 06:44;No;LP;PTAI;2;Bomba
LP - PTAI - Salida 1;118807;J-2301 M;El visor de aceite esta vacio?;16/6/2026 07:14;No;LP;PTAI;1;Bomba
LP - PTAI - Salida 1;118807;J-2301 BM;El visor de aceite esta vacio?;16/6/2026 07:14;No;LP;PTAI;1;Bomba
LP - PTAI - Salida 1;118807;J-2301 CM;El visor de aceite esta vacio?;16/6/2026 07:14;No;LP;PTAI;1;Bomba
LP - PTAI - Salida 1;118807;J-2303 M;El visor de aceite de niebla esta vacio?;16/6/2026 07:15;No;LP;PTAI;1;Bomba
LP - PTAI - Salida 1;118807;J-2303 AM;El visor de aceite de niebla esta vacio?;16/6/2026 07:15;No;LP;PTAI;1;Bomba
LP - PTAI - Salida 1;118807;J-28023 M;El visor de aceite de niebla esta vacio?;16/6/2026 07:18;No;LP;PTAI;1;Bomba
LP - PTAI - Salida 1;118807;J-28024 M;El visor de aceite de niebla esta vacio?;16/6/2026 07:18;No;LP;PTAI;1;Bomba
LP - PTAI - Salida 2;118809;J-28003 M;¿El visor de aceite de niebla esta vacio?;16/6/2026 07:23;No;LP;PTAI;2;Bomba
LP - PTAI - Salida 2;118809;J-28004 M;¿El visor de aceite de niebla esta vacio?;16/6/2026 07:23;No;LP;PTAI;2;Bomba
LP - PTAI - Salida 2;118809;J-28031 M;¿El visor de aceite de niebla esta vacio?;16/6/2026 07:24;No;LP;PTAI;2;Bomba
LP - PTAI - Salida 2;118809;J-28032 M;¿La aceitera esta con nivel?;16/6/2026 07:24;No;LP;PTAI;2;Bomba
LP - PTAI - Salida 2;118813;J-28011;El visor de aceite de niebla esta vacio?;16/6/2026 07:28;No;LP;PTAI;2;Bomba
LP - PTAI - Salida 2;118813;J-28014;El visor de aceite de niebla esta vacio?;16/6/2026 07:28;No;LP;PTAI;2;Bomba
LP - PTAI - Salida 3;118812;J-28082 M;El visor de aceite de niebla esta vacio?;16/6/2026 07:25;No;LP;PTAI;3;Bomba
LP - PTAI - Salida 3;118812;J-28082 AM;El visor de aceite de niebla esta vacio?;16/6/2026 07:25;No;LP;PTAI;3;Bomba
LP - PLATFORMING - R4 (17:30 hs);118540;J-1911 M;Se encuentra el calentamiento habilitado?;15/6/2026 17:36;No;LP;PLATFORMING;4;Bomba
LP - PLATFORMING - R4 (17:30 hs);118540;J-1906 M;Esta habilitado el venteo a RV del buffer?;15/6/2026 17:38;No;LP;PLATFORMING;4;Bomba
LP - PLATFORMING - R4 (17:30 hs);118540;J-1906 M;Esta correcto el nivel de aceite de buffer?;15/6/2026 17:38;No;LP;PLATFORMING;4;Bomba
LP - PLATFORMING - R4 (17:30 hs);118540;J-1906 AM;Esta habilitado el venteo a RV del buffer?;15/6/2026 17:38;No;LP;PLATFORMING;4;Bomba
LP - PLATFORMING - R4 (17:30 hs);118540;J-1906 AM;Esta correcto el nivel de aceite de buffer?;15/6/2026 17:38;No;LP;PLATFORMING;4;Bomba
LP - PLATFORMING - R4 (17:30 hs);118540;J-1907 M;Se encuentra el calentamiento habilitado?;15/6/2026 17:38;No;LP;PLATFORMING;4;Bomba
LP - PLATFORMING - R4 (17:30 hs);118540;J-1903 AM;Se mantiene el calentamiento habilitado?;15/6/2026 17:40;No;LP;PLATFORMING;4;Bomba
LP - HTNCB - Rutina 4 (05:30 hs);118783;J-5601 B;esta habilitado el venteo a pump out del buffer?;16/6/2026 05:37;No;LP;HTNCB;4;Bomba
LP - HTNCB - Rutina 4 (05:30 hs);118783;J-5608 A;esta habilitado el venteo a pump out del buffer?;16/6/2026 05:47;No;LP;HTNCB;4;Bomba
LP - HTNCB - Rutina 4 (05:30 hs);118783;J-5608 A;La presion de buffer es menor a 6,8 BAR?;16/6/2026 05:47;No;LP;HTNCB;4;Bomba
LP - HTNCB - Rutina 4 (05:30 hs);118783;J-5607 A;esta habilitado el venteo a pump out del buffer?;16/6/2026 05:45;No;LP;HTNCB;4;Bomba
LP - HTNCB - Rutina 4 (05:30 hs);118783;J-5605 A;esta habilitado el venteo a pump out del buffer?;16/6/2026 05:44;No;LP;HTNCB;4;Bomba
LP - HTNCB - Rutina 4 (05:30 hs);118783;J-5606 A;esta habilitado el venteo a pump out del buffer?;16/6/2026 05:43;No;LP;HTNCB;4;Bomba
LP - HTNCB - Rutina 4 (05:30 hs);118783;J-5603 B;esta habilitado el venteo a pump out del buffer?;16/6/2026 05:42;No;LP;HTNCB;4;Bomba
LP - HTNCB - Rutina 4 (05:30 hs);118783;J-5602 A;esta habilitado el venteo a pump out del buffer?;16/6/2026 05:41;No;LP;HTNCB;4;Bomba
LP - CKB - R3 Camarista;118827;JV-510 CM;La grasera esta funcionando correctamente?;16/6/2026 08:01;No;LP;CKB;3;Aero
LP - CKB - R3 Camarista;118827;JV-510 CM;El nivel de la grasera es correcto?;16/6/2026 08:01;No;LP;CKB;3;Aero
LP - AA - Rutina 2;118874;C-1305 C;Hay ausencia de perdidas de producto?;16/6/2026 08:35;NO;LP;AA;2;Sin clasificar
LP - CKB - R2 Camarista;118846;J-512 A;El nivel de aceite es correcto?;16/6/2026 08:18;No;LP;CKB;2;Bomba
LP - CKB - R2 Camarista;118846;J-512 A;El aspecto del aceite esta correcto?;16/6/2026 08:18;No;LP;CKB;2;Bomba
LP - CKB - R2 Camarista;118846;J-512 A;La Presion de circuito de lubricacion es mayor a 4kg?;16/6/2026 08:18;No;LP;CKB;2;Bomba
LP - CKB - R2 Camarista;118846;J-512 A;La Presion diferencial de aceite es menor a 1 kg?;16/6/2026 08:18;No;LP;CKB;2;Bomba
LP - CKB - R2 Camarista;118846;J-512 A;Se encuentran frios los venteos de empaquetadura?;16/6/2026 08:18;No;LP;CKB;2;Bomba
LP - CKB - R2 Camarista;118846;J-512 A;Se encuentran purgados los acumuladores de camaras muertas?;16/6/2026 08:18;No;LP;CKB;2;Bomba
LP - CKB - R2 Camarista;118846;J-513;El nivel de aceite es correcto?;16/6/2026 08:18;No;LP;CKB;2;Bomba
LP - CKB - R2 Camarista;118846;J-513;El aspecto del aceite esta correcto?;16/6/2026 08:18;No;LP;CKB;2;Bomba
LP - CKB - R2 Camarista;118846;J-513;La Presion de circuito de lubricacion es mayor a 4kg?;16/6/2026 08:18;No;LP;CKB;2;Bomba
LP - CKB - R2 Camarista;118846;J-513;La Presion diferencial de aceite es menor a 1 kg?;16/6/2026 08:18;No;LP;CKB;2;Bomba
LP - CKB - R2 Camarista;118846;J-513;Se encuentran frios los venteos de empaquetadura?;16/6/2026 08:19;No;LP;CKB;2;Bomba
LP - CKB - R2 Camarista;118846;J-513;Se encuentran purgados los acumuladores de camaras muertas?;16/6/2026 08:19;No;LP;CKB;2;Bomba
LP - FCCB - FRACC R1;118820;J-7109 AM;El flushing de GOP esta abierto al manometro?;16/6/2026 08:23;No;LP;FCCB;1;Bomba
LP - FCCB - FRACC R1;118820;J-7109 AM;Se encuentra en reserva la bomba auxiliar de aceite?;16/6/2026 08:23;No;LP;FCCB;1;Bomba
LP - FCCB - FRACC R1;118820;J-7108 T;Visualiza venteo de niebla?;16/6/2026 08:20;No;LP;FCCB;1;Bomba
LP - FCCB - FRACC R1;118820;J-7108 M;Esta habilitado el flushing (GOP) a la bomba?;16/6/2026 08:19;No;LP;FCCB;1;Bomba
LP - FCCB - FRACC R1;118820;J-7107 M;Visualiza venteo de niebla?;16/6/2026 08:18;No;LP;FCCB;1;Bomba
LP - FCCB - FRACC R1;118820;J-7106 M;La refrigeracion de los sellos esta OK?;16/6/2026 08:07;No;LP;FCCB;1;Bomba
LP - FCCB - FRACC R1;118820;J-7103 M;La asistencia de vapor esta habilitada?;16/6/2026 08:04;No;LP;FCCB;1;Bomba
LP - FCCB - FRACC R1;118820;J-7103 AM;La refrigeracion de los sellos esta OK?;16/6/2026 08:05;No;LP;FCCB;1;Bomba
LP - FCCB - FRACC R1;118820;J-7103 AM;La asistencia de vapor esta habilitada?;16/6/2026 08:05;No;LP;FCCB;1;Bomba
LP - FCCB - FRACC R1;118820;J-7103 AM;La refrigeracion de la bomba circula correctamente?;16/6/2026 08:05;No;LP;FCCB;1;Bomba
LP - FCCB - FRACC R1;118820;J-7102 AM;La refrigeracion de los sellos esta OK?;16/6/2026 08:03;No;LP;FCCB;1;Bomba
LP - FCCB - FRACC R1;118820;J-7101 AM;La refrigeracion de los sellos esta OK?;16/6/2026 08:01;No;LP;FCCB;1;Bomba
LP - FCCB - FRACC R1;118820;J-7112 M;El visor de aceite de niebla esta vacio?;16/6/2026 08:08;No;LP;FCCB;1;Bomba
LP - FCCB - FRACC R1;118820;J-7112 M;La refrigeracion de la bomba circula correctamente?;16/6/2026 08:08;No;LP;FCCB;1;Bomba
LP - FCCB - FRACC R1;118820;J-7112 M;Esta habillitado el flushing (GOL) al sello?;16/6/2026 08:08;No;LP;FCCB;1;Bomba
LP - FCCB - FRACC R1;118820;J-7112 M;Hay ausencia de perdida de fluidos?;16/6/2026 08:09;No;LP;FCCB;1;Bomba
LP - FCCB - FRACC R1;118820;J-7112 AM;Visualiza venteo de niebla?;16/6/2026 08:10;No;LP;FCCB;1;Bomba
LP - FCCB - FRACC R1;118820;J-7120 M;esta en Automatico?;16/6/2026 08:13;No;LP;FCCB;1;Bomba
LP - FCCB - FRACC R1;118820;J-7120 AM;esta en Automatico?;16/6/2026 08:14;No;LP;FCCB;1;Bomba
LP - FCCB - FRACC R1;118820;J-7114 M;La refrigeracion de los sellos esta OK?;16/6/2026 08:15;No;LP;FCCB;1;Bomba
LP - FCCB - FRACC R1;118820;J-7114 M;Se observa correcta circulacion de fluidos (plan API)?;16/6/2026 08:15;No;LP;FCCB;1;Bomba
LP - FCCB - FRACC R1;118820;J-7114 AM;La refrigeracion de los sellos esta OK?;16/6/2026 08:15;No;LP;FCCB;1;Bomba
LP - FCCB - FRACC R1;118820;J-7114 AM;Se observa correcta circulacion de fluidos (plan API)?;16/6/2026 08:15;No;LP;FCCB;1;Bomba
LP - FCCB - FRACC R1;118820;J-7110 T;Se encuentra el calentamiento habilitado?;16/6/2026 07:57;No;LP;FCCB;1;Bomba
LP - FCCB - FRACC R1;118820;J-7110 T;La refrigeracion de los sellos esta OK?;16/6/2026 07:58;No;LP;FCCB;1;Bomba
LP - FCCB - GASCON R1 (07:30 Hs);118817;J-7151 M;Hay ausencia de perdida de fluidos?;16/6/2026 08:05;No;LP;FCCB;1;Bomba
LP - FCCB - GASCON R1 (07:30 Hs);118817;J-7152 M;El decantador esta libre de agua?;16/6/2026 08:12;No;LP;FCCB;1;Bomba
LP - FCCB - GASCON R1 (07:30 Hs);118817;J-7301 M;Hay ausencia de perdida de fluidos?;16/6/2026 08:30;No;LP;FCCB;1;Bomba
LP - TOPP C - Rutina 2;118871;JV-802;Se mantiene completo el LOTO?;16/6/2026 08:33;No;LP;TOPP C;2;Aero
LP - TOPP C - Rutina 2;118871;JV-805;Se mantiene completo el LOTO?;16/6/2026 08:32;No;LP;TOPP C;2;Aero
LP - TOPP C - Rutina 2;118871;JV-814;Se mantiene completo el LOTO?;16/6/2026 08:31;No;LP;TOPP C;2;Aero
LP - TOPP C - Rutina 2;118871;JV-819;Se mantiene completo el LOTO?;16/6/2026 08:31;No;LP;TOPP C;2;Aero
LP - TOPP C - Rutina 2;118871;JV-820;Se mantiene completo el LOTO?;16/6/2026 08:31;No;LP;TOPP C;2;Aero
LP - TOPP C - Rutina 1;118854;J-810 M;la refrigeracion a los sellos es menor a 60C?;16/6/2026 08:23;No;LP;TOPP C;1;Bomba
LP - TOPP C - Rutina 1;118854;J-807 M;la refrigeracion a los sellos es menor a 60C?;16/6/2026 08:23;No;LP;TOPP C;1;Bomba
LP - TOPP C - Rutina 1;118854;J-805 AM;la refrigeracion a los sellos es menor a 60C?;16/6/2026 08:25;No;LP;TOPP C;1;Bomba
LP - TOPP C - Rutina 1;118854;J-804 M;la refrigeracion a los sellos es menor a 60C?;16/6/2026 08:25;No;LP;TOPP C;1;Bomba
PH - Refinacion - RE_A-10000_RC;118876;A-10000;Australiano con barros? (SI/NO);16/6/2026 08:25;No;PH;Refinacion;#¡NUM!;Sin clasificar
PH - Refinacion - RE_A-1000 RC;118835;API;Barredor de fondo disponible? (SI/NO);16/6/2026 08:15;No;PH;Refinacion;#¡NUM!;Sin clasificar
PH - Refinacion - RE_A-1000 RC;118835;API;Barredor de superficie disponible? (SI/NO);16/6/2026 08:15;No;PH;Refinacion;#¡NUM!;Sin clasificar
LP - PLATFORMING - R1 (07:30 hs);118824;J-1911 M;Se encuentra el calentamiento habilitado?;16/6/2026 08:25;No;LP;PLATFORMING;1;Bomba
LP - PLATFORMING - R1 (07:30 hs);118824;J-1906 M;Esta habilitado el venteo a RV del buffer?;16/6/2026 08:26;No;LP;PLATFORMING;1;Bomba
LP - PLATFORMING - R1 (07:30 hs);118824;J-1906 M;Esta correcto el nivel de aceite de buffer?;16/6/2026 08:26;No;LP;PLATFORMING;1;Bomba
LP - PLATFORMING - R1 (07:30 hs);118824;J-1906 AM;Esta habilitado el venteo a RV del buffer?;16/6/2026 08:27;No;LP;PLATFORMING;1;Bomba
LP - PLATFORMING - R1 (07:30 hs);118824;J-1906 AM;Esta correcto el nivel de aceite de buffer?;16/6/2026 08:27;No;LP;PLATFORMING;1;Bomba
LP - PLATFORMING - R1 (07:30 hs);118824;J-1907 M;Se encuentra el calentamiento habilitado?;16/6/2026 08:27;No;LP;PLATFORMING;1;Bomba
LP - PLATFORMING - R1 (07:30 hs);118824;J-1903 AM;Se mantiene el calentamiento habilitado?;16/6/2026 08:29;No;LP;PLATFORMING;1;Bomba
LP - FURFURAL - Rutina 1;118894;J-45311 P;Se mantiene completo el LOTO?;16/6/2026 09:34;No;LP;FURFURAL;1;Bomba
LP - TOPP D - Rutina 2 Op A;117496;JV-1808 JM;Se mantiene completo el LOTO?;13/6/2026 09:25;No;LP;TOPP D;2;Aero
LP - TOPP D - Rutina 2 Op A;117496;JV-1808 IM;Se mantiene completo el LOTO?;13/6/2026 09:27;No;LP;TOPP D;2;Aero
LP - TOPP D - Rutina 2 Op A;117496;JV-1808 GM;Se mantiene completo el LOTO?;13/6/2026 09:28;No;LP;TOPP D;2;Aero
LP - TOPP D - Rutina 2 Op A;117496;JV-1815 M;Se mantiene completo el LOTO?;13/6/2026 09:25;No;LP;TOPP D;2;Aero
LP - FURFURAL - Rutina 2;118895;HORNO BA301;El exceso de Oxigeno se encuentra entre 3,5 - 5,5%;16/6/2026 09:34;NO;LP;FURFURAL;2;Horno
LP - FURFURAL - Rutina 2;118895;HORNO BA302;¿El exceso de O se encuentra entre 3,5-5,5%?;16/6/2026 09:35;NO;LP;FURFURAL;2;Horno
LP - TOPP D - Rutina 2 Op A;118898;JV-1808 JM;Se mantiene completo el LOTO?;16/6/2026 09:37;No;LP;TOPP D;2;Aero
LP - TOPP D - Rutina 2 Op A;118898;JV-1808 GM;Se mantiene completo el LOTO?;16/6/2026 09:40;No;LP;TOPP D;2;Aero
LP - TOPP D - Rutina 2 Op A;118898;JV-1815 M;Se mantiene completo el LOTO?;16/6/2026 09:37;No;LP;TOPP D;2;Aero
LP - Vacío LUB - Rutina 3 Operador;116140;DRENAJES;¿Hay ausencia de hidrocarburos?;10/6/2026 20:45;No;LP;Vacío LUB;3;Sin clasificar
LP - Vacío LUB - Rutina 3 Operador;116140;TRINCHERA CALLE 29;¿Hay ausencia de agua?;10/6/2026 20:45;No;LP;Vacío LUB;3;Sin clasificar
LP - Vacío LUB - Rutina 3 Operador;116140;TRINCHERA CALLE 29;¿Hay ausencia de hidrocarburos?;10/6/2026 20:45;No;LP;Vacío LUB;3;Sin clasificar
LP - Vacío LUB - Rutina 3 Operador;116140;TRINCHERA CALLE 18;¿Hay ausencia de agua?;10/6/2026 20:45;No;LP;Vacío LUB;3;Sin clasificar
LP - Vacío LUB - Rutina 3 Operador;116140;TRINCHERA CALLE 18;¿Hay ausencia de hidrocarburos?;10/6/2026 20:45;No;LP;Vacío LUB;3;Sin clasificar
LP - Vaco LUB - Rutina 1 Operador;118899;J-43103 AM;Se observa correcta circulacion de fluidos?;16/6/2026 09:45;No;LP;Vaco LUB;1;Bomba
LP - Vaco LUB - Rutina 1 Operador;118899;J-43107 M;Se observa correcta circulacion de fluidos?;16/6/2026 09:40;No;LP;Vaco LUB;1;Bomba
PH - Serv Aux - RO_Planta de Agua;118888;P1501A;P1501A - Condiciones operativas equipo OK;16/6/2026 09:24;No;PH;Serv Aux;#¡NUM!;Sin clasificar
PH - Serv Aux - RO_Planta de Agua;118888;P1501C;P1501C - Condiciones operativas equipo OK;16/6/2026 09:23;No;PH;Serv Aux;#¡NUM!;Sin clasificar
QUIM - S100 - Recorrida de Planta;118821;RECORRIDA DE PLANTA;PUEDE AFIRMAR QUE NO HAY BY PASSES ABIERTOS?;16/6/2026 07:54;NO;QUIM;S100;#¡NUM!;Sin clasificar
QUIM - S100 - Recorrida de Planta;118821;RECORRIDA DE PLANTA;PUEDE ASEGURAR QUE NO HAYA PERDIDAS DE VAPOR?;16/6/2026 07:55;NO;QUIM;S100;#¡NUM!;Sin clasificar
QUIM - S100 - Rotantes;118829;J-105 A;Esta colocada la chapa a pump out?;16/6/2026 08:01;NO;QUIM;S100;#¡NUM!;Bomba
QUIM - S100 - Rotantes;118829;J-105 B;Esta colocada la chapa a pump out?;16/6/2026 08:01;NO;QUIM;S100;#¡NUM!;Bomba
QUIM - S100 - Rotantes;118829;J-124 A;Esta colocada la chapa a pump out?;16/6/2026 08:00;NO;QUIM;S100;#¡NUM!;Bomba
QUIM - S100 - Rotantes;118829;J-124 B;Esta colocada la chapa a pump out?;16/6/2026 08:00;NO;QUIM;S100;#¡NUM!;Bomba
QUIM - S100 - Rotantes;118829;J-164 A;Se mantiene completo el LOTO?;16/6/2026 07:58;NO;QUIM;S100;#¡NUM!;Bomba
QUIM - S100 - Rotantes;118829;J-174 A;Esta colocada la chapa a pump out?;16/6/2026 08:00;NO;QUIM;S100;#¡NUM!;Bomba
QUIM - S100 - Rotantes;118829;J-174 B;Esta colocada la chapa a pump out?;16/6/2026 08:00;NO;QUIM;S100;#¡NUM!;Bomba
QUIM - S100 - Rotantes;118829;J-121 D;Esta colocada la chapa a pump out?;16/6/2026 08:02;NO;QUIM;S100;#¡NUM!;Bomba
QUIM - S900 - Aero;118832;MM-902;MM-902-B PUEDE RECONOCER RUIDOS EXTRAOS?;16/6/2026 08:11;No;QUIM;S900;#¡NUM!;Sin clasificar
QUIM - S900 - Aero;118832;MM-902;MM-902-B HAY PRDIDAS?;16/6/2026 08:11;No;QUIM;S900;#¡NUM!;Sin clasificar
QUIM - S900 - Aero;118832;MM-902;MM-902-B HAY FALTANTES?;16/6/2026 08:11;No;QUIM;S900;#¡NUM!;Sin clasificar
QUIM - S900 - Aero;118832;MM-902;MM-902-C PUEDE RECONOCER RUIDOS EXTRAOS?;16/6/2026 08:12;No;QUIM;S900;#¡NUM!;Sin clasificar
QUIM - S900 - Aero;118832;MM-902;MM-902-C HAY PRDIDAS?;16/6/2026 08:12;No;QUIM;S900;#¡NUM!;Sin clasificar
QUIM - S900 - Aero;118832;MM-902;MM-902-C HAY FALTANTES?;16/6/2026 08:12;No;QUIM;S900;#¡NUM!;Sin clasificar
QUIM - S900 - Aero;118832;MM-902;MM-902-D HAY PRDIDAS?;16/6/2026 08:12;No;QUIM;S900;#¡NUM!;Sin clasificar
QUIM - S900 - Aero;118832;MM-902;MM-902-D HAY FALTANTES?;16/6/2026 08:12;No;QUIM;S900;#¡NUM!;Sin clasificar
QUIM - S900 - Aero;118832;MM-902;MM-902-F PUEDE RECONOCER RUIDOS EXTRAOS?;16/6/2026 08:12;No;QUIM;S900;#¡NUM!;Sin clasificar
QUIM - S900 - Aero;118832;MM-902;MM-902-F HAY PRDIDAS?;16/6/2026 08:12;No;QUIM;S900;#¡NUM!;Sin clasificar
QUIM - S900 - Aero;118832;MM-902;MM-902-F HAY FALTANTES?;16/6/2026 08:12;No;QUIM;S900;#¡NUM!;Sin clasificar
QUIM - S900 - Aero;118832;MM-902;MM-902-G PUEDE RECONOCER RUIDOS EXTRAOS?;16/6/2026 08:12;No;QUIM;S900;#¡NUM!;Sin clasificar
QUIM - S900 - Aero;118832;MM-902;MM-902-G HAY PRDIDAS?;16/6/2026 08:12;No;QUIM;S900;#¡NUM!;Sin clasificar
QUIM - S900 - Aero;118832;MM-902;MM-902-G HAY FALTANTES?;16/6/2026 08:12;No;QUIM;S900;#¡NUM!;Sin clasificar
QUIM - S900 - Aero;118832;MM-902;MM-902-H PUEDE RECONOCER RUIDOS EXTRAOS?;16/6/2026 08:12;No;QUIM;S900;#¡NUM!;Sin clasificar
QUIM - S900 - Aero;118832;MM-902;MM-902-H HAY PRDIDAS?;16/6/2026 08:12;No;QUIM;S900;#¡NUM!;Sin clasificar
QUIM - S900 - Aero;118832;MM-902;MM-902-H HAY FALTANTES?;16/6/2026 08:12;No;QUIM;S900;#¡NUM!;Sin clasificar
QUIM - S900 - Aero;118832;MM-902;MM-902-I PUEDE RECONOCER RUIDOS EXTRAOS?;16/6/2026 08:12;No;QUIM;S900;#¡NUM!;Sin clasificar
QUIM - S900 - Aero;118832;MM-902;MM-902-I HAY PRDIDAS?;16/6/2026 08:12;No;QUIM;S900;#¡NUM!;Sin clasificar
QUIM - S900 - Aero;118832;MM-902;MM-902-I HAY FALTANTES?;16/6/2026 08:12;No;QUIM;S900;#¡NUM!;Sin clasificar
QUIM - S900 - Aero;118832;MM-902;MM-902-J PUEDE RECONOCER RUIDOS EXTRAOS?;16/6/2026 08:13;No;QUIM;S900;#¡NUM!;Sin clasificar
QUIM - S900 - Aero;118832;MM-902;MM-902-J HAY PRDIDAS?;16/6/2026 08:13;No;QUIM;S900;#¡NUM!;Sin clasificar
QUIM - S900 - Aero;118832;MM-902;MM-902-J HAY FALTANTES?;16/6/2026 08:13;No;QUIM;S900;#¡NUM!;Sin clasificar
QUIM - S900 - Aero;118832;MM-902;MM-902-L PUEDE RECONOCER RUIDOS EXTRAOS?;16/6/2026 08:13;No;QUIM;S900;#¡NUM!;Sin clasificar
QUIM - S900 - Aero;118832;MM-902;MM-902-L HAY PRDIDAS?;16/6/2026 08:13;No;QUIM;S900;#¡NUM!;Sin clasificar
QUIM - S900 - Aero;118832;MM-902;MM-902-L HAY FALTANTES?;16/6/2026 08:13;No;QUIM;S900;#¡NUM!;Sin clasificar
QUIM - S900 - Aero;118832;MM-904;MM-904-A HAY PRDIDAS?;16/6/2026 08:13;No;QUIM;S900;#¡NUM!;Sin clasificar
QUIM - S900 - Aero;118832;MM-904;MM-904-A HAY FALTANTES?;16/6/2026 08:13;No;QUIM;S900;#¡NUM!;Sin clasificar
QUIM - S900 - Aero;118832;MM-904;MM-904-B PUEDE RECONOCER RUIDOS EXTRAOS?;16/6/2026 08:13;No;QUIM;S900;#¡NUM!;Sin clasificar
QUIM - S900 - Aero;118832;MM-904;MM-904-B HAY PRDIDAS?;16/6/2026 08:13;No;QUIM;S900;#¡NUM!;Sin clasificar
QUIM - S900 - Aero;118832;MM-904;MM-904-B HAY FALTANTES?;16/6/2026 08:13;No;QUIM;S900;#¡NUM!;Sin clasificar
QUIM - S900 - Aero;118832;MM-906;MM-906-A PUEDE RECONOCER RUIDOS EXTRAOS?;16/6/2026 08:11;No;QUIM;S900;#¡NUM!;Sin clasificar
QUIM - S900 - Aero;118832;MM-906;MM-906-A HAY PRDIDAS?;16/6/2026 08:11;No;QUIM;S900;#¡NUM!;Sin clasificar
QUIM - S900 - Aero;118832;MM-906;MM-906-A HAY FALTANTES?;16/6/2026 08:11;No;QUIM;S900;#¡NUM!;Sin clasificar
